///////////////////////////////////////////////////////////////////////////////
// Alone In The Dark Re-Haunted
// Generated by tools/lang.py pack from Assets/lang - DO NOT EDIT
///////////////////////////////////////////////////////////////////////////////

extern const unsigned char embdata_PORTUGUE_PAK[] = {
    0x00, 0x00, 0x00, 0x00, 0x5C, 0x00, 0x00, 0x00, 0xF7, 0x12, 0x00, 0x00, 0x65, 0x14, 0x00, 0x00,
    0x58, 0x18, 0x00, 0x00, 0x6D, 0x1B, 0x00, 0x00, 0x7F, 0x2A, 0x00, 0x00, 0x79, 0x36, 0x00, 0x00,
    0x94, 0x3C, 0x00, 0x00, 0xA4, 0x50, 0x00, 0x00, 0xC6, 0x5A, 0x00, 0x00, 0x2C, 0x63, 0x00, 0x00,
    0xD5, 0x6A, 0x00, 0x00, 0xBE, 0x70, 0x00, 0x00, 0x4A, 0x79, 0x00, 0x00, 0x74, 0x7A, 0x00, 0x00,
    0x1A, 0x7E, 0x00, 0x00, 0x8A, 0x85, 0x00, 0x00, 0x26, 0x8A, 0x00, 0x00, 0xAB, 0x9D, 0x00, 0x00,
    0x8F, 0xA2, 0x00, 0x00, 0xF8, 0xA5, 0x00, 0x00, 0x72, 0xAC, 0x00, 0x00, 0x00, 0x00, 0x00, 0x00,
    0x8B, 0x12, 0x00, 0x00, 0x8B, 0x12, 0x00, 0x00, 0x00, 0x00, 0x00, 0x00, 0x40, 0x31, 0x3A, 0x41,
    0x6C, 0x6F, 0x6E, 0x65, 0x20, 0x69, 0x6E, 0x20, 0x74, 0x68, 0x65, 0x20, 0x44, 0x61, 0x72, 0x6B,
    0x0D, 0x0A, 0x40, 0x32, 0x3A, 0xA9, 0x31, 0x39, 0x39, 0x32, 0x20, 0x49, 0xFA, 0x4D, 0x6F, 0x74,
    0x69, 0x6F, 0x6E, 0x2F, 0x49, 0x6E, 0x66, 0x6F, 0x67, 0x72, 0x61, 0x6D, 0x65, 0x73, 0x0D, 0x0A,
    0x40, 0x35, 0x3A, 0x4D, 0x61, 0x6E, 0x69, 0x70, 0x20, 0x44, 0x65, 0x62, 0x75, 0x67, 0x0D, 0x0A,
    0x40, 0x36, 0x3A, 0x4D, 0x61, 0x6E, 0x69, 0x70, 0x20, 0x44, 0x65, 0x62, 0x75, 0x67, 0x20, 0x32,
    0x0D, 0x0A, 0x0D, 0x0A, 0x40, 0x31, 0x30, 0x3A, 0x56, 0x6F, 0x63, 0x88, 0x20, 0x6E, 0xC6, 0x6F,
    0x20, 0x70, 0x6F, 0x64, 0x65, 0x20, 0x63, 0x61, 0x72, 0x72, 0x65, 0x67, 0x61, 0x72, 0x20, 0x6D,
    0x61, 0x69, 0x73, 0x20, 0x6E, 0x61, 0x64, 0x61, 0x0D, 0x0A, 0x40, 0x31, 0x31, 0x3A, 0x43, 0x6F,
    0x6D, 0x65, 0x87, 0x61, 0x72, 0x20, 0x75, 0x6D, 0x20, 0x6E, 0x6F, 0x76, 0x6F, 0x20, 0x6A, 0x6F,
    0x67, 0x6F, 0x0D, 0x0A, 0x40, 0x31, 0x32, 0x3A, 0x43, 0x6F, 0x6E, 0x74, 0x69, 0x6E, 0x75, 0x61,
    0x72, 0x20, 0x75, 0x6D, 0x20, 0x6A, 0x6F, 0x67, 0x6F, 0x20, 0x73, 0x61, 0x6C, 0x76, 0x6F, 0x0D,
    0x0A, 0x40, 0x31, 0x33, 0x3A, 0x56, 0x6F, 0x6C, 0x74, 0x61, 0x72, 0x20, 0x61, 0x6F, 0x20, 0x44,
    0x4F, 0x53, 0x0D, 0x0A, 0x0D, 0x0A, 0x40, 0x31, 0x34, 0x3A, 0x53, 0x65, 0x6C, 0x65, 0x63, 0x69,
    0x6F, 0x6E, 0x65, 0x20, 0x6F, 0x73, 0x20, 0x6F, 0x62, 0x6A, 0x65, 0x74, 0x6F, 0x73, 0x20, 0x64,
    0x61, 0x20, 0x70, 0xA0, 0x67, 0x69, 0x6E, 0x61, 0x3A, 0x0D, 0x0A, 0x40, 0x31, 0x35, 0x3A, 0x53,
    0x65, 0x6C, 0x65, 0x87, 0xC6, 0x6F, 0x20, 0x65, 0x72, 0x72, 0x61, 0x64, 0x61, 0x21, 0x0D, 0x0A,
    0x0D, 0x0A, 0x40, 0x32, 0x30, 0x3A, 0x56, 0x6F, 0x63, 0x88, 0x20, 0x45, 0x6E, 0x63, 0x6F, 0x6E,
    0x74, 0x72, 0x61, 0x0D, 0x0A, 0x40, 0x32, 0x31, 0x3A, 0x44, 0x65, 0x69, 0x78, 0x61, 0x72, 0x0D,
    0x0A, 0x40, 0x32, 0x32, 0x3A, 0x50, 0x65, 0x67, 0x61, 0x72, 0x0D, 0x0A, 0x40, 0x32, 0x33, 0x3A,
    0x55, 0x73, 0x61, 0x72, 0x0D, 0x0A, 0x40, 0x32, 0x34, 0x3A, 0x43, 0x6F, 0x6D, 0x65, 0x72, 0x2F,
    0x42, 0x65, 0x62, 0x65, 0x72, 0x0D, 0x0A, 0x40, 0x32, 0x35, 0x3A, 0x4C, 0x65, 0x72, 0x0D, 0x0A,
    0x40, 0x32, 0x36, 0x3A, 0x52, 0x65, 0x63, 0x61, 0x72, 0x72, 0x65, 0x67, 0x61, 0x72, 0x0D, 0x0A,
    0x40, 0x32, 0x37, 0x3A, 0x4C, 0x75, 0x74, 0x61, 0x72, 0x0D, 0x0A, 0x40, 0x32, 0x38, 0x3A, 0x50,
    0x75, 0x6C, 0x61, 0x72, 0x0D, 0x0A, 0x40, 0x32, 0x39, 0x3A, 0x41, 0x62, 0x72, 0x69, 0x72, 0x2F,
    0x56, 0x61, 0x73, 0x63, 0x75, 0x6C, 0x68, 0x61, 0x72, 0x0D, 0x0A, 0x40, 0x33, 0x30, 0x3A, 0x46,
    0x65, 0x63, 0x68, 0x61, 0x72, 0x0D, 0x0A, 0x40, 0x33, 0x31, 0x3A, 0x45, 0x6D, 0x70, 0x75, 0x72,
    0x72, 0x61, 0x72, 0x0D, 0x0A, 0x40, 0x33, 0x32, 0x3A, 0x4C, 0x61, 0x6E, 0x87, 0x61, 0x72, 0x0D,
    0x0A, 0x40, 0x33, 0x33, 0x3A, 0x4C, 0x61, 0x72, 0x67, 0x61, 0x72, 0x2F, 0x50, 0x93, 0x72, 0x0D,
    0x0A, 0x0D, 0x0A, 0x40, 0x34, 0x30, 0x3A, 0x46, 0x69, 0x6D, 0x0D, 0x0A, 0x0D, 0x0A, 0x40, 0x34,
    0x31, 0x3A, 0x4D, 0xA3, 0x73, 0x69, 0x63, 0x61, 0x3A, 0x20, 0x4E, 0xC6, 0x6F, 0x0D, 0x0A, 0x40,
    0x34, 0x32, 0x3A, 0x4D, 0xA3, 0x73, 0x69, 0x63, 0x61, 0x3A, 0x20, 0x53, 0x69, 0x6D, 0x0D, 0x0A,
    0x40, 0x34, 0x33, 0x3A, 0x53, 0x6F, 0x6E, 0x73, 0x3A, 0x20, 0x4E, 0xC6, 0x6F, 0x0D, 0x0A, 0x40,
    0x34, 0x34, 0x3A, 0x53, 0x6F, 0x6E, 0x73, 0x3A, 0x20, 0x53, 0x69, 0x6D, 0x0D, 0x0A, 0x40, 0x34,
    0x35, 0x3A, 0x53, 0x61, 0x6C, 0x76, 0x61, 0x72, 0x20, 0x4A, 0x6F, 0x67, 0x6F, 0x0D, 0x0A, 0x40,
    0x34, 0x36, 0x3A, 0x43, 0x61, 0x72, 0x72, 0x65, 0x67, 0x61, 0x72, 0x20, 0x4A, 0x6F, 0x67, 0x6F,
    0x0D, 0x0A, 0x40, 0x34, 0x37, 0x3A, 0x53, 0x61, 0x69, 0x72, 0x0D, 0x0A, 0x40, 0x34, 0x38, 0x3A,
    0x56, 0x6F, 0x6C, 0x74, 0x61, 0x72, 0x20, 0x61, 0x6F, 0x20, 0x4A, 0x6F, 0x67, 0x6F, 0x0D, 0x0A,
    0x40, 0x34, 0x39, 0x3A, 0x44, 0x65, 0x74, 0x61, 0x6C, 0x68, 0x65, 0x73, 0x3A, 0x20, 0x42, 0x61,
    0x69, 0x78, 0x6F, 0x0D, 0x0A, 0x40, 0x35, 0x30, 0x3A, 0x44, 0x65, 0x74, 0x61, 0x6C, 0x68, 0x65,
    0x73, 0x3A, 0x20, 0x41, 0x6C, 0x74, 0x6F, 0x0D, 0x0A, 0x40, 0x35, 0x31, 0x3A, 0x4A, 0x6F, 0x67,
    0x6F, 0x20, 0x53, 0x61, 0x6C, 0x76, 0x6F, 0x0D, 0x0A, 0x40, 0x35, 0x32, 0x3A, 0x45, 0x72, 0x72,
    0x6F, 0x21, 0x20, 0x4A, 0x6F, 0x67, 0x6F, 0x20, 0x6E, 0xC6, 0x6F, 0x20, 0x73, 0x61, 0x6C, 0x76,
    0x6F, 0x0D, 0x0A, 0x0D, 0x0A, 0x40, 0x36, 0x30, 0x3A, 0x44, 0x65, 0x62, 0x75, 0x67, 0x20, 0x4D,
    0x61, 0x70, 0x0D, 0x0A, 0x40, 0x36, 0x31, 0x3A, 0x4F, 0x62, 0x6A, 0x20, 0x49, 0x6E, 0x66, 0x6F,
    0x73, 0x0D, 0x0A, 0x40, 0x36, 0x32, 0x3A, 0x4C, 0x69, 0x66, 0x65, 0x20, 0x54, 0x72, 0x61, 0x63,
    0x65, 0x20, 0x28, 0x6D, 0x74, 0x6C, 0x29, 0x0D, 0x0A, 0x40, 0x36, 0x33, 0x3A, 0x4F, 0x62, 0x6A,
    0x20, 0x5A, 0x56, 0x0D, 0x0A, 0x40, 0x36, 0x34, 0x3A, 0x57, 0x6F, 0x72, 0x6C, 0x64, 0x20, 0x5A,
    0x56, 0x73, 0x0D, 0x0A, 0x40, 0x36, 0x35, 0x3A, 0x46, 0x72, 0x61, 0x6D, 0x65, 0x20, 0x53, 0x70,
    0x65, 0x65, 0x64, 0x0D, 0x0A, 0x40, 0x36, 0x36, 0x3A, 0x41, 0x63, 0x74, 0x69, 0x76, 0x65, 0x20,
    0x4C, 0x69, 0x73, 0x74, 0x0D, 0x0A, 0x40, 0x36, 0x37, 0x3A, 0x53, 0x79, 0x73, 0x74, 0x65, 0x6D,
    0x20, 0x49, 0x6E, 0x66, 0x6F, 0x73, 0x0D, 0x0A, 0x40, 0x36, 0x38, 0x3A, 0x57, 0x6F, 0x72, 0x6C,
    0x64, 0x20, 0x49, 0x6E, 0x66, 0x6F, 0x73, 0x0D, 0x0A, 0x40, 0x36, 0x39, 0x3A, 0x56, 0x61, 0x72,
    0x73, 0x20, 0x4C, 0x69, 0x73, 0x74, 0x0D, 0x0A, 0x40, 0x37, 0x30, 0x3A, 0x4D, 0x6F, 0x76, 0x65,
    0x20, 0x4F, 0x62, 0x6A, 0x65, 0x63, 0x74, 0x73, 0x0D, 0x0A, 0x0D, 0x0A, 0x40, 0x31, 0x30, 0x30,
    0x3A, 0x4E, 0x61, 0x64, 0x61, 0x20, 0x69, 0x6D, 0x70, 0x6F, 0x72, 0x74, 0x61, 0x6E, 0x74, 0x65,
    0x21, 0x0D, 0x0A, 0x40, 0x31, 0x30, 0x31, 0x3A, 0x45, 0x73, 0x74, 0xA0, 0x20, 0x74, 0x72, 0x61,
    0x6E, 0x63, 0x61, 0x64, 0x6F, 0x21, 0x0D, 0x0A, 0x40, 0x31, 0x30, 0x32, 0x3A, 0x4E, 0x61, 0x64,
    0x61, 0x20, 0x61, 0x71, 0x75, 0x69, 0x21, 0x0D, 0x0A, 0x40, 0x31, 0x30, 0x33, 0x3A, 0x55, 0x6D,
    0x61, 0x20, 0x66, 0x6F, 0x74, 0x6F, 0x20, 0x64, 0x65, 0x20, 0x4A, 0x65, 0x72, 0x65, 0x6D, 0x79,
    0x20, 0x63, 0x6F, 0x6D, 0x20, 0x61, 0x20, 0x73, 0x6F, 0x62, 0x72, 0x69, 0x6E, 0x68, 0x61, 0x21,
    0x0D, 0x0A, 0x40, 0x31, 0x30, 0x34, 0x3A, 0x48, 0xA0, 0x20, 0x75, 0x6D, 0x20, 0x6D, 0x65, 0x63,
    0x61, 0x6E, 0x69, 0x73, 0x6D, 0x6F, 0x20, 0x61, 0x71, 0x75, 0x69, 0x21, 0x0D, 0x0A, 0x40, 0x31,
    0x30, 0x35, 0x3A, 0x45, 0x73, 0x74, 0x65, 0x20, 0x63, 0x93, 0x6D, 0x6F, 0x64, 0x6F, 0x20, 0x65,
    0x73, 0x74, 0xA0, 0x20, 0x6E, 0x6F, 0x20, 0x65, 0x73, 0x63, 0x75, 0x72, 0x6F, 0x21, 0x0D, 0x0A,
    0x40, 0x31, 0x30, 0x36, 0x3A, 0x56, 0x6F, 0x63, 0x88, 0x20, 0x73, 0x65, 0x20, 0x73, 0x65, 0x6E,
    0x74, 0x65, 0x20, 0x73, 0x65, 0x6D, 0x20, 0x66, 0x6F, 0x72, 0x87, 0x61, 0x73, 0x0D, 0x0A, 0x40,
    0x31, 0x30, 0x37, 0x3A, 0x4E, 0xC6, 0x6F, 0x20, 0x68, 0xA0, 0x20, 0x65, 0x73, 0x70, 0x61, 0x87,
    0x6F, 0x0D, 0x0A, 0x40, 0x31, 0x30, 0x38, 0x3A, 0x45, 0x6C, 0x65, 0x73, 0x20, 0x6E, 0xC6, 0x6F,
    0x20, 0x67, 0x6F, 0x73, 0x74, 0x61, 0x6D, 0x20, 0x64, 0x65, 0x73, 0x74, 0x61, 0x20, 0x6D, 0xA3,
    0x73, 0x69, 0x63, 0x61, 0x0D, 0x0A, 0x40, 0x31, 0x30, 0x39, 0x3A, 0x50, 0x65, 0x73, 0x61, 0x64,
    0x6F, 0x20, 0x64, 0x65, 0x6D, 0x61, 0x69, 0x73, 0x0D, 0x0A, 0x40, 0x31, 0x31, 0x30, 0x3A, 0x55,
    0x6D, 0x61, 0x20, 0x66, 0x6F, 0x74, 0x6F, 0x20, 0x64, 0x6F, 0x20, 0x74, 0x69, 0x6F, 0x20, 0x4A,
    0x65, 0x72, 0x65, 0x6D, 0x79, 0x20, 0x63, 0x6F, 0x6D, 0x69, 0x67, 0x6F, 0x21, 0x0D, 0x0A, 0x40,
    0x31, 0x31, 0x31, 0x3A, 0x4E, 0x61, 0x64, 0x61, 0x20, 0x69, 0x6D, 0x70, 0x6F, 0x72, 0x74, 0x61,
    0x6E, 0x74, 0x65, 0x20, 0x6E, 0x65, 0x73, 0x74, 0x61, 0x20, 0x65, 0x73, 0x74, 0x61, 0x6E, 0x74,
    0x65, 0x21, 0x0D, 0x0A, 0x40, 0x31, 0x31, 0x32, 0x3A, 0x53, 0x61, 0x69, 0x61, 0x20, 0x64, 0x61,
    0x71, 0x75, 0x69, 0x21, 0x0D, 0x0A, 0x0D, 0x0A, 0x40, 0x32, 0x30, 0x30, 0x3A, 0x41, 0x87, 0xE4,
    0x65, 0x73, 0x0D, 0x0A, 0x40, 0x32, 0x30, 0x31, 0x3A, 0x55, 0x6D, 0x20, 0x4C, 0x61, 0x6D, 0x70,
    0x69, 0xC6, 0x6F, 0x0D, 0x0A, 0x40, 0x32, 0x30, 0x32, 0x3A, 0x55, 0x6D, 0x20, 0x52, 0x69, 0x66,
    0x6C, 0x65, 0x0D, 0x0A, 0x40, 0x32, 0x30, 0x33, 0x3A, 0x55, 0x6D, 0x61, 0x20, 0x43, 0x61, 0x72,
    0x74, 0x61, 0x0D, 0x0A, 0x40, 0x32, 0x30, 0x34, 0x3A, 0x55, 0x6D, 0x61, 0x20, 0x56, 0x65, 0x6C,
    0x68, 0x61, 0x20, 0x4D, 0x61, 0x6E, 0x74, 0x61, 0x20, 0x49, 0x6E, 0x64, 0xA1, 0x67, 0x65, 0x6E,
    0x61, 0x0D, 0x0A, 0x40, 0x32, 0x30, 0x35, 0x3A, 0x55, 0x6D, 0x20, 0x4C, 0x69, 0x76, 0x72, 0x6F,
    0x0D, 0x0A, 0x40, 0x32, 0x30, 0x36, 0x3A, 0x55, 0x6D, 0x61, 0x20, 0x4C, 0x61, 0x74, 0x61, 0x20,
    0x64, 0x65, 0x20, 0xE0, 0x6C, 0x65, 0x6F, 0x0D, 0x0A, 0x40, 0x32, 0x30, 0x37, 0x3A, 0x55, 0x6D,
    0x20, 0x41, 0x72, 0x63, 0x6F, 0x0D, 0x0A, 0x40, 0x32, 0x30, 0x38, 0x3A, 0x55, 0x6D, 0x20, 0x56,
    0x65, 0x6C, 0x68, 0x6F, 0x20, 0x53, 0x61, 0x62, 0x72, 0x65, 0x20, 0x64, 0x65, 0x20, 0x43, 0x61,
    0x76, 0x61, 0x6C, 0x61, 0x72, 0x69, 0x61, 0x0D, 0x0A, 0x40, 0x32, 0x30, 0x39, 0x3A, 0x55, 0x6D,
    0x61, 0x20, 0x43, 0x68, 0x61, 0x76, 0x65, 0x0D, 0x0A, 0x40, 0x32, 0x31, 0x30, 0x3A, 0x55, 0x6D,
    0x20, 0x4B, 0x69, 0x74, 0x20, 0x4D, 0x82, 0x64, 0x69, 0x63, 0x6F, 0x0D, 0x0A, 0x40, 0x32, 0x31,
    0x31, 0x3A, 0x55, 0x6D, 0x20, 0x46, 0x72, 0x61, 0x73, 0x63, 0x6F, 0x0D, 0x0A, 0x40, 0x32, 0x31,
    0x32, 0x3A, 0x55, 0x6D, 0x20, 0x56, 0x61, 0x73, 0x6F, 0x0D, 0x0A, 0x40, 0x32, 0x31, 0x33, 0x3A,
    0x55, 0x6D, 0x61, 0x20, 0x43, 0x68, 0x61, 0x76, 0x65, 0x0D, 0x0A, 0x40, 0x32, 0x31, 0x34, 0x3A,
    0x55, 0x6D, 0x20, 0x45, 0x73, 0x70, 0x65, 0x6C, 0x68, 0x69, 0x6E, 0x68, 0x6F, 0x0D, 0x0A, 0x40,
    0x32, 0x31, 0x35, 0x3A, 0x55, 0x6D, 0x20, 0x45, 0x73, 0x70, 0x65, 0x6C, 0x68, 0x69, 0x6E, 0x68,
    0x6F, 0x0D, 0x0A, 0x40, 0x32, 0x31, 0x36, 0x3A, 0x41, 0x6E, 0x6F, 0x74, 0x61, 0x87, 0xE4, 0x65,
    0x73, 0x0D, 0x0A, 0x40, 0x32, 0x31, 0x37, 0x3A, 0x55, 0x6D, 0x20, 0x41, 0x74, 0x69, 0x87, 0x61,
    0x64, 0x6F, 0x72, 0x0D, 0x0A, 0x40, 0x32, 0x31, 0x38, 0x3A, 0x55, 0x6D, 0x20, 0x4B, 0x69, 0x74,
    0x20, 0x4D, 0x82, 0x64, 0x69, 0x63, 0x6F, 0x0D, 0x0A, 0x40, 0x32, 0x31, 0x39, 0x3A, 0x55, 0x6D,
    0x20, 0x46, 0x72, 0x61, 0x73, 0x63, 0x6F, 0x0D, 0x0A, 0x40, 0x32, 0x32, 0x30, 0x3A, 0x55, 0x6D,
    0x20, 0x4A, 0x61, 0x72, 0x72, 0x6F, 0x0D, 0x0A, 0x40, 0x32, 0x32, 0x31, 0x3A, 0x42, 0x61, 0x6C,
    0x61, 0x73, 0x0D, 0x0A, 0x40, 0x32, 0x32, 0x32, 0x3A, 0x55, 0x6D, 0x61, 0x20, 0x45, 0x73, 0x74,
    0x61, 0x74, 0x75, 0x65, 0x74, 0x61, 0x20, 0x50, 0x65, 0x73, 0x61, 0x64, 0xA1, 0x73, 0x73, 0x69,
    0x6D, 0x61, 0x0D, 0x0A, 0x40, 0x32, 0x32, 0x33, 0x3A, 0x55, 0x6D, 0x61, 0x20, 0x43, 0x68, 0x61,
    0x76, 0x65, 0x0D, 0x0A, 0x40, 0x32, 0x32, 0x34, 0x3A, 0x55, 0x6D, 0x20, 0x4C, 0x69, 0x76, 0x72,
    0x6F, 0x0D, 0x0A, 0x40, 0x32, 0x32, 0x35, 0x3A, 0x55, 0x6D, 0x20, 0x43, 0x61, 0x64, 0x65, 0x72,
    0x6E, 0x6F, 0x0D, 0x0A, 0x40, 0x32, 0x32, 0x36, 0x3A, 0x55, 0x6D, 0x20, 0x50, 0x75, 0x6E, 0x68,
    0x61, 0x6C, 0x0D, 0x0A, 0x40, 0x32, 0x32, 0x37, 0x3A, 0x55, 0x6D, 0x20, 0x50, 0x75, 0x6E, 0x68,
    0x61, 0x6C, 0x0D, 0x0A, 0x40, 0x32, 0x32, 0x38, 0x3A, 0x55, 0x6D, 0x20, 0x50, 0x75, 0x6E, 0x68,
    0x61, 0x6C, 0x0D, 0x0A, 0x40, 0x32, 0x32, 0x39, 0x3A, 0x55, 0x6D, 0x20, 0x54, 0x61, 0x6C, 0x69,
    0x73, 0x6D, 0xC6, 0x0D, 0x0A, 0x40, 0x32, 0x33, 0x30, 0x3A, 0x55, 0x6D, 0x20, 0x50, 0x65, 0x72,
    0x67, 0x61, 0x6D, 0x69, 0x6E, 0x68, 0x6F, 0x0D, 0x0A, 0x40, 0x32, 0x33, 0x31, 0x3A, 0x55, 0x6D,
    0x20, 0x50, 0x65, 0x72, 0x67, 0x61, 0x6D, 0x69, 0x6E, 0x68, 0x6F, 0x0D, 0x0A, 0x40, 0x32, 0x33,
    0x32, 0x3A, 0x55, 0x6D, 0x20, 0x50, 0x65, 0x72, 0x67, 0x61, 0x6D, 0x69, 0x6E, 0x68, 0x6F, 0x0D,
    0x0A, 0x40, 0x32, 0x33, 0x33, 0x3A, 0x55, 0x6D, 0x61, 0x20, 0x43, 0x61, 0x69, 0x78, 0x61, 0x20,
    0x64, 0x65, 0x20, 0x43, 0x61, 0x72, 0x74, 0x75, 0x63, 0x68, 0x6F, 0x73, 0x0D, 0x0A, 0x40, 0x32,
    0x33, 0x34, 0x3A, 0x55, 0x6D, 0x61, 0x20, 0x4C, 0x83, 0x6D, 0x69, 0x6E, 0x61, 0x20, 0x64, 0x65,
    0x20, 0x53, 0x61, 0x62, 0x72, 0x65, 0x0D, 0x0A, 0x40, 0x32, 0x33, 0x35, 0x3A, 0x55, 0x6D, 0x61,
    0x20, 0x43, 0x61, 0x69, 0x78, 0x61, 0x20, 0x64, 0x65, 0x20, 0x46, 0xA2, 0x73, 0x66, 0x6F, 0x72,
    0x6F, 0x73, 0x0D, 0x0A, 0x40, 0x32, 0x33, 0x36, 0x3A, 0x55, 0x6D, 0x20, 0x4C, 0x69, 0x76, 0x72,
    0x6F, 0x0D, 0x0A, 0x40, 0x32, 0x33, 0x37, 0x3A, 0x55, 0x6D, 0x20, 0x4C, 0x69, 0x76, 0x72, 0x6F,
    0x0D, 0x0A, 0x40, 0x32, 0x33, 0x38, 0x3A, 0x55, 0x6D, 0x20, 0x4C, 0x69, 0x76, 0x72, 0x6F, 0x0D,
    0x0A, 0x40, 0x32, 0x33, 0x39, 0x3A, 0x55, 0x6D, 0x20, 0x4C, 0x69, 0x76, 0x72, 0x6F, 0x0D, 0x0A,
    0x40, 0x32, 0x34, 0x30, 0x3A, 0x55, 0x6D, 0x20, 0x4C, 0x69, 0x76, 0x72, 0x6F, 0x0D, 0x0A, 0x40,
    0x32, 0x34, 0x31, 0x3A, 0x55, 0x6D, 0x20, 0x4C, 0x69, 0x76, 0x72, 0x6F, 0x0D, 0x0A, 0x40, 0x32,
    0x34, 0x32, 0x3A, 0x55, 0x6D, 0x20, 0x47, 0x72, 0x61, 0x6D, 0x6F, 0x66, 0x6F, 0x6E, 0x65, 0x0D,
    0x0A, 0x40, 0x32, 0x34, 0x33, 0x3A, 0x55, 0x6D, 0x61, 0x20, 0x43, 0x68, 0x61, 0x76, 0x65, 0x0D,
    0x0A, 0x40, 0x32, 0x34, 0x34, 0x3A, 0x55, 0x6D, 0x20, 0x44, 0x69, 0x73, 0x63, 0x6F, 0x0D, 0x0A,
    0x40, 0x32, 0x34, 0x35, 0x3A, 0x55, 0x6D, 0x61, 0x20, 0x46, 0x6C, 0x65, 0x63, 0x68, 0x61, 0x0D,
    0x0A, 0x40, 0x32, 0x34, 0x36, 0x3A, 0x55, 0x6D, 0x61, 0x20, 0x4C, 0x61, 0x74, 0x61, 0x20, 0x64,
    0x65, 0x20, 0x42, 0x69, 0x73, 0x63, 0x6F, 0x69, 0x74, 0x6F, 0x73, 0x0D, 0x0A, 0x40, 0x32, 0x34,
    0x37, 0x3A, 0x55, 0x6D, 0x61, 0x20, 0x43, 0x68, 0x61, 0x76, 0x65, 0x0D, 0x0A, 0x40, 0x32, 0x34,
    0x38, 0x3A, 0x55, 0x6D, 0x61, 0x20, 0x43, 0x61, 0x69, 0x78, 0x61, 0x20, 0x64, 0x65, 0x20, 0x46,
    0xA2, 0x73, 0x66, 0x6F, 0x72, 0x6F, 0x73, 0x0D, 0x0A, 0x40, 0x32, 0x34, 0x39, 0x3A, 0x55, 0x6D,
    0x61, 0x20, 0x50, 0x61, 0x6E, 0x65, 0x6C, 0x61, 0x20, 0x64, 0x65, 0x20, 0x53, 0x6F, 0x70, 0x61,
    0x0D, 0x0A, 0x40, 0x32, 0x35, 0x30, 0x3A, 0x55, 0x6D, 0x61, 0x20, 0x43, 0x61, 0x69, 0x78, 0x61,
    0x20, 0x64, 0x65, 0x20, 0x53, 0x61, 0x70, 0x61, 0x74, 0x6F, 0x73, 0x0D, 0x0A, 0x40, 0x32, 0x35,
    0x31, 0x3A, 0x55, 0x6D, 0x20, 0x52, 0x65, 0x76, 0xA2, 0x6C, 0x76, 0x65, 0x72, 0x0D, 0x0A, 0x40,
    0x32, 0x35, 0x32, 0x3A, 0x55, 0x6D, 0x20, 0x49, 0x73, 0x71, 0x75, 0x65, 0x69, 0x72, 0x6F, 0x0D,
    0x0A, 0x40, 0x32, 0x35, 0x33, 0x3A, 0x55, 0x6D, 0x20, 0x44, 0x69, 0x73, 0x63, 0x6F, 0x0D, 0x0A,
    0x40, 0x32, 0x35, 0x34, 0x3A, 0x55, 0x6D, 0x20, 0x44, 0x69, 0x73, 0x63, 0x6F, 0x0D, 0x0A, 0x40,
    0x32, 0x35, 0x35, 0x3A, 0x55, 0x6D, 0x61, 0x20, 0x46, 0x61, 0x63, 0x61, 0x0D, 0x0A, 0x40, 0x32,
    0x35, 0x36, 0x3A, 0x55, 0x6D, 0x61, 0x20, 0x45, 0x73, 0x70, 0x61, 0x64, 0x61, 0x0D, 0x0A, 0x40,
    0x32, 0x35, 0x37, 0x3A, 0x55, 0x6D, 0x61, 0x20, 0x43, 0x68, 0x61, 0x76, 0x65, 0x0D, 0x0A, 0x40,
    0x32, 0x35, 0x38, 0x3A, 0x55, 0x6D, 0x20, 0x43, 0x61, 0x6C, 0x87, 0x6F, 0x0D, 0x0A, 0x40, 0x32,
    0x35, 0x39, 0x3A, 0x55, 0x6D, 0x61, 0x20, 0x50, 0x65, 0x64, 0x72, 0x61, 0x20, 0x50, 0x72, 0x65,
    0x63, 0x69, 0x6F, 0x73, 0x61, 0x0D, 0x0A, 0x40, 0x32, 0x36, 0x30, 0x3A, 0x55, 0x6D, 0x20, 0x4C,
    0x69, 0x76, 0x72, 0x6F, 0x0D, 0x0A, 0x40, 0x32, 0x36, 0x31, 0x3A, 0x55, 0x6D, 0x20, 0x4C, 0x69,
    0x76, 0x72, 0x6F, 0x0D, 0x0A, 0x40, 0x32, 0x36, 0x32, 0x3A, 0x55, 0x6D, 0x20, 0x4C, 0x69, 0x76,
    0x72, 0x6F, 0x0D, 0x0A, 0x40, 0x32, 0x36, 0x33, 0x3A, 0x55, 0x6D, 0x20, 0x4C, 0x69, 0x76, 0x72,
    0x6F, 0x0D, 0x0A, 0x40, 0x32, 0x36, 0x34, 0x3A, 0x55, 0x6D, 0x20, 0x4C, 0x69, 0x76, 0x72, 0x6F,
    0x0D, 0x0A, 0x40, 0x32, 0x36, 0x35, 0x3A, 0x55, 0x6D, 0x20, 0x4C, 0x69, 0x76, 0x72, 0x6F, 0x0D,
    0x0A, 0x40, 0x32, 0x36, 0x36, 0x3A, 0x55, 0x6D, 0x20, 0x47, 0x61, 0x6E, 0x63, 0x68, 0x6F, 0x0D,
    0x0A, 0x0D, 0x0A, 0x40, 0x35, 0x31, 0x30, 0x3A, 0x4F, 0x20, 0x6C, 0x61, 0x6D, 0x70, 0x69, 0xC6,
    0x6F, 0x20, 0x65, 0x73, 0x74, 0xA0, 0x20, 0x61, 0x70, 0x61, 0x67, 0x61, 0x64, 0x6F, 0x0D, 0x0A,
    0x40, 0x35, 0x31, 0x31, 0x3A, 0x56, 0x6F, 0x63, 0x88, 0x20, 0x6E, 0xC6, 0x6F, 0x20, 0x74, 0x65,
    0x6D, 0x20, 0xA2, 0x6C, 0x65, 0x6F, 0x0D, 0x0A, 0x40, 0x35, 0x31, 0x32, 0x3A, 0x4F, 0x20, 0x6C,
    0x61, 0x6D, 0x70, 0x69, 0xC6, 0x6F, 0x20, 0x65, 0x73, 0x74, 0xA0, 0x20, 0x63, 0x68, 0x65, 0x69,
    0x6F, 0x0D, 0x0A, 0x40, 0x35, 0x31, 0x33, 0x3A, 0x4F, 0x20, 0x6C, 0x61, 0x6D, 0x70, 0x69, 0xC6,
    0x6F, 0x20, 0x73, 0x65, 0x20, 0x61, 0x70, 0x61, 0x67, 0x61, 0x0D, 0x0A, 0x40, 0x35, 0x31, 0x34,
    0x3A, 0x4F, 0x20, 0x6C, 0x61, 0x6D, 0x70, 0x69, 0xC6, 0x6F, 0x20, 0x65, 0x73, 0x74, 0xA0, 0x20,
    0x73, 0x65, 0x6D, 0x20, 0xA2, 0x6C, 0x65, 0x6F, 0x0D, 0x0A, 0x40, 0x35, 0x31, 0x35, 0x3A, 0x4F,
    0x20, 0x6C, 0x61, 0x6D, 0x70, 0x69, 0xC6, 0x6F, 0x20, 0x6A, 0xA0, 0x20, 0x65, 0x73, 0x74, 0xA0,
    0x20, 0x61, 0x63, 0x65, 0x73, 0x6F, 0x0D, 0x0A, 0x40, 0x35, 0x31, 0x36, 0x3A, 0x4F, 0x6B, 0x2C,
    0x20, 0x6F, 0x20, 0x6C, 0x61, 0x6D, 0x70, 0x69, 0xC6, 0x6F, 0x20, 0x65, 0x73, 0x74, 0xA0, 0x20,
    0x61, 0x63, 0x65, 0x73, 0x6F, 0x0D, 0x0A, 0x40, 0x35, 0x31, 0x37, 0x3A, 0x4F, 0x20, 0x6C, 0x61,
    0x6D, 0x70, 0x69, 0xC6, 0x6F, 0x20, 0x6A, 0xA0, 0x20, 0x74, 0x65, 0x6D, 0x20, 0xA2, 0x6C, 0x65,
    0x6F, 0x0D, 0x0A, 0x0D, 0x0A, 0x40, 0x35, 0x32, 0x30, 0x3A, 0x4F, 0x20, 0x72, 0x69, 0x66, 0x6C,
    0x65, 0x20, 0x65, 0x73, 0x74, 0xA0, 0x20, 0x64, 0x65, 0x73, 0x63, 0x61, 0x72, 0x72, 0x65, 0x67,
    0x61, 0x64, 0x6F, 0x0D, 0x0A, 0x40, 0x35, 0x32, 0x31, 0x3A, 0x56, 0x6F, 0x63, 0x88, 0x20, 0x6E,
    0xC6, 0x6F, 0x20, 0x74, 0x65, 0x6D, 0x20, 0x6D, 0x75, 0x6E, 0x69, 0x87, 0xC6, 0x6F, 0x0D, 0x0A,
    0x40, 0x35, 0x32, 0x32, 0x3A, 0x4F, 0x6B, 0x2C, 0x20, 0x72, 0x69, 0x66, 0x6C, 0x65, 0x20, 0x72,
    0x65, 0x63, 0x61, 0x72, 0x72, 0x65, 0x67, 0x61, 0x64, 0x6F, 0x0D, 0x0A, 0x40, 0x35, 0x32, 0x33,
    0x3A, 0x4F, 0x73, 0x20, 0x63, 0x61, 0x72, 0x74, 0x75, 0x63, 0x68, 0x6F, 0x73, 0x20, 0x65, 0x73,
    0x74, 0xC6, 0x6F, 0x20, 0x6D, 0x6F, 0x6C, 0x68, 0x61, 0x64, 0x6F, 0x73, 0x0D, 0x0A, 0x0D, 0x0A,
    0x40, 0x35, 0x33, 0x30, 0x3A, 0x43, 0x61, 0x72, 0x74, 0x61, 0x20, 0x64, 0x65, 0x20, 0x4A, 0x65,
    0x72, 0x65, 0x6D, 0x79, 0x0D, 0x0A, 0x40, 0x35, 0x35, 0x30, 0x3A, 0x54, 0x72, 0x65, 0x63, 0x68,
    0x6F, 0x20, 0x64, 0x6F, 0x20, 0x56, 0x65, 0x6C, 0x6F, 0x63, 0x69, 0x6E, 0x6F, 0x20, 0x64, 0x65,
    0x20, 0x4F, 0x75, 0x72, 0x6F, 0x0D, 0x0A, 0x40, 0x35, 0x36, 0x30, 0x3A, 0x56, 0x6F, 0x63, 0x88,
    0x20, 0x6E, 0xC6, 0x6F, 0x20, 0x74, 0x65, 0x6D, 0x20, 0x6C, 0x61, 0x6D, 0x70, 0x69, 0xC6, 0x6F,
    0x0D, 0x0A, 0x40, 0x35, 0x36, 0x31, 0x3A, 0x55, 0x6D, 0x61, 0x20, 0x4C, 0x61, 0x74, 0x61, 0x20,
    0x64, 0x65, 0x20, 0xE0, 0x6C, 0x65, 0x6F, 0x20, 0x56, 0x61, 0x7A, 0x69, 0x61, 0x0D, 0x0A, 0x0D,
    0x0A, 0x40, 0x35, 0x37, 0x30, 0x3A, 0x56, 0x6F, 0x63, 0x88, 0x20, 0x6E, 0xC6, 0x6F, 0x20, 0x74,
    0x65, 0x6D, 0x20, 0x66, 0x6C, 0x65, 0x63, 0x68, 0x61, 0x0D, 0x0A, 0x40, 0x35, 0x38, 0x30, 0x3A,
    0x55, 0x6D, 0x20, 0x53, 0x61, 0x62, 0x72, 0x65, 0x20, 0x51, 0x75, 0x65, 0x62, 0x72, 0x61, 0x64,
    0x6F, 0x0D, 0x0A, 0x40, 0x35, 0x38, 0x31, 0x3A, 0x56, 0x6F, 0x63, 0x88, 0x20, 0x70, 0xE4, 0x65,
    0x20, 0x6F, 0x20, 0x63, 0x61, 0x62, 0x6F, 0x20, 0x64, 0x6F, 0x20, 0x73, 0x61, 0x62, 0x72, 0x65,
    0x20, 0x6E, 0x6F, 0x20, 0x62, 0x72, 0x61, 0x73, 0xC6, 0x6F, 0x0D, 0x0A, 0x0D, 0x0A, 0x40, 0x35,
    0x39, 0x30, 0x3A, 0x56, 0x6F, 0x63, 0x88, 0x20, 0x6E, 0xC6, 0x6F, 0x20, 0x74, 0x65, 0x6D, 0x20,
    0x61, 0x20, 0x63, 0x68, 0x61, 0x76, 0x65, 0x20, 0x63, 0x65, 0x72, 0x74, 0x61, 0x0D, 0x0A, 0x40,
    0x35, 0x39, 0x31, 0x3A, 0x41, 0x20, 0x43, 0x68, 0x61, 0x76, 0x65, 0x20, 0x64, 0x6F, 0x20, 0x42,
    0x61, 0xA3, 0x0D, 0x0A, 0x0D, 0x0A, 0x40, 0x36, 0x30, 0x30, 0x3A, 0x55, 0x6D, 0x20, 0x4B, 0x69,
    0x74, 0x20, 0x4D, 0x82, 0x64, 0x69, 0x63, 0x6F, 0x20, 0x56, 0x61, 0x7A, 0x69, 0x6F, 0x0D, 0x0A,
    0x0D, 0x0A, 0x40, 0x36, 0x31, 0x30, 0x3A, 0x56, 0x6F, 0x63, 0x88, 0x20, 0x73, 0x65, 0x20, 0x73,
    0x65, 0x6E, 0x74, 0x65, 0x20, 0x6D, 0x65, 0x6C, 0x68, 0x6F, 0x72, 0x21, 0x0D, 0x0A, 0x40, 0x36,
    0x31, 0x31, 0x3A, 0x55, 0x6D, 0x20, 0x46, 0x72, 0x61, 0x73, 0x63, 0x6F, 0x20, 0x56, 0x61, 0x7A,
    0x69, 0x6F, 0x0D, 0x0A, 0x0D, 0x0A, 0x40, 0x36, 0x32, 0x30, 0x3A, 0x55, 0x6D, 0x20, 0x56, 0x61,
    0x73, 0x6F, 0x20, 0x51, 0x75, 0x65, 0x62, 0x72, 0x61, 0x64, 0x6F, 0x0D, 0x0A, 0x0D, 0x0A, 0x40,
    0x36, 0x33, 0x30, 0x3A, 0x41, 0x20, 0x43, 0x68, 0x61, 0x76, 0x65, 0x20, 0x64, 0x61, 0x20, 0x43,
    0x93, 0x6D, 0x6F, 0x64, 0x61, 0x0D, 0x0A, 0x0D, 0x0A, 0x40, 0x36, 0x34, 0x30, 0x3A, 0x55, 0x6D,
    0x20, 0x45, 0x73, 0x70, 0x65, 0x6C, 0x68, 0x69, 0x6E, 0x68, 0x6F, 0x20, 0x51, 0x75, 0x65, 0x62,
    0x72, 0x61, 0x64, 0x6F, 0x0D, 0x0A, 0x0D, 0x0A, 0x40, 0x36, 0x35, 0x30, 0x3A, 0x55, 0x6D, 0x20,
    0x45, 0x73, 0x70, 0x65, 0x6C, 0x68, 0x69, 0x6E, 0x68, 0x6F, 0x20, 0x51, 0x75, 0x65, 0x62, 0x72,
    0x61, 0x64, 0x6F, 0x0D, 0x0A, 0x0D, 0x0A, 0x40, 0x36, 0x36, 0x30, 0x3A, 0x44, 0x69, 0xA0, 0x72,
    0x69, 0x6F, 0x20, 0x64, 0x65, 0x20, 0x48, 0x6F, 0x77, 0x61, 0x72, 0x64, 0x20, 0x48, 0x61, 0x72,
    0x74, 0x77, 0x6F, 0x6F, 0x64, 0x0D, 0x0A, 0x0D, 0x0A, 0x40, 0x36, 0x38, 0x30, 0x3A, 0x55, 0x6D,
    0x20, 0x4B, 0x69, 0x74, 0x20, 0x4D, 0x82, 0x64, 0x69, 0x63, 0x6F, 0x20, 0x56, 0x61, 0x7A, 0x69,
    0x6F, 0x0D, 0x0A, 0x0D, 0x0A, 0x40, 0x36, 0x39, 0x30, 0x3A, 0x55, 0x6D, 0x20, 0x46, 0x72, 0x61,
    0x73, 0x63, 0x6F, 0x20, 0x56, 0x61, 0x7A, 0x69, 0x6F, 0x0D, 0x0A, 0x0D, 0x0A, 0x40, 0x37, 0x30,
    0x30, 0x3A, 0x45, 0x63, 0x61, 0x21, 0x20, 0xB5, 0x67, 0x75, 0x61, 0x20, 0x70, 0x61, 0x72, 0x61,
    0x64, 0x61, 0x0D, 0x0A, 0x40, 0x37, 0x30, 0x31, 0x3A, 0x56, 0x6F, 0x63, 0x88, 0x20, 0x65, 0x6E,
    0x63, 0x68, 0x65, 0x20, 0x6F, 0x20, 0x6A, 0x61, 0x72, 0x72, 0x6F, 0x0D, 0x0A, 0x40, 0x37, 0x30,
    0x32, 0x3A, 0x55, 0x6D, 0x20, 0x4A, 0x61, 0x72, 0x72, 0x6F, 0x20, 0x64, 0x27, 0xB5, 0x67, 0x75,
    0x61, 0x0D, 0x0A, 0x40, 0x37, 0x30, 0x33, 0x3A, 0x56, 0x6F, 0x63, 0x88, 0x20, 0x64, 0x65, 0x73,
    0x70, 0x65, 0x6A, 0x61, 0x20, 0x61, 0x20, 0xA0, 0x67, 0x75, 0x61, 0x20, 0x64, 0x6F, 0x20, 0x6A,
    0x61, 0x72, 0x72, 0x6F, 0x20, 0x6E, 0x6F, 0x73, 0x20, 0x63, 0x68, 0x61, 0x72, 0x75, 0x74, 0x6F,
    0x73, 0x0D, 0x0A, 0x40, 0x37, 0x30, 0x34, 0x3A, 0x53, 0x65, 0x6D, 0x20, 0xA0, 0x67, 0x75, 0x61,
    0x0D, 0x0A, 0x40, 0x37, 0x30, 0x35, 0x3A, 0x45, 0x73, 0x74, 0xA0, 0x20, 0x63, 0x68, 0x65, 0x69,
    0x6F, 0x20, 0x64, 0x65, 0x20, 0xA0, 0x67, 0x75, 0x61, 0x0D, 0x0A, 0x0D, 0x0A, 0x40, 0x37, 0x31,
    0x30, 0x3A, 0x56, 0x6F, 0x63, 0x88, 0x20, 0x6E, 0xC6, 0x6F, 0x20, 0x74, 0x65, 0x6D, 0x20, 0x72,
    0x65, 0x76, 0xA2, 0x6C, 0x76, 0x65, 0x72, 0x0D, 0x0A, 0x40, 0x37, 0x31, 0x31, 0x3A, 0x4F, 0x6B,
    0x2C, 0x20, 0x72, 0x65, 0x76, 0xA2, 0x6C, 0x76, 0x65, 0x72, 0x20, 0x72, 0x65, 0x63, 0x61, 0x72,
    0x72, 0x65, 0x67, 0x61, 0x64, 0x6F, 0x0D, 0x0A, 0x0D, 0x0A, 0x40, 0x37, 0x33, 0x30, 0x3A, 0x41,
    0x20, 0x43, 0x68, 0x61, 0x76, 0x65, 0x20, 0x64, 0x6F, 0x20, 0x45, 0x73, 0x63, 0x72, 0x69, 0x74,
    0xA2, 0x72, 0x69, 0x6F, 0x20, 0x64, 0x65, 0x20, 0x4A, 0x65, 0x72, 0x65, 0x6D, 0x79, 0x0D, 0x0A,
    0x0D, 0x0A, 0x40, 0x37, 0x34, 0x30, 0x3A, 0x55, 0x6D, 0x20, 0x4C, 0x69, 0x76, 0x72, 0x6F, 0x20,
    0x46, 0x61, 0x6C, 0x73, 0x6F, 0x0D, 0x0A, 0x40, 0x37, 0x34, 0x31, 0x3A, 0x90, 0x20, 0x75, 0x6D,
    0x20, 0x6C, 0x69, 0x76, 0x72, 0x6F, 0x20, 0x66, 0x61, 0x6C, 0x73, 0x6F, 0x21, 0x0D, 0x0A, 0x0D,
    0x0A, 0x40, 0x37, 0x35, 0x30, 0x3A, 0x43, 0x61, 0x64, 0x65, 0x72, 0x6E, 0x6F, 0x20, 0x64, 0x65,
    0x20, 0x4A, 0x65, 0x72, 0x65, 0x6D, 0x79, 0x20, 0x48, 0x61, 0x72, 0x74, 0x77, 0x6F, 0x6F, 0x64,
    0x0D, 0x0A, 0x0D, 0x0A, 0x40, 0x38, 0x30, 0x30, 0x3A, 0x53, 0x69, 0x6E, 0x61, 0x69, 0x73, 0x20,
    0x65, 0x20, 0x52, 0x69, 0x74, 0x75, 0x61, 0x69, 0x73, 0x0D, 0x0A, 0x40, 0x38, 0x31, 0x30, 0x3A,
    0x4F, 0x20, 0x50, 0x75, 0x6E, 0x68, 0x61, 0x6C, 0x20, 0x64, 0x6F, 0x20, 0x53, 0x61, 0x63, 0x72,
    0x69, 0x66, 0xA1, 0x63, 0x69, 0x6F, 0x0D, 0x0A, 0x40, 0x38, 0x32, 0x30, 0x3A, 0x41, 0x73, 0x20,
    0x43, 0x72, 0x69, 0x61, 0x74, 0x75, 0x72, 0x61, 0x73, 0x20, 0x64, 0x61, 0x20, 0x4E, 0x6F, 0x69,
    0x74, 0x65, 0x0D, 0x0A, 0x40, 0x38, 0x33, 0x30, 0x3A, 0x56, 0x6F, 0x63, 0x88, 0x20, 0x6E, 0xC6,
    0x6F, 0x20, 0x74, 0x65, 0x6D, 0x20, 0x72, 0x69, 0x66, 0x6C, 0x65, 0x21, 0x0D, 0x0A, 0x40, 0x38,
    0x34, 0x30, 0x3A, 0x56, 0x6F, 0x63, 0x88, 0x20, 0x70, 0xE4, 0x65, 0x20, 0x61, 0x20, 0x6C, 0x83,
    0x6D, 0x69, 0x6E, 0x61, 0x20, 0x64, 0x6F, 0x20, 0x73, 0x61, 0x62, 0x72, 0x65, 0x20, 0x6E, 0x6F,
    0x20, 0x62, 0x72, 0x61, 0x73, 0xC6, 0x6F, 0x0D, 0x0A, 0x0D, 0x0A, 0x40, 0x38, 0x35, 0x30, 0x3A,
    0x55, 0x6D, 0x61, 0x20, 0x43, 0x61, 0x69, 0x78, 0x61, 0x20, 0x64, 0x65, 0x20, 0x46, 0xA2, 0x73,
    0x66, 0x6F, 0x72, 0x6F, 0x73, 0x20, 0x4D, 0x6F, 0x6C, 0x68, 0x61, 0x64, 0x61, 0x0D, 0x0A, 0x40,
    0x38, 0x36, 0x30, 0x3A, 0x46, 0x72, 0x61, 0x67, 0x6D, 0x65, 0x6E, 0x74, 0x6F, 0x73, 0x20, 0x64,
    0x6F, 0x20, 0x4C, 0x69, 0x76, 0x72, 0x6F, 0x20, 0x64, 0x65, 0x20, 0x41, 0x62, 0x64, 0x75, 0x6C,
    0x0D, 0x0A, 0x40, 0x38, 0x37, 0x30, 0x3A, 0x44, 0x65, 0x20, 0x56, 0x65, 0x72, 0x6D, 0x69, 0x73,
    0x20, 0x4D, 0x79, 0x73, 0x74, 0x65, 0x72, 0x69, 0x69, 0x73, 0x0D, 0x0A, 0x40, 0x38, 0x38, 0x30,
    0x3A, 0x52, 0x65, 0x66, 0x6C, 0x65, 0x78, 0xE4, 0x65, 0x73, 0x20, 0x73, 0x6F, 0x62, 0x72, 0x65,
    0x20, 0x6F, 0x20, 0x50, 0x6F, 0x64, 0x65, 0x72, 0x20, 0x64, 0x6F, 0x20, 0x56, 0x65, 0x72, 0x62,
    0x6F, 0x0D, 0x0A, 0x40, 0x38, 0x39, 0x30, 0x3A, 0x4D, 0x65, 0x6D, 0xA2, 0x72, 0x69, 0x61, 0x73,
    0x0D, 0x0A, 0x40, 0x39, 0x30, 0x30, 0x3A, 0x44, 0x69, 0xA0, 0x72, 0x69, 0x6F, 0x20, 0x64, 0x65,
    0x20, 0x56, 0x69, 0x61, 0x67, 0x65, 0x6D, 0x0D, 0x0A, 0x40, 0x39, 0x31, 0x30, 0x3A, 0x55, 0x6D,
    0x61, 0x20, 0x46, 0x61, 0x7A, 0x65, 0x6E, 0x64, 0x61, 0x20, 0x6E, 0x61, 0x20, 0x4C, 0x75, 0x69,
    0x73, 0x69, 0x61, 0x6E, 0x61, 0x0D, 0x0A, 0x0D, 0x0A, 0x40, 0x39, 0x33, 0x30, 0x3A, 0x41, 0x20,
    0x43, 0x68, 0x61, 0x76, 0x65, 0x20, 0x64, 0x6F, 0x20, 0x42, 0x61, 0xA3, 0x20, 0x64, 0x6F, 0x73,
    0x20, 0x50, 0x69, 0x72, 0x61, 0x74, 0x61, 0x73, 0x0D, 0x0A, 0x0D, 0x0A, 0x40, 0x39, 0x34, 0x30,
    0x3A, 0x56, 0x6F, 0x63, 0x88, 0x20, 0x6E, 0xC6, 0x6F, 0x20, 0x74, 0x65, 0x6D, 0x20, 0x6F, 0x6E,
    0x64, 0x65, 0x20, 0x74, 0x6F, 0x63, 0xA0, 0x2D, 0x6C, 0x6F, 0x0D, 0x0A, 0x40, 0x39, 0x34, 0x31,
    0x3A, 0x4F, 0x20, 0x44, 0x61, 0x6E, 0xA3, 0x62, 0x69, 0x6F, 0x20, 0x41, 0x7A, 0x75, 0x6C, 0x20,
    0x64, 0x65, 0x20, 0x4A, 0x2E, 0x20, 0x53, 0x74, 0x72, 0x61, 0x75, 0x73, 0x73, 0x0D, 0x0A, 0x40,
    0x39, 0x34, 0x32, 0x3A, 0x56, 0x6F, 0x63, 0x88, 0x20, 0x65, 0x73, 0x74, 0xA0, 0x20, 0x6F, 0x75,
    0x76, 0x69, 0x6E, 0x64, 0x6F, 0x20, 0x6F, 0x20, 0x44, 0x61, 0x6E, 0xA3, 0x62, 0x69, 0x6F, 0x20,
    0x41, 0x7A, 0x75, 0x6C, 0x0D, 0x0A, 0x40, 0x39, 0x35, 0x30, 0x3A, 0x55, 0x6D, 0x61, 0x20, 0x4C,
    0x61, 0x74, 0x61, 0x20, 0x56, 0x61, 0x7A, 0x69, 0x61, 0x0D, 0x0A, 0x0D, 0x0A, 0x40, 0x39, 0x37,
    0x30, 0x3A, 0x41, 0x20, 0x43, 0x68, 0x61, 0x76, 0x65, 0x20, 0x64, 0x6F, 0x20, 0x50, 0x6F, 0x72,
    0xC6, 0x6F, 0x0D, 0x0A, 0x0D, 0x0A, 0x40, 0x39, 0x39, 0x30, 0x3A, 0x45, 0x63, 0x61, 0x21, 0x20,
    0x43, 0x61, 0x72, 0x6E, 0x65, 0x20, 0x68, 0x75, 0x6D, 0x61, 0x6E, 0x61, 0x0D, 0x0A, 0x40, 0x31,
    0x30, 0x30, 0x30, 0x3A, 0x55, 0x6D, 0x61, 0x20, 0x43, 0x61, 0x69, 0x78, 0x61, 0x20, 0x64, 0x65,
    0x20, 0x53, 0x61, 0x70, 0x61, 0x74, 0x6F, 0x73, 0x20, 0x56, 0x61, 0x7A, 0x69, 0x61, 0x0D, 0x0A,
    0x40, 0x31, 0x30, 0x31, 0x30, 0x3A, 0x56, 0x6F, 0x63, 0x88, 0x20, 0x6E, 0xC6, 0x6F, 0x20, 0x74,
    0x65, 0x6D, 0x20, 0x62, 0x61, 0x6C, 0x61, 0x73, 0x21, 0x0D, 0x0A, 0x40, 0x31, 0x30, 0x31, 0x31,
    0x3A, 0x4F, 0x20, 0x72, 0x65, 0x76, 0xA2, 0x6C, 0x76, 0x65, 0x72, 0x20, 0x65, 0x73, 0x74, 0xA0,
    0x20, 0x64, 0x65, 0x73, 0x63, 0x61, 0x72, 0x72, 0x65, 0x67, 0x61, 0x64, 0x6F, 0x0D, 0x0A, 0x0D,
    0x0A, 0x40, 0x31, 0x30, 0x33, 0x30, 0x3A, 0x44, 0x61, 0x6E, 0x87, 0x61, 0x20, 0x4D, 0x61, 0x63,
    0x61, 0x62, 0x72, 0x61, 0x20, 0x64, 0x65, 0x20, 0x53, 0x61, 0x69, 0x6E, 0x74, 0x2D, 0x53, 0x61,
    0x89, 0x6E, 0x73, 0x0D, 0x0A, 0x40, 0x31, 0x30, 0x33, 0x31, 0x3A, 0x56, 0x6F, 0x63, 0x88, 0x20,
    0x65, 0x73, 0x74, 0xA0, 0x20, 0x6F, 0x75, 0x76, 0x69, 0x6E, 0x64, 0x6F, 0x20, 0x61, 0x20, 0x44,
    0x61, 0x6E, 0x87, 0x61, 0x20, 0x4D, 0x61, 0x63, 0x61, 0x62, 0x72, 0x61, 0x0D, 0x0A, 0x40, 0x31,
    0x30, 0x34, 0x30, 0x3A, 0x4F, 0x70, 0x75, 0x73, 0x20, 0x50, 0xA2, 0x73, 0x74, 0x75, 0x6D, 0x6F,
    0x20, 0x36, 0x39, 0x20, 0x6E, 0x2E, 0x20, 0x31, 0x20, 0x64, 0x65, 0x20, 0x43, 0x68, 0x6F, 0x70,
    0x69, 0x6E, 0x0D, 0x0A, 0x40, 0x31, 0x30, 0x34, 0x31, 0x3A, 0x56, 0x6F, 0x63, 0x88, 0x20, 0x65,
    0x73, 0x74, 0xA0, 0x20, 0x6F, 0x75, 0x76, 0x69, 0x6E, 0x64, 0x6F, 0x20, 0x6F, 0x20, 0x4F, 0x70,
    0x75, 0x73, 0x20, 0x50, 0xA2, 0x73, 0x74, 0x75, 0x6D, 0x6F, 0x20, 0x36, 0x39, 0x20, 0x6E, 0x2E,
    0x20, 0x31, 0x0D, 0x0A, 0x0D, 0x0A, 0x40, 0x31, 0x30, 0x37, 0x30, 0x3A, 0x41, 0x20, 0x43, 0x68,
    0x61, 0x76, 0x65, 0x20, 0x64, 0x6F, 0x20, 0x53, 0x61, 0x6C, 0xC6, 0x6F, 0x20, 0x64, 0x65, 0x20,
    0x42, 0x61, 0x69, 0x6C, 0x65, 0x0D, 0x0A, 0x0D, 0x0A, 0x40, 0x31, 0x31, 0x30, 0x30, 0x3A, 0x44,
    0x69, 0xA0, 0x72, 0x69, 0x6F, 0x20, 0x64, 0x65, 0x20, 0x42, 0x6F, 0x72, 0x64, 0x6F, 0x20, 0x64,
    0x65, 0x20, 0x75, 0x6D, 0x20, 0x50, 0x69, 0x72, 0x61, 0x74, 0x61, 0x0D, 0x0A, 0x0D, 0x0A, 0x40,
    0x31, 0x31, 0x31, 0x30, 0x3A, 0x4F, 0x20, 0x4A, 0x75, 0x6C, 0x67, 0x61, 0x6D, 0x65, 0x6E, 0x74,
    0x6F, 0x20, 0x64, 0x6F, 0x20, 0x43, 0x61, 0x70, 0x69, 0x74, 0xC6, 0x6F, 0x20, 0x50, 0x72, 0x65,
    0x67, 0x7A, 0x74, 0x0D, 0x0A, 0x40, 0x31, 0x31, 0x32, 0x30, 0x3A, 0x4F, 0x73, 0x20, 0x46, 0x69,
    0x6C, 0x68, 0x6F, 0x73, 0x20, 0x64, 0x6F, 0x20, 0x53, 0x6F, 0x6C, 0x0D, 0x0A, 0x40, 0x31, 0x31,
    0x33, 0x30, 0x3A, 0x41, 0x20, 0x48, 0x69, 0x73, 0x74, 0xA2, 0x72, 0x69, 0x61, 0x20, 0x64, 0x6F,
    0x20, 0x43, 0x61, 0x70, 0x69, 0x74, 0xC6, 0x6F, 0x20, 0x4E, 0x6F, 0x72, 0x74, 0x6F, 0x6E, 0x0D,
    0x0A, 0x40, 0x31, 0x31, 0x34, 0x30, 0x3A, 0x44, 0x65, 0x6D, 0x6F, 0x6E, 0x69, 0x61, 0x20, 0x50,
    0x61, 0x72, 0x74, 0x69, 0x63, 0x75, 0x6C, 0x61, 0x72, 0x69, 0x73, 0x0D, 0x0A, 0x40, 0x31, 0x31,
    0x35, 0x30, 0x3A, 0x54, 0x65, 0x72, 0x72, 0x61, 0x20, 0x49, 0x6E, 0x63, 0x6F, 0x67, 0x6E, 0x69,
    0x74, 0x61, 0x0D, 0x0A, 0x1A, 0x0D, 0x0A, 0x00, 0x00, 0x00, 0x00, 0x5E, 0x01, 0x00, 0x00, 0x5E,
    0x01, 0x00, 0x00, 0x00, 0x00, 0x00, 0x00, 0x45, 0x6C, 0x65, 0x73, 0x20, 0x65, 0x73, 0x74, 0xC6,
    0x6F, 0x20, 0x63, 0x68, 0x65, 0x67, 0x61, 0x6E, 0x64, 0x6F, 0x2E, 0x20, 0x4C, 0x69, 0x62, 0x65,
    0x72, 0x74, 0x65, 0x69, 0x20, 0x66, 0x6F, 0x72, 0x87, 0x61, 0x73, 0x20, 0x69, 0x6E, 0x66, 0x65,
    0x72, 0x6E, 0x61, 0x69, 0x73, 0x20, 0x65, 0x20, 0x61, 0x67, 0x6F, 0x72, 0x61, 0x20, 0x6F, 0x20,
    0x70, 0x72, 0x65, 0x87, 0x6F, 0x20, 0x64, 0x65, 0x76, 0x65, 0x20, 0x73, 0x65, 0x72, 0x20, 0x70,
    0x61, 0x67, 0x6F, 0x2E, 0x20, 0x44, 0x65, 0x72, 0x63, 0x65, 0x74, 0x6F, 0x20, 0x82, 0x20, 0x70,
    0x72, 0x65, 0x73, 0x61, 0x20, 0x64, 0x6F, 0x20, 0x6D, 0x61, 0x6C, 0x2E, 0x20, 0x4F, 0x20, 0x73,
    0x6F, 0x6C, 0x20, 0x6A, 0xA0, 0x20, 0x73, 0x65, 0x20, 0x70, 0x93, 0x73, 0x2E, 0x0D, 0x0A, 0x45,
    0x6E, 0x63, 0x6F, 0x6E, 0x74, 0x72, 0x61, 0x72, 0xC6, 0x6F, 0x20, 0x6D, 0x65, 0x75, 0x20, 0x63,
    0x6F, 0x72, 0x70, 0x6F, 0x2C, 0x20, 0x6D, 0x61, 0x73, 0x20, 0x6E, 0xC6, 0x6F, 0x20, 0x74, 0x65,
    0x72, 0xC6, 0x6F, 0x20, 0x6D, 0x69, 0x6E, 0x68, 0x61, 0x20, 0x61, 0x6C, 0x6D, 0x61, 0x2E, 0x0D,
    0x0A, 0x50, 0x6F, 0x73, 0x73, 0x6F, 0x20, 0x69, 0x6D, 0x61, 0x67, 0x69, 0x6E, 0x61, 0x72, 0x20,
    0x61, 0x20, 0x66, 0xA3, 0x72, 0x69, 0x61, 0x20, 0x64, 0x6F, 0x20, 0x6D, 0x65, 0x73, 0x74, 0x72,
    0x65, 0x20, 0x65, 0x20, 0x6F, 0x20, 0x74, 0x65, 0x72, 0x72, 0x6F, 0x72, 0x20, 0x6E, 0x6F, 0x20,
    0x63, 0x6F, 0x72, 0x61, 0x87, 0xC6, 0x6F, 0x20, 0x64, 0x65, 0x20, 0x73, 0x65, 0x75, 0x73, 0x20,
    0x65, 0x73, 0x63, 0x72, 0x61, 0x76, 0x6F, 0x73, 0x2E, 0x0D, 0x0A, 0x4F, 0x75, 0x87, 0x6F, 0x20,
    0x73, 0x65, 0x75, 0x73, 0x20, 0x70, 0x61, 0x73, 0x73, 0x6F, 0x73, 0x2E, 0x0D, 0x0A, 0x41, 0x6C,
    0x67, 0x75, 0x6E, 0x73, 0x20, 0x74, 0x61, 0x6C, 0x76, 0x65, 0x7A, 0x20, 0x63, 0x6F, 0x6D, 0x70,
    0x72, 0x65, 0x65, 0x6E, 0x64, 0x61, 0x6D, 0x20, 0x6F, 0x20, 0x71, 0x75, 0x65, 0x20, 0x66, 0x69,
    0x7A, 0x2E, 0x0D, 0x0A, 0x51, 0x75, 0x65, 0x20, 0x44, 0x65, 0x75, 0x73, 0x20, 0x6D, 0x65, 0x20,
    0x70, 0x65, 0x72, 0x64, 0x6F, 0x65, 0x2E, 0x20, 0x41, 0x64, 0x65, 0x75, 0x73, 0x2E, 0x0D, 0x0A,
    0x4A, 0x65, 0x72, 0x65, 0x6D, 0x79, 0x20, 0x48, 0x61, 0x72, 0x74, 0x77, 0x6F, 0x6F, 0x64, 0x2E,
    0x0D, 0x0A, 0x1A, 0x0D, 0x0A, 0x00, 0x00, 0x00, 0x00, 0xE3, 0x03, 0x00, 0x00, 0xE3, 0x03, 0x00,
    0x00, 0x00, 0x00, 0x00, 0x00, 0x23, 0x43, 0x46, 0x72, 0x61, 0x67, 0x6D, 0x65, 0x6E, 0x74, 0x6F,
    0x0D, 0x0A, 0x23, 0x43, 0x64, 0x6F, 0x20, 0x4D, 0x69, 0x74, 0x6F, 0x20, 0x64, 0x6F, 0x0D, 0x0A,
    0x23, 0x43, 0x56, 0x65, 0x6C, 0x6F, 0x63, 0x69, 0x6E, 0x6F, 0x20, 0x64, 0x65, 0x20, 0x4F, 0x75,
    0x72, 0x6F, 0x0D, 0x0A, 0x0D, 0x0A, 0x23, 0x43, 0x2A, 0x0D, 0x0A, 0x0D, 0x0A, 0x23, 0x43, 0x54,
    0x72, 0x61, 0x64, 0x75, 0x87, 0xC6, 0x6F, 0x3A, 0x0D, 0x0A, 0x23, 0x43, 0x45, 0x64, 0x6F, 0x75,
    0x61, 0x72, 0x64, 0x20, 0x64, 0x65, 0x20, 0x56, 0x69, 0x65, 0x6C, 0x62, 0x61, 0x6E, 0x0D, 0x0A,
    0x23, 0x43, 0x45, 0x64, 0x69, 0x87, 0xE4, 0x65, 0x73, 0x20, 0x48, 0x65, 0x73, 0x70, 0x82, 0x72,
    0x69, 0x64, 0x65, 0x73, 0x0D, 0x0A, 0x23, 0x43, 0x2A, 0x0D, 0x0A, 0x23, 0x50, 0x45, 0x6E, 0x74,
    0xC6, 0x6F, 0x20, 0x50, 0x65, 0x72, 0x73, 0x65, 0x75, 0x20, 0x64, 0x65, 0x70, 0x61, 0x72, 0x6F,
    0x75, 0x20, 0x63, 0x6F, 0x6D, 0x20, 0x49, 0x63, 0x68, 0x69, 0x6F, 0x73, 0x2C, 0x20, 0x71, 0x75,
    0x65, 0x0D, 0x0A, 0x66, 0x6F, 0x72, 0x61, 0x20, 0x74, 0x72, 0x61, 0x6E, 0x73, 0x66, 0x6F, 0x72,
    0x6D, 0x61, 0x64, 0x6F, 0x20, 0x65, 0x6D, 0x20, 0x70, 0x65, 0x64, 0x72, 0x61, 0x2E, 0x20, 0x46,
    0x61, 0x6C, 0x6F, 0x75, 0x20, 0x61, 0x20, 0x73, 0x65, 0x75, 0x73, 0x0D, 0x0A, 0x63, 0x6F, 0x6D,
    0x70, 0x61, 0x6E, 0x68, 0x65, 0x69, 0x72, 0x6F, 0x73, 0x20, 0x65, 0x20, 0x64, 0x69, 0x73, 0x73,
    0x65, 0x3A, 0x20, 0x22, 0x47, 0x75, 0x61, 0x72, 0x64, 0x61, 0x69, 0x2D, 0x76, 0x6F, 0x73, 0x20,
    0x64, 0x61, 0x0D, 0x0A, 0x4D, 0x65, 0x64, 0x75, 0x73, 0x61, 0x2E, 0x20, 0x41, 0x71, 0x75, 0x65,
    0x6C, 0x65, 0x20, 0x71, 0x75, 0x65, 0x20, 0x61, 0x20, 0x66, 0x69, 0x74, 0x61, 0x72, 0x20, 0x6E,
    0x6F, 0x73, 0x20, 0x6F, 0x6C, 0x68, 0x6F, 0x73, 0x0D, 0x0A, 0x65, 0x73, 0x74, 0xA0, 0x20, 0x63,
    0x6F, 0x6E, 0x64, 0x65, 0x6E, 0x61, 0x64, 0x6F, 0x20, 0x85, 0x20, 0x6D, 0x65, 0x73, 0x6D, 0x61,
    0x20, 0x73, 0x6F, 0x72, 0x74, 0x65, 0x20, 0x71, 0x75, 0x65, 0x20, 0x63, 0x6F, 0x75, 0x62, 0x65,
    0x0D, 0x0A, 0x61, 0x6F, 0x20, 0x70, 0x6F, 0x62, 0x72, 0x65, 0x20, 0x49, 0x63, 0x68, 0x69, 0x6F,
    0x73, 0x2C, 0x20, 0x65, 0x20, 0x6A, 0x61, 0x6D, 0x61, 0x69, 0x73, 0x20, 0x74, 0x6F, 0x72, 0x6E,
    0x61, 0x72, 0xA0, 0x20, 0x61, 0x20, 0x76, 0x65, 0x72, 0x0D, 0x0A, 0x53, 0x65, 0x72, 0x69, 0x66,
    0x6F, 0x73, 0x2E, 0x22, 0x0D, 0x0A, 0x22, 0x44, 0x65, 0x76, 0x65, 0x6D, 0x6F, 0x73, 0x20, 0x73,
    0x65, 0x67, 0x75, 0x69, 0x72, 0x20, 0x64, 0x65, 0x20, 0x6F, 0x6C, 0x68, 0x6F, 0x73, 0x20, 0x76,
    0x65, 0x6E, 0x64, 0x61, 0x64, 0x6F, 0x73, 0x3F, 0x22, 0x0D, 0x0A, 0x70, 0x65, 0x72, 0x67, 0x75,
    0x6E, 0x74, 0x6F, 0x75, 0x20, 0x59, 0x6D, 0x65, 0x6C, 0x6F, 0x70, 0x73, 0x2E, 0x0D, 0x0A, 0x22,
    0x54, 0x6F, 0x6D, 0x61, 0x69, 0x20, 0x76, 0x6F, 0x73, 0x73, 0x6F, 0x73, 0x20, 0x65, 0x73, 0x63,
    0x75, 0x64, 0x6F, 0x73, 0x20, 0x64, 0x65, 0x20, 0x62, 0x72, 0x6F, 0x6E, 0x7A, 0x65, 0x20, 0x65,
    0x0D, 0x0A, 0x70, 0x6F, 0x6C, 0x69, 0x2D, 0x6F, 0x73, 0x20, 0x61, 0x74, 0x82, 0x20, 0x71, 0x75,
    0x65, 0x20, 0x66, 0x61, 0xA1, 0x73, 0x71, 0x75, 0x65, 0x6D, 0x20, 0x61, 0x6F, 0x20, 0x73, 0x6F,
    0x6C, 0x22, 0x2C, 0x0D, 0x0A, 0x72, 0x65, 0x73, 0x70, 0x6F, 0x6E, 0x64, 0x65, 0x75, 0x20, 0x50,
    0x65, 0x72, 0x73, 0x65, 0x75, 0x2E, 0x20, 0x22, 0x45, 0x6E, 0x63, 0x68, 0x65, 0x69, 0x20, 0x64,
    0x65, 0x20, 0x63, 0x6F, 0x72, 0x61, 0x67, 0x65, 0x6D, 0x0D, 0x0A, 0x76, 0x6F, 0x73, 0x73, 0x6F,
    0x73, 0x20, 0x63, 0x6F, 0x72, 0x61, 0x87, 0xE4, 0x65, 0x73, 0x2E, 0x0D, 0x0A, 0x23, 0x50, 0x51,
    0x75, 0x65, 0x20, 0xB5, 0x72, 0x74, 0x65, 0x6D, 0x69, 0x73, 0x20, 0x6E, 0x6F, 0x73, 0x20, 0x67,
    0x75, 0x69, 0x65, 0x20, 0x63, 0x6F, 0x6D, 0x6F, 0x20, 0x73, 0x65, 0x20, 0x66, 0x93, 0x73, 0x73,
    0x65, 0x6D, 0x6F, 0x73, 0x0D, 0x0A, 0x75, 0x6D, 0x61, 0x20, 0x66, 0x6C, 0x65, 0x63, 0x68, 0x61,
    0x20, 0x64, 0x65, 0x20, 0x73, 0x75, 0x61, 0x20, 0x61, 0x6C, 0x6A, 0x61, 0x76, 0x61, 0x2E, 0x22,
    0x0D, 0x0A, 0x23, 0x50, 0x4D, 0x61, 0x73, 0x20, 0x59, 0x6D, 0x65, 0x6C, 0x6F, 0x70, 0x73, 0x20,
    0x6E, 0xC6, 0x6F, 0x20, 0x73, 0x65, 0x20, 0x64, 0x65, 0x75, 0x20, 0x70, 0x6F, 0x72, 0x20, 0x73,
    0x61, 0x74, 0x69, 0x73, 0x66, 0x65, 0x69, 0x74, 0x6F, 0x2E, 0x0D, 0x0A, 0x22, 0x50, 0x61, 0x72,
    0x61, 0x20, 0x71, 0x75, 0x88, 0x2C, 0x20, 0x50, 0x65, 0x72, 0x73, 0x65, 0x75, 0x3F, 0x20, 0x54,
    0x72, 0x88, 0x73, 0x20, 0x70, 0x6F, 0x6C, 0x65, 0x67, 0x61, 0x64, 0x61, 0x73, 0x20, 0x64, 0x65,
    0x0D, 0x0A, 0x6D, 0x65, 0x74, 0x61, 0x6C, 0x20, 0x61, 0x66, 0x69, 0x61, 0x64, 0x6F, 0x20, 0x6E,
    0xC6, 0x6F, 0x20, 0x62, 0x61, 0x73, 0x74, 0x61, 0x6D, 0x20, 0x70, 0x61, 0x72, 0x61, 0x20, 0x64,
    0x65, 0x73, 0x74, 0x72, 0x75, 0x69, 0x72, 0x0D, 0x0A, 0x65, 0x73, 0x73, 0x61, 0x73, 0x20, 0x63,
    0x72, 0x69, 0x61, 0x74, 0x75, 0x72, 0x61, 0x73, 0x20, 0x6D, 0x61, 0x6C, 0x64, 0x69, 0x74, 0x61,
    0x73, 0x3F, 0x22, 0x20, 0x45, 0x6E, 0x74, 0xC6, 0x6F, 0x20, 0x50, 0x65, 0x72, 0x73, 0x65, 0x75,
    0x0D, 0x0A, 0x64, 0x65, 0x73, 0x65, 0x6D, 0x62, 0x61, 0x69, 0x6E, 0x68, 0x6F, 0x75, 0x20, 0x61,
    0x20, 0x65, 0x73, 0x70, 0x61, 0x64, 0x61, 0x2C, 0x20, 0x71, 0x75, 0x65, 0x20, 0x72, 0x65, 0x6C,
    0x75, 0x7A, 0x69, 0x61, 0x20, 0x65, 0x0D, 0x0A, 0x63, 0x69, 0x6E, 0x74, 0x69, 0x6C, 0x61, 0x76,
    0x61, 0x20, 0x61, 0x6F, 0x20, 0x73, 0x6F, 0x6C, 0x2C, 0x20, 0x65, 0x20, 0x63, 0x6F, 0x6D, 0x20,
    0x65, 0x6C, 0x61, 0x20, 0x6F, 0x66, 0x75, 0x73, 0x63, 0x6F, 0x75, 0x0D, 0x0A, 0x59, 0x6D, 0x65,
    0x6C, 0x6F, 0x70, 0x73, 0x2E, 0x0D, 0x0A, 0x22, 0x45, 0x20, 0x61, 0x67, 0x6F, 0x72, 0x61, 0x2C,
    0x20, 0x71, 0x75, 0x65, 0x20, 0x76, 0x88, 0x73, 0x3F, 0x22, 0x20, 0x4F, 0x73, 0x20, 0x63, 0x6F,
    0x6D, 0x70, 0x61, 0x6E, 0x68, 0x65, 0x69, 0x72, 0x6F, 0x73, 0x20, 0x64, 0x6F, 0x0D, 0x0A, 0x66,
    0x69, 0x6C, 0x68, 0x6F, 0x20, 0x64, 0x65, 0x20, 0x5A, 0x65, 0x75, 0x73, 0x20, 0x72, 0x69, 0x72,
    0x61, 0x6D, 0x2E, 0x20, 0x22, 0x4D, 0xC6, 0x6F, 0x73, 0x20, 0x85, 0x20, 0x6F, 0x62, 0x72, 0x61,
    0x2C, 0x20, 0x70, 0x61, 0x72, 0x61, 0x0D, 0x0A, 0x71, 0x75, 0x65, 0x20, 0x6E, 0x6F, 0x73, 0x73,
    0x6F, 0x73, 0x20, 0x65, 0x73, 0x63, 0x75, 0x64, 0x6F, 0x73, 0x20, 0x62, 0x72, 0x69, 0x6C, 0x68,
    0x65, 0x6D, 0x20, 0x63, 0x6F, 0x6D, 0x6F, 0x0D, 0x0A, 0x65, 0x73, 0x70, 0x65, 0x6C, 0x68, 0x6F,
    0x73, 0x2E, 0x22, 0x0D, 0x0A, 0x1A, 0x0D, 0x0A, 0x00, 0x00, 0x00, 0x00, 0x05, 0x03, 0x00, 0x00,
    0x05, 0x03, 0x00, 0x00, 0x00, 0x00, 0x00, 0x00, 0x0D, 0x0A, 0x0D, 0x0A, 0x0D, 0x0A, 0x0D, 0x0A,
    0x23, 0x43, 0x46, 0x72, 0x61, 0x67, 0x6D, 0x65, 0x6E, 0x74, 0x6F, 0x73, 0x0D, 0x0A, 0x23, 0x43,
    0x64, 0x6F, 0x20, 0x4C, 0x69, 0x76, 0x72, 0x6F, 0x0D, 0x0A, 0x23, 0x43, 0x64, 0x65, 0x20, 0x41,
    0x62, 0x64, 0x75, 0x6C, 0x2E, 0x0D, 0x0A, 0x23, 0x50, 0x4E, 0x61, 0x20, 0x61, 0x6E, 0x74, 0x69,
    0x67, 0x61, 0x20, 0x63, 0x69, 0x64, 0x61, 0x64, 0x65, 0x20, 0x64, 0x61, 0x20, 0x6D, 0x6F, 0x72,
    0x74, 0x61, 0x20, 0x52, 0x27, 0x6C, 0x79, 0x65, 0x68, 0x2C, 0x0D, 0x0A, 0x43, 0x74, 0x68, 0x75,
    0x6C, 0x68, 0x75, 0x20, 0x73, 0x6F, 0x6E, 0x68, 0x61, 0x20, 0x65, 0x20, 0x65, 0x73, 0x70, 0x65,
    0x72, 0x61, 0x2E, 0x20, 0x4E, 0x6F, 0x20, 0x61, 0x62, 0x69, 0x73, 0x6D, 0x6F, 0x20, 0x64, 0x6F,
    0x0D, 0x0A, 0x74, 0x65, 0x6D, 0x70, 0x6F, 0x2C, 0x20, 0x6F, 0x20, 0x69, 0x6E, 0x64, 0x69, 0x7A,
    0xA1, 0x76, 0x65, 0x6C, 0x20, 0x65, 0x73, 0x74, 0xA0, 0x20, 0x85, 0x20, 0x65, 0x73, 0x70, 0x72,
    0x65, 0x69, 0x74, 0x61, 0x2E, 0x20, 0x4E, 0xC6, 0x6F, 0x0D, 0x0A, 0x65, 0x73, 0x74, 0xA0, 0x20,
    0x6D, 0x6F, 0x72, 0x74, 0x6F, 0x20, 0x6F, 0x20, 0x71, 0x75, 0x65, 0x20, 0x70, 0x6F, 0x64, 0x65,
    0x20, 0x65, 0x74, 0x65, 0x72, 0x6E, 0x61, 0x6D, 0x65, 0x6E, 0x74, 0x65, 0x20, 0x6A, 0x61, 0x7A,
    0x65, 0x72, 0x2E, 0x0D, 0x0A, 0x52, 0x27, 0x6C, 0x79, 0x65, 0x68, 0x2C, 0x20, 0x74, 0x65, 0x75,
    0x73, 0x20, 0x62, 0x6C, 0x6F, 0x63, 0x6F, 0x73, 0x20, 0x64, 0x65, 0x20, 0x70, 0x65, 0x64, 0x72,
    0x61, 0x20, 0x73, 0x65, 0x6C, 0x61, 0x6D, 0x20, 0x6F, 0x0D, 0x0A, 0x72, 0x69, 0x74, 0x75, 0x61,
    0x6C, 0x20, 0x71, 0x75, 0x65, 0x20, 0x64, 0xA0, 0x20, 0x85, 0x20, 0x6C, 0x75, 0x7A, 0x20, 0x6F,
    0x20, 0x6D, 0x65, 0x64, 0x6F, 0x2E, 0x0D, 0x0A, 0x0D, 0x0A, 0x23, 0x43, 0x43, 0x74, 0x68, 0x75,
    0x6C, 0x68, 0x75, 0x20, 0x66, 0x68, 0x74, 0x61, 0x67, 0x6E, 0x2C, 0x0D, 0x0A, 0x23, 0x43, 0x43,
    0x74, 0x68, 0x75, 0x6C, 0x68, 0x75, 0x20, 0x66, 0x68, 0x74, 0x61, 0x67, 0x6E, 0x2E, 0x0D, 0x0A,
    0x23, 0x43, 0x49, 0x61, 0x65, 0x65, 0x68, 0x2E, 0x0D, 0x0A, 0x23, 0x43, 0x49, 0x61, 0x65, 0x65,
    0x68, 0x2E, 0x0D, 0x0A, 0x23, 0x50, 0x51, 0x75, 0x65, 0x20, 0x61, 0x6A, 0x61, 0x20, 0x61, 0x71,
    0x75, 0x65, 0x6C, 0x65, 0x20, 0x71, 0x75, 0x65, 0x20, 0x73, 0x61, 0x62, 0x65, 0x20, 0x69, 0x6E,
    0x76, 0x6F, 0x63, 0x61, 0x72, 0x20, 0x61, 0x73, 0x0D, 0x0A, 0x70, 0x65, 0x64, 0x72, 0x61, 0x73,
    0x2E, 0x20, 0x90, 0x20, 0x63, 0x68, 0x65, 0x67, 0x61, 0x64, 0x61, 0x20, 0x61, 0x20, 0x68, 0x6F,
    0x72, 0x61, 0x2E, 0x20, 0x51, 0x75, 0x65, 0x20, 0x61, 0x20, 0x73, 0x6F, 0x6D, 0x62, 0x72, 0x61,
    0x0D, 0x0A, 0x64, 0x65, 0x20, 0x43, 0x74, 0x68, 0x75, 0x6C, 0x68, 0x75, 0x20, 0x65, 0x73, 0x63,
    0x75, 0x72, 0x65, 0x87, 0x61, 0x20, 0x6F, 0x20, 0x63, 0x82, 0x75, 0x2E, 0x20, 0x51, 0x75, 0x65,
    0x20, 0x6F, 0x20, 0x73, 0x65, 0x72, 0x76, 0x6F, 0x0D, 0x0A, 0x64, 0x61, 0x20, 0x43, 0x61, 0x62,
    0x72, 0x61, 0x20, 0x4E, 0x65, 0x67, 0x72, 0x61, 0x20, 0x64, 0x6F, 0x73, 0x20, 0x42, 0x6F, 0x73,
    0x71, 0x75, 0x65, 0x73, 0x20, 0x63, 0x6F, 0x6D, 0x20, 0x4D, 0x69, 0x6C, 0x20, 0x43, 0x72, 0x69,
    0x61, 0x73, 0x0D, 0x0A, 0x74, 0x6F, 0x71, 0x75, 0x65, 0x20, 0x73, 0x75, 0x61, 0x20, 0x66, 0x6C,
    0x61, 0x75, 0x74, 0x61, 0x20, 0x65, 0x6D, 0x20, 0x68, 0x6F, 0x6E, 0x72, 0x61, 0x20, 0x64, 0x6F,
    0x20, 0x69, 0x6E, 0x64, 0x69, 0x7A, 0xA1, 0x76, 0x65, 0x6C, 0x2E, 0x0D, 0x0A, 0x0D, 0x0A, 0x23,
    0x43, 0x43, 0x74, 0x68, 0x75, 0x6C, 0x68, 0x75, 0x20, 0x66, 0x68, 0x74, 0x61, 0x67, 0x6E, 0x2C,
    0x0D, 0x0A, 0x23, 0x43, 0x43, 0x74, 0x68, 0x75, 0x6C, 0x68, 0x75, 0x20, 0x66, 0x68, 0x74, 0x61,
    0x67, 0x6E, 0x2E, 0x0D, 0x0A, 0x23, 0x43, 0x49, 0x61, 0x65, 0x65, 0x68, 0x2E, 0x0D, 0x0A, 0x23,
    0x43, 0x49, 0x61, 0x65, 0x65, 0x68, 0x2E, 0x0D, 0x0A, 0x23, 0x50, 0x51, 0x75, 0x65, 0x20, 0x61,
    0x71, 0x75, 0x65, 0x6C, 0x65, 0x20, 0x71, 0x75, 0x65, 0x20, 0x6E, 0xC6, 0x6F, 0x20, 0x70, 0x6F,
    0x64, 0x65, 0x20, 0x73, 0x65, 0x72, 0x20, 0x6E, 0x6F, 0x6D, 0x65, 0x61, 0x64, 0x6F, 0x0D, 0x0A,
    0x6C, 0x61, 0x6E, 0x63, 0x65, 0x20, 0x73, 0x65, 0x75, 0x20, 0x6F, 0x6C, 0x68, 0x61, 0x72, 0x20,
    0x66, 0x75, 0x6C, 0x6D, 0x69, 0x6E, 0x61, 0x6E, 0x74, 0x65, 0x20, 0x73, 0x6F, 0x62, 0x72, 0x65,
    0x20, 0x6F, 0x0D, 0x0A, 0x64, 0x65, 0x73, 0x63, 0x72, 0x65, 0x6E, 0x74, 0x65, 0x2C, 0x20, 0x70,
    0x6F, 0x69, 0x73, 0x20, 0x65, 0x6C, 0x65, 0x20, 0x82, 0x20, 0x61, 0x20, 0x70, 0x6F, 0x72, 0x74,
    0x61, 0x2C, 0x20, 0x61, 0x20, 0x63, 0x68, 0x61, 0x76, 0x65, 0x20, 0x65, 0x0D, 0x0A, 0x6F, 0x20,
    0x67, 0x75, 0x61, 0x72, 0x64, 0x69, 0xC6, 0x6F, 0x20, 0x64, 0x61, 0x20, 0x70, 0x6F, 0x72, 0x74,
    0x61, 0x2C, 0x20, 0x65, 0x20, 0x61, 0x67, 0x6F, 0x72, 0x61, 0x20, 0x76, 0x6F, 0x73, 0x20, 0x74,
    0x65, 0x6D, 0x20, 0x65, 0x6D, 0x0D, 0x0A, 0x73, 0x65, 0x75, 0x20, 0x69, 0x6D, 0x65, 0x6E, 0x73,
    0x6F, 0x20, 0x70, 0x6F, 0x64, 0x65, 0x72, 0x2E, 0x0D, 0x0A, 0x1A, 0x0D, 0x0A, 0x00, 0x00, 0x00,
    0x00, 0x02, 0x0F, 0x00, 0x00, 0x02, 0x0F, 0x00, 0x00, 0x00, 0x00, 0x00, 0x00, 0x0D, 0x0A, 0x0D,
    0x0A, 0x23, 0x43, 0x53, 0x65, 0x20, 0x61, 0x73, 0x20, 0x50, 0x65, 0x64, 0x72, 0x61, 0x73, 0x20,
    0x46, 0x61, 0x6C, 0x61, 0x73, 0x73, 0x65, 0x6D, 0x0D, 0x0A, 0x0D, 0x0A, 0x23, 0x43, 0x6F, 0x75,
    0x0D, 0x0A, 0x0D, 0x0A, 0x23, 0x43, 0x41, 0x20, 0x48, 0x69, 0x73, 0x74, 0xA2, 0x72, 0x69, 0x61,
    0x20, 0x64, 0x65, 0x20, 0x75, 0x6D, 0x61, 0x20, 0x46, 0x61, 0x7A, 0x65, 0x6E, 0x64, 0x61, 0x0D,
    0x0A, 0x23, 0x43, 0x6E, 0x61, 0x20, 0x4C, 0x75, 0x69, 0x73, 0x69, 0x61, 0x6E, 0x61, 0x0D, 0x0A,
    0x0D, 0x0A, 0x23, 0x43, 0x2A, 0x0D, 0x0A, 0x23, 0x43, 0x2A, 0x0D, 0x0A, 0x23, 0x43, 0x70, 0x65,
    0x6C, 0x6F, 0x0D, 0x0A, 0x23, 0x43, 0x4D, 0x61, 0x72, 0x71, 0x75, 0x88, 0x73, 0x20, 0x64, 0x65,
    0x20, 0x43, 0x68, 0x61, 0x6D, 0x70, 0x66, 0x72, 0x65, 0x79, 0x2E, 0x0D, 0x0A, 0x23, 0x50, 0x23,
    0x54, 0x41, 0x70, 0xA2, 0x73, 0x20, 0x61, 0x20, 0x63, 0x72, 0x69, 0x6D, 0x69, 0x6E, 0x6F, 0x73,
    0x61, 0x20, 0x76, 0x65, 0x6E, 0x64, 0x61, 0x20, 0x64, 0x61, 0x20, 0x46, 0x6C, 0xA2, 0x72, 0x69,
    0x64, 0x61, 0x0D, 0x0A, 0x70, 0x65, 0x6C, 0x6F, 0x20, 0x76, 0x69, 0x6C, 0x20, 0x75, 0x73, 0x75,
    0x72, 0x70, 0x61, 0x64, 0x6F, 0x72, 0x2C, 0x20, 0x6D, 0x65, 0x75, 0x20, 0x70, 0x61, 0x69, 0x20,
    0x64, 0x65, 0x63, 0x69, 0x64, 0x69, 0x75, 0x0D, 0x0A, 0x70, 0x65, 0x72, 0x6D, 0x61, 0x6E, 0x65,
    0x63, 0x65, 0x72, 0x20, 0x6E, 0x65, 0x73, 0x74, 0x61, 0x20, 0x74, 0x65, 0x72, 0x72, 0x61, 0x20,
    0x69, 0x6E, 0xA2, 0x73, 0x70, 0x69, 0x74, 0x61, 0x2C, 0x20, 0x6F, 0x6E, 0x64, 0x65, 0x20, 0x61,
    0x6F, 0x0D, 0x0A, 0x6D, 0x65, 0x6E, 0x6F, 0x73, 0x20, 0x82, 0x72, 0x61, 0x6D, 0x6F, 0x73, 0x20,
    0x6C, 0x69, 0x76, 0x72, 0x65, 0x73, 0x20, 0x70, 0x61, 0x72, 0x61, 0x20, 0x65, 0x78, 0x70, 0x72,
    0x69, 0x6D, 0x69, 0x72, 0x20, 0x6E, 0x6F, 0x73, 0x73, 0x6F, 0x73, 0x0D, 0x0A, 0x73, 0x65, 0x6E,
    0x74, 0x69, 0x6D, 0x65, 0x6E, 0x74, 0x6F, 0x73, 0x20, 0x6D, 0x6F, 0x6E, 0x61, 0x72, 0x71, 0x75,
    0x69, 0x73, 0x74, 0x61, 0x73, 0x20, 0x65, 0x20, 0x65, 0x73, 0x70, 0x65, 0x72, 0x61, 0x72, 0x20,
    0x71, 0x75, 0x65, 0x0D, 0x0A, 0x6E, 0x6F, 0x73, 0x73, 0x61, 0x20, 0x70, 0xA0, 0x74, 0x72, 0x69,
    0x61, 0x20, 0x72, 0x65, 0x63, 0x6F, 0x62, 0x72, 0x61, 0x73, 0x73, 0x65, 0x20, 0x6F, 0x20, 0x6A,
    0x75, 0xA1, 0x7A, 0x6F, 0x2E, 0x0D, 0x0A, 0x45, 0x6D, 0x20, 0x31, 0x38, 0x31, 0x38, 0x2C, 0x20,
    0x75, 0x6D, 0x20, 0x63, 0x65, 0x72, 0x74, 0x6F, 0x20, 0x50, 0x69, 0x63, 0x6B, 0x66, 0x6F, 0x72,
    0x64, 0x20, 0x61, 0x64, 0x71, 0x75, 0x69, 0x72, 0x69, 0x75, 0x20, 0x61, 0x73, 0x0D, 0x0A, 0x74,
    0x65, 0x72, 0x72, 0x61, 0x73, 0x20, 0x64, 0x65, 0x20, 0x4C, 0x65, 0x64, 0x6F, 0x75, 0x78, 0x2C,
    0x20, 0x64, 0x65, 0x70, 0x6F, 0x69, 0x73, 0x20, 0x71, 0x75, 0x65, 0x20, 0x6F, 0x20, 0x70, 0x6F,
    0x62, 0x72, 0x65, 0x0D, 0x0A, 0x68, 0x6F, 0x6D, 0x65, 0x6D, 0x20, 0x73, 0x65, 0x20, 0x61, 0x72,
    0x72, 0x75, 0x69, 0x6E, 0x61, 0x72, 0x61, 0x20, 0x65, 0x6D, 0x20, 0x65, 0x73, 0x70, 0x65, 0x63,
    0x75, 0x6C, 0x61, 0x87, 0xE4, 0x65, 0x73, 0x0D, 0x0A, 0x69, 0x6E, 0x66, 0x65, 0x6C, 0x69, 0x7A,
    0x65, 0x73, 0x2E, 0x20, 0x50, 0x69, 0x63, 0x6B, 0x66, 0x6F, 0x72, 0x64, 0x20, 0x6C, 0x6F, 0x67,
    0x6F, 0x20, 0x73, 0x65, 0x20, 0x72, 0x65, 0x76, 0x65, 0x6C, 0x6F, 0x75, 0x20, 0x6F, 0x0D, 0x0A,
    0x73, 0x65, 0x72, 0x20, 0x68, 0x75, 0x6D, 0x61, 0x6E, 0x6F, 0x20, 0x6D, 0x61, 0x69, 0x73, 0x20,
    0x61, 0x62, 0x6F, 0x6D, 0x69, 0x6E, 0xA0, 0x76, 0x65, 0x6C, 0x20, 0x71, 0x75, 0x65, 0x20, 0x6A,
    0x61, 0x6D, 0x61, 0x69, 0x73, 0x0D, 0x0A, 0x68, 0x61, 0x76, 0xA1, 0x61, 0x6D, 0x6F, 0x73, 0x20,
    0x65, 0x6E, 0x63, 0x6F, 0x6E, 0x74, 0x72, 0x61, 0x64, 0x6F, 0x2E, 0x0D, 0x0A, 0x23, 0x50, 0x23,
    0x54, 0x23, 0x54, 0x45, 0x72, 0x61, 0x20, 0x75, 0x6D, 0x20, 0x61, 0x76, 0x65, 0x6E, 0x74, 0x75,
    0x72, 0x65, 0x69, 0x72, 0x6F, 0x20, 0x64, 0x61, 0x20, 0x70, 0x69, 0x6F, 0x72, 0x0D, 0x0A, 0x65,
    0x73, 0x70, 0x82, 0x63, 0x69, 0x65, 0x2C, 0x20, 0x6E, 0x6F, 0x76, 0x6F, 0x2D, 0x72, 0x69, 0x63,
    0x6F, 0x20, 0x65, 0x20, 0x69, 0x6E, 0x63, 0x68, 0x61, 0x64, 0x6F, 0x20, 0x64, 0x65, 0x20, 0x75,
    0x6D, 0x61, 0x0D, 0x0A, 0x67, 0x72, 0x6F, 0x74, 0x65, 0x73, 0x63, 0x61, 0x20, 0x70, 0x72, 0x65,
    0x73, 0x75, 0x6E, 0x87, 0xC6, 0x6F, 0x2E, 0x20, 0x50, 0x72, 0x69, 0x6D, 0x65, 0x69, 0x72, 0x6F,
    0x20, 0x76, 0x65, 0x69, 0x6F, 0x20, 0x6F, 0x0D, 0x0A, 0x69, 0x6E, 0x63, 0x65, 0x73, 0x73, 0x61,
    0x6E, 0x74, 0x65, 0x20, 0x65, 0x78, 0x82, 0x72, 0x63, 0x69, 0x74, 0x6F, 0x20, 0x64, 0x65, 0x20,
    0x68, 0x6F, 0x6D, 0x65, 0x6E, 0x73, 0x20, 0x63, 0x6F, 0x6D, 0x20, 0x70, 0xA0, 0x73, 0x2C, 0x0D,
    0x0A, 0x63, 0x61, 0x76, 0x61, 0x6E, 0x64, 0x6F, 0x20, 0x61, 0x20, 0x6D, 0x6F, 0x6E, 0x74, 0x61,
    0x6E, 0x68, 0x61, 0x20, 0x64, 0x65, 0x20, 0x74, 0x65, 0x72, 0x72, 0x61, 0x20, 0x71, 0x75, 0x65,
    0x20, 0x68, 0x61, 0x76, 0x65, 0x72, 0x69, 0x61, 0x0D, 0x0A, 0x64, 0x65, 0x20, 0x61, 0x74, 0x65,
    0x72, 0x72, 0x61, 0x72, 0x20, 0x6F, 0x20, 0x70, 0x83, 0x6E, 0x74, 0x61, 0x6E, 0x6F, 0x20, 0x61,
    0x6F, 0x20, 0x72, 0x65, 0x64, 0x6F, 0x72, 0x2E, 0x20, 0x41, 0x0D, 0x0A, 0x65, 0x6D, 0x70, 0x72,
    0x65, 0x69, 0x74, 0x61, 0x64, 0x61, 0x20, 0x65, 0x72, 0x61, 0x20, 0x63, 0x6F, 0x6C, 0x6F, 0x73,
    0x73, 0x61, 0x6C, 0x2E, 0x0D, 0x0A, 0x53, 0x6F, 0x75, 0x62, 0x65, 0x6D, 0x6F, 0x73, 0x20, 0x70,
    0x6F, 0x72, 0x20, 0x75, 0x6D, 0x20, 0x65, 0x73, 0x63, 0x72, 0x61, 0x76, 0x6F, 0x20, 0x71, 0x75,
    0x65, 0x20, 0x6F, 0x20, 0x6F, 0x62, 0x6A, 0x65, 0x74, 0x69, 0x76, 0x6F, 0x0D, 0x0A, 0x66, 0x69,
    0x6E, 0x61, 0x6C, 0x20, 0x65, 0x72, 0x61, 0x20, 0x6C, 0x69, 0x67, 0x61, 0x72, 0x20, 0x61, 0x73,
    0x20, 0x67, 0x72, 0x75, 0x74, 0x61, 0x73, 0x20, 0x65, 0x78, 0x69, 0x73, 0x74, 0x65, 0x6E, 0x74,
    0x65, 0x73, 0x20, 0x61, 0x0D, 0x0A, 0x75, 0x6D, 0x61, 0x20, 0x6F, 0x75, 0x74, 0x72, 0x61, 0x2C,
    0x20, 0x64, 0x65, 0x20, 0x70, 0x72, 0x6F, 0x70, 0x6F, 0x72, 0x87, 0xE4, 0x65, 0x73, 0x20, 0x67,
    0x69, 0x67, 0x61, 0x6E, 0x74, 0x65, 0x73, 0x63, 0x61, 0x73, 0x2E, 0x0D, 0x0A, 0x23, 0x50, 0x23,
    0x54, 0x23, 0x54, 0x41, 0x74, 0x6F, 0x72, 0x6D, 0x65, 0x6E, 0x74, 0x61, 0x64, 0x6F, 0x20, 0x70,
    0x6F, 0x72, 0x20, 0x75, 0x6D, 0x61, 0x20, 0x6D, 0x61, 0x6E, 0x69, 0x61, 0x20, 0x64, 0x65, 0x0D,
    0x0A, 0x70, 0x65, 0x72, 0x73, 0x65, 0x67, 0x75, 0x69, 0x87, 0xC6, 0x6F, 0x2C, 0x20, 0x45, 0x6C,
    0x69, 0x61, 0x68, 0x20, 0x50, 0x69, 0x63, 0x6B, 0x66, 0x6F, 0x72, 0x64, 0x20, 0x64, 0x65, 0x73,
    0x70, 0x65, 0x64, 0x69, 0x61, 0x20, 0x73, 0x65, 0x6D, 0x0D, 0x0A, 0x63, 0x65, 0x73, 0x73, 0x61,
    0x72, 0x20, 0x73, 0x65, 0x75, 0x73, 0x20, 0x74, 0x72, 0x61, 0x62, 0x61, 0x6C, 0x68, 0x61, 0x64,
    0x6F, 0x72, 0x65, 0x73, 0x20, 0x65, 0x20, 0x63, 0x6F, 0x6E, 0x74, 0x72, 0x61, 0x74, 0x61, 0x76,
    0x61, 0x0D, 0x0A, 0x6F, 0x75, 0x74, 0x72, 0x6F, 0x73, 0x2E, 0x20, 0x46, 0x61, 0x7A, 0x69, 0x61,
    0x20, 0x64, 0x65, 0x20, 0x74, 0x75, 0x64, 0x6F, 0x20, 0x70, 0x61, 0x72, 0x61, 0x20, 0x71, 0x75,
    0x65, 0x20, 0x6E, 0x69, 0x6E, 0x67, 0x75, 0x82, 0x6D, 0x0D, 0x0A, 0x76, 0x69, 0x65, 0x73, 0x73,
    0x65, 0x20, 0x61, 0x20, 0x63, 0x6F, 0x6E, 0x68, 0x65, 0x63, 0x65, 0x72, 0x20, 0x73, 0x65, 0x75,
    0x73, 0x20, 0x70, 0x6C, 0x61, 0x6E, 0x6F, 0x73, 0x2E, 0x20, 0x4D, 0x65, 0x75, 0x20, 0x70, 0x61,
    0x69, 0x0D, 0x0A, 0x73, 0x65, 0x20, 0x64, 0x69, 0x76, 0x65, 0x72, 0x74, 0x69, 0x61, 0x20, 0x65,
    0x20, 0x64, 0x69, 0x7A, 0x69, 0x61, 0x3A, 0x20, 0x22, 0x4F, 0x20, 0x70, 0x6F, 0x62, 0x72, 0x65,
    0x20, 0x74, 0x6F, 0x6C, 0x6F, 0x0D, 0x0A, 0x61, 0x63, 0x61, 0x62, 0x61, 0x72, 0xA0, 0x20, 0x73,
    0x65, 0x20, 0x70, 0x65, 0x72, 0x64, 0x65, 0x6E, 0x64, 0x6F, 0x20, 0x65, 0x6D, 0x20, 0x73, 0x75,
    0x61, 0x20, 0x70, 0x72, 0xA2, 0x70, 0x72, 0x69, 0x61, 0x0D, 0x0A, 0x63, 0x61, 0x76, 0x65, 0x72,
    0x6E, 0x61, 0x21, 0x22, 0x0D, 0x0A, 0x23, 0x50, 0x41, 0x73, 0x20, 0x70, 0x61, 0x72, 0x65, 0x64,
    0x65, 0x73, 0x20, 0x73, 0x65, 0x20, 0x65, 0x72, 0x67, 0x75, 0x69, 0x61, 0x6D, 0x20, 0x65, 0x20,
    0x61, 0x73, 0x20, 0x6C, 0xA1, 0x6E, 0x67, 0x75, 0x61, 0x73, 0x20, 0x73, 0x65, 0x0D, 0x0A, 0x73,
    0x6F, 0x6C, 0x74, 0x61, 0x76, 0x61, 0x6D, 0x2E, 0x20, 0x4E, 0x6F, 0x73, 0x73, 0x6F, 0x20, 0x64,
    0x65, 0x74, 0x65, 0x73, 0x74, 0xA0, 0x76, 0x65, 0x6C, 0x20, 0x76, 0x69, 0x7A, 0x69, 0x6E, 0x68,
    0x6F, 0x20, 0x66, 0x6F, 0x72, 0x61, 0x0D, 0x0A, 0x6D, 0x61, 0x72, 0x69, 0x6E, 0x68, 0x65, 0x69,
    0x72, 0x6F, 0x3B, 0x20, 0x75, 0x6D, 0x20, 0x72, 0x75, 0x66, 0x69, 0xC6, 0x6F, 0x20, 0x65, 0x6E,
    0x72, 0x69, 0x71, 0x75, 0x65, 0x63, 0x69, 0x64, 0x6F, 0x20, 0x65, 0x6D, 0x0D, 0x0A, 0x6E, 0x65,
    0x67, 0xA2, 0x63, 0x69, 0x6F, 0x73, 0x20, 0x64, 0x75, 0x76, 0x69, 0x64, 0x6F, 0x73, 0x6F, 0x73,
    0x2E, 0x20, 0x43, 0x6F, 0x6E, 0x74, 0x61, 0x76, 0x61, 0x6D, 0x2D, 0x73, 0x65, 0x20, 0x61, 0x20,
    0x73, 0x65, 0x75, 0x0D, 0x0A, 0x72, 0x65, 0x73, 0x70, 0x65, 0x69, 0x74, 0x6F, 0x20, 0x68, 0x69,
    0x73, 0x74, 0xA2, 0x72, 0x69, 0x61, 0x73, 0x20, 0x72, 0x65, 0x70, 0x75, 0x67, 0x6E, 0x61, 0x6E,
    0x74, 0x65, 0x73, 0x2E, 0x0D, 0x0A, 0x23, 0x47, 0x34, 0x0D, 0x0A, 0x23, 0x50, 0x23, 0x54, 0x23,
    0x54, 0x43, 0x6F, 0x6E, 0x63, 0x6C, 0x75, 0xA1, 0x64, 0x61, 0x73, 0x20, 0x61, 0x73, 0x20, 0x6F,
    0x62, 0x72, 0x61, 0x73, 0x2C, 0x20, 0x50, 0x69, 0x63, 0x6B, 0x66, 0x6F, 0x72, 0x64, 0x0D, 0x0A,
    0x63, 0x6F, 0x6E, 0x76, 0x69, 0x64, 0x6F, 0x75, 0x2D, 0x6E, 0x6F, 0x73, 0x20, 0x70, 0x61, 0x72,
    0x61, 0x20, 0x61, 0x20, 0x69, 0x6E, 0x61, 0x75, 0x67, 0x75, 0x72, 0x61, 0x87, 0xC6, 0x6F, 0x20,
    0x64, 0x65, 0x20, 0x73, 0x75, 0x61, 0x0D, 0x0A, 0x76, 0x61, 0x73, 0x74, 0x61, 0x20, 0x6D, 0x61,
    0x6E, 0x73, 0xC6, 0x6F, 0x2C, 0x20, 0x71, 0x75, 0x65, 0x20, 0x62, 0x61, 0x74, 0x69, 0x7A, 0x6F,
    0x75, 0x20, 0x64, 0x65, 0x20, 0x22, 0x44, 0x65, 0x72, 0x63, 0x65, 0x74, 0x6F, 0x22, 0x2E, 0x0D,
    0x0A, 0x4D, 0x65, 0x75, 0x20, 0x70, 0x61, 0x69, 0x20, 0x70, 0x65, 0x72, 0x67, 0x75, 0x6E, 0x74,
    0x6F, 0x75, 0x20, 0x6F, 0x20, 0x71, 0x75, 0x65, 0x20, 0x73, 0x69, 0x67, 0x6E, 0x69, 0x66, 0x69,
    0x63, 0x61, 0x76, 0x61, 0x0D, 0x0A, 0x61, 0x71, 0x75, 0x65, 0x6C, 0x65, 0x20, 0x6E, 0x6F, 0x6D,
    0x65, 0x20, 0x65, 0x73, 0x74, 0x72, 0x61, 0x6E, 0x68, 0x6F, 0x2E, 0x0D, 0x0A, 0x50, 0x69, 0x63,
    0x6B, 0x66, 0x6F, 0x72, 0x64, 0x20, 0x72, 0x65, 0x73, 0x70, 0x6F, 0x6E, 0x64, 0x65, 0x75, 0x3A,
    0x20, 0x22, 0x44, 0x65, 0x72, 0x63, 0x65, 0x74, 0x6F, 0x20, 0x6D, 0x65, 0x20, 0x6C, 0x65, 0x6D,
    0x62, 0x72, 0x61, 0x0D, 0x0A, 0x41, 0x73, 0x74, 0x61, 0x72, 0x74, 0x65, 0x2C, 0x20, 0x61, 0x20,
    0x64, 0x65, 0x75, 0x73, 0x61, 0x20, 0x64, 0x61, 0x20, 0x66, 0x65, 0x72, 0x74, 0x69, 0x6C, 0x69,
    0x64, 0x61, 0x64, 0x65, 0x2E, 0x20, 0x50, 0x6F, 0x72, 0x0D, 0x0A, 0x65, 0x73, 0x74, 0x61, 0x73,
    0x20, 0x62, 0x61, 0x6E, 0x64, 0x61, 0x73, 0x2C, 0x20, 0x6F, 0x20, 0x6E, 0x6F, 0x6D, 0x65, 0x20,
    0x82, 0x20, 0x53, 0x68, 0x75, 0x62, 0x2D, 0x4E, 0x69, 0x67, 0x67, 0x75, 0x72, 0x61, 0x74, 0x68,
    0x2C, 0x0D, 0x0A, 0x63, 0x72, 0x65, 0x69, 0x6F, 0x20, 0x65, 0x75, 0x2E, 0x22, 0x0D, 0x0A, 0x23,
    0x50, 0x4F, 0x75, 0x76, 0x69, 0x72, 0x20, 0x70, 0x72, 0x6F, 0x6E, 0x75, 0x6E, 0x63, 0x69, 0x61,
    0x64, 0x6F, 0x20, 0x65, 0x6D, 0x20, 0x76, 0x6F, 0x7A, 0x20, 0x61, 0x6C, 0x74, 0x61, 0x20, 0x75,
    0x6D, 0x20, 0x6E, 0x6F, 0x6D, 0x65, 0x0D, 0x0A, 0x74, 0xC6, 0x6F, 0x20, 0x69, 0x6D, 0x70, 0x72,
    0x65, 0x67, 0x6E, 0x61, 0x64, 0x6F, 0x20, 0x64, 0x65, 0x20, 0x6D, 0x61, 0x6C, 0x64, 0x61, 0x64,
    0x65, 0x20, 0x61, 0x62, 0x61, 0x6C, 0x6F, 0x75, 0x20, 0x6D, 0x65, 0x75, 0x20, 0x70, 0x61, 0x69,
    0x0D, 0x0A, 0x6D, 0x61, 0x69, 0x73, 0x20, 0x64, 0x6F, 0x20, 0x71, 0x75, 0x65, 0x20, 0x65, 0x6C,
    0x65, 0x20, 0x64, 0x65, 0x69, 0x78, 0x6F, 0x75, 0x20, 0x74, 0x72, 0x61, 0x6E, 0x73, 0x70, 0x61,
    0x72, 0x65, 0x63, 0x65, 0x72, 0x2C, 0x0D, 0x0A, 0x63, 0x6F, 0x6D, 0x6F, 0x20, 0x65, 0x6C, 0x65,
    0x20, 0x70, 0x72, 0xA2, 0x70, 0x72, 0x69, 0x6F, 0x20, 0x6D, 0x65, 0x20, 0x63, 0x6F, 0x6E, 0x66,
    0x69, 0x64, 0x65, 0x6E, 0x63, 0x69, 0x6F, 0x75, 0x20, 0x61, 0x6C, 0x67, 0x75, 0x6D, 0x0D, 0x0A,
    0x74, 0x65, 0x6D, 0x70, 0x6F, 0x20, 0x64, 0x65, 0x70, 0x6F, 0x69, 0x73, 0x2E, 0x0D, 0x0A, 0x23,
    0x50, 0x23, 0x54, 0x50, 0x61, 0x72, 0x74, 0x69, 0x6D, 0x6F, 0x73, 0x20, 0x69, 0x6D, 0x65, 0x64,
    0x69, 0x61, 0x74, 0x61, 0x6D, 0x65, 0x6E, 0x74, 0x65, 0x2E, 0x0D, 0x0A, 0x23, 0x50, 0x23, 0x54,
    0x23, 0x54, 0x45, 0x6D, 0x20, 0x6A, 0x75, 0x6E, 0x68, 0x6F, 0x20, 0x64, 0x65, 0x20, 0x31, 0x38,
    0x36, 0x32, 0x2C, 0x20, 0x44, 0x65, 0x72, 0x63, 0x65, 0x74, 0x6F, 0x20, 0x66, 0x6F, 0x69, 0x0D,
    0x0A, 0x63, 0x6F, 0x6E, 0x73, 0x75, 0x6D, 0x69, 0x64, 0x61, 0x20, 0x70, 0x65, 0x6C, 0x6F, 0x20,
    0x66, 0x6F, 0x67, 0x6F, 0x20, 0x65, 0x6D, 0x20, 0x63, 0x69, 0x72, 0x63, 0x75, 0x6E, 0x73, 0x74,
    0x83, 0x6E, 0x63, 0x69, 0x61, 0x73, 0x0D, 0x0A, 0x69, 0x6E, 0x65, 0x78, 0x70, 0x6C, 0x69, 0x63,
    0x61, 0x64, 0x61, 0x73, 0x3B, 0x20, 0x66, 0x6F, 0x69, 0x2C, 0x20, 0x73, 0x65, 0x6D, 0x20, 0x64,
    0xA3, 0x76, 0x69, 0x64, 0x61, 0x2C, 0x20, 0x6F, 0x62, 0x72, 0x61, 0x20, 0x64, 0x65, 0x0D, 0x0A,
    0x61, 0x6C, 0x67, 0x75, 0x6D, 0x20, 0x69, 0x61, 0x6E, 0x71, 0x75, 0x65, 0x20, 0x69, 0x6E, 0x76,
    0x65, 0x6A, 0x6F, 0x73, 0x6F, 0x2E, 0x20, 0x45, 0x72, 0x61, 0x20, 0x61, 0x73, 0x73, 0x6F, 0x6D,
    0x62, 0x72, 0x6F, 0x73, 0x6F, 0x0D, 0x0A, 0x76, 0x65, 0x72, 0x20, 0x6F, 0x73, 0x20, 0x63, 0x72,
    0x69, 0x61, 0x64, 0x6F, 0x73, 0x20, 0x6C, 0x61, 0x6E, 0x87, 0x61, 0x72, 0x65, 0x6D, 0x2D, 0x73,
    0x65, 0x20, 0x85, 0x73, 0x20, 0x63, 0x68, 0x61, 0x6D, 0x61, 0x73, 0x0D, 0x0A, 0x70, 0x61, 0x72,
    0x61, 0x20, 0x74, 0x65, 0x6E, 0x74, 0x61, 0x72, 0x20, 0x73, 0x61, 0x6C, 0x76, 0x61, 0x72, 0x20,
    0x73, 0x65, 0x75, 0x20, 0x61, 0x6D, 0x6F, 0x20, 0x63, 0x72, 0x69, 0x76, 0x61, 0x64, 0x6F, 0x20,
    0x64, 0x65, 0x0D, 0x0A, 0x62, 0x61, 0x6C, 0x61, 0x73, 0x2E, 0x0D, 0x0A, 0x44, 0x65, 0x70, 0x6F,
    0x69, 0x73, 0x20, 0x64, 0x61, 0x71, 0x75, 0x65, 0x6C, 0x61, 0x20, 0x6E, 0x6F, 0x69, 0x74, 0x65,
    0x20, 0x74, 0x65, 0x72, 0x72, 0xA1, 0x76, 0x65, 0x6C, 0x2C, 0x20, 0x44, 0x65, 0x72, 0x63, 0x65,
    0x74, 0x6F, 0x0D, 0x0A, 0x63, 0x61, 0x69, 0x75, 0x20, 0x65, 0x6D, 0x20, 0x72, 0x75, 0xA1, 0x6E,
    0x61, 0x73, 0x2E, 0x20, 0x53, 0x75, 0x61, 0x73, 0x20, 0x70, 0x61, 0x72, 0x65, 0x64, 0x65, 0x73,
    0x20, 0x65, 0x6E, 0x65, 0x67, 0x72, 0x65, 0x63, 0x69, 0x64, 0x61, 0x73, 0x0D, 0x0A, 0x6C, 0x6F,
    0x67, 0x6F, 0x20, 0x66, 0x6F, 0x72, 0x61, 0x6D, 0x20, 0x63, 0x6F, 0x62, 0x65, 0x72, 0x74, 0x61,
    0x73, 0x2C, 0x20, 0x63, 0x6F, 0x6D, 0x6F, 0x20, 0x73, 0x65, 0x6D, 0x70, 0x72, 0x65, 0x20, 0x73,
    0x75, 0x63, 0x65, 0x64, 0x65, 0x0D, 0x0A, 0x85, 0x73, 0x20, 0x6F, 0x62, 0x72, 0x61, 0x73, 0x20,
    0x68, 0x75, 0x6D, 0x61, 0x6E, 0x61, 0x73, 0x2C, 0x20, 0x70, 0x65, 0x6C, 0x61, 0x20, 0x6E, 0x61,
    0x74, 0x75, 0x72, 0x65, 0x7A, 0x61, 0x20, 0x73, 0x65, 0x6D, 0x70, 0x72, 0x65, 0x0D, 0x0A, 0x70,
    0x72, 0x65, 0x73, 0x65, 0x6E, 0x74, 0x65, 0x2E, 0x0D, 0x0A, 0x23, 0x50, 0x23, 0x54, 0x23, 0x54,
    0x45, 0x6D, 0x20, 0x31, 0x38, 0x37, 0x35, 0x2C, 0x20, 0x61, 0x20, 0x70, 0x72, 0x6F, 0x70, 0x72,
    0x69, 0x65, 0x64, 0x61, 0x64, 0x65, 0x20, 0x66, 0x6F, 0x69, 0x20, 0x65, 0x6E, 0x66, 0x69, 0x6D,
    0x0D, 0x0A, 0x63, 0x6F, 0x6D, 0x70, 0x72, 0x61, 0x64, 0x61, 0x20, 0x70, 0x6F, 0x72, 0x20, 0x75,
    0x6D, 0x20, 0x63, 0x61, 0x76, 0x61, 0x6C, 0x68, 0x65, 0x69, 0x72, 0x6F, 0x20, 0x63, 0x68, 0x61,
    0x6D, 0x61, 0x64, 0x6F, 0x0D, 0x0A, 0x48, 0x6F, 0x77, 0x61, 0x72, 0x64, 0x20, 0x48, 0x61, 0x72,
    0x74, 0x77, 0x6F, 0x6F, 0x64, 0x2E, 0x20, 0x4C, 0x61, 0x6D, 0x65, 0x6E, 0x74, 0x65, 0x69, 0x20,
    0x71, 0x75, 0x65, 0x20, 0x6D, 0x65, 0x75, 0x20, 0x70, 0x61, 0x69, 0x2C, 0x0D, 0x0A, 0x71, 0x75,
    0x65, 0x20, 0x74, 0x61, 0x6E, 0x74, 0x6F, 0x20, 0x61, 0x70, 0x72, 0x65, 0x63, 0x69, 0x61, 0x76,
    0x61, 0x20, 0x75, 0x6D, 0x61, 0x20, 0x62, 0x6F, 0x61, 0x20, 0x63, 0x6F, 0x6E, 0x76, 0x65, 0x72,
    0x73, 0x61, 0x2C, 0x20, 0x6A, 0xA0, 0x0D, 0x0A, 0x6E, 0xC6, 0x6F, 0x20, 0x65, 0x73, 0x74, 0x69,
    0x76, 0x65, 0x73, 0x73, 0x65, 0x20, 0x76, 0x69, 0x76, 0x6F, 0x20, 0x70, 0x61, 0x72, 0x61, 0x20,
    0x64, 0x65, 0x73, 0x66, 0x72, 0x75, 0x74, 0x61, 0x72, 0x20, 0x61, 0x0D, 0x0A, 0x63, 0x6F, 0x6D,
    0x70, 0x61, 0x6E, 0x68, 0x69, 0x61, 0x20, 0x64, 0x65, 0x73, 0x73, 0x65, 0x20, 0x6E, 0x6F, 0x76,
    0x6F, 0x20, 0x76, 0x69, 0x7A, 0x69, 0x6E, 0x68, 0x6F, 0x2E, 0x0D, 0x0A, 0x23, 0x50, 0x45, 0x72,
    0x75, 0x64, 0x69, 0x74, 0x6F, 0x20, 0x65, 0x20, 0x76, 0x65, 0x72, 0x73, 0x61, 0x64, 0x6F, 0x20,
    0x65, 0x6D, 0x20, 0x68, 0x69, 0x73, 0x74, 0xA2, 0x72, 0x69, 0x61, 0x2C, 0x20, 0x65, 0x6C, 0x65,
    0x20, 0x73, 0x65, 0x0D, 0x0A, 0x64, 0x65, 0x64, 0x69, 0x63, 0x61, 0x72, 0x61, 0x20, 0x65, 0x6D,
    0x20, 0x70, 0x61, 0x72, 0x74, 0x69, 0x63, 0x75, 0x6C, 0x61, 0x72, 0x20, 0x61, 0x6F, 0x20, 0x65,
    0x73, 0x74, 0x75, 0x64, 0x6F, 0x20, 0x64, 0x61, 0x0D, 0x0A, 0x70, 0x69, 0x72, 0x61, 0x74, 0x61,
    0x72, 0x69, 0x61, 0x2E, 0x20, 0x46, 0x6F, 0x69, 0x20, 0x48, 0x61, 0x72, 0x74, 0x77, 0x6F, 0x6F,
    0x64, 0x20, 0x71, 0x75, 0x65, 0x6D, 0x20, 0x6D, 0x65, 0x20, 0x63, 0x6F, 0x6E, 0x74, 0x6F, 0x75,
    0x0D, 0x0A, 0x71, 0x75, 0x65, 0x20, 0x50, 0x69, 0x63, 0x6B, 0x66, 0x6F, 0x72, 0x64, 0x20, 0x63,
    0x6F, 0x6D, 0x61, 0x6E, 0x64, 0x61, 0x72, 0x61, 0x20, 0x75, 0x6D, 0x20, 0x6E, 0x61, 0x76, 0x69,
    0x6F, 0x20, 0x71, 0x75, 0x65, 0x0D, 0x0A, 0x61, 0x72, 0x76, 0x6F, 0x72, 0x61, 0x76, 0x61, 0x20,
    0x61, 0x20, 0x62, 0x61, 0x6E, 0x64, 0x65, 0x69, 0x72, 0x61, 0x20, 0x70, 0x69, 0x72, 0x61, 0x74,
    0x61, 0x2E, 0x20, 0x49, 0x73, 0x73, 0x6F, 0x0D, 0x0A, 0x65, 0x78, 0x70, 0x6C, 0x69, 0x63, 0x61,
    0x76, 0x61, 0x20, 0x61, 0x20, 0x67, 0x72, 0x61, 0x6E, 0x64, 0x65, 0x20, 0x66, 0x6F, 0x72, 0x74,
    0x75, 0x6E, 0x61, 0x20, 0x64, 0x6F, 0x20, 0x63, 0x61, 0x6E, 0x61, 0x6C, 0x68, 0x61, 0x21, 0x0D,
    0x0A, 0x23, 0x50, 0x23, 0x54, 0x23, 0x54, 0x48, 0x61, 0x72, 0x74, 0x77, 0x6F, 0x6F, 0x64, 0x20,
    0x65, 0x72, 0x61, 0x20, 0x66, 0x61, 0x73, 0x63, 0x69, 0x6E, 0x61, 0x64, 0x6F, 0x20, 0x70, 0x6F,
    0x72, 0x0D, 0x0A, 0x50, 0x69, 0x63, 0x6B, 0x66, 0x6F, 0x72, 0x64, 0x20, 0x65, 0x20, 0x65, 0x6D,
    0x70, 0x72, 0x65, 0x65, 0x6E, 0x64, 0x65, 0x75, 0x20, 0x6C, 0x6F, 0x6E, 0x67, 0x61, 0x73, 0x20,
    0x70, 0x65, 0x73, 0x71, 0x75, 0x69, 0x73, 0x61, 0x73, 0x0D, 0x0A, 0x6E, 0x61, 0x20, 0x74, 0x65,
    0x6E, 0x74, 0x61, 0x74, 0x69, 0x76, 0x61, 0x20, 0x64, 0x65, 0x20, 0x65, 0x6E, 0x63, 0x6F, 0x6E,
    0x74, 0x72, 0x61, 0x72, 0x20, 0x75, 0x6D, 0x20, 0x74, 0x65, 0x73, 0x6F, 0x75, 0x72, 0x6F, 0x0D,
    0x0A, 0x71, 0x75, 0x65, 0x2C, 0x20, 0x65, 0x73, 0x74, 0x61, 0x76, 0x61, 0x20, 0x63, 0x6F, 0x6E,
    0x76, 0x65, 0x6E, 0x63, 0x69, 0x64, 0x6F, 0x2C, 0x20, 0x6F, 0x20, 0x70, 0x69, 0x72, 0x61, 0x74,
    0x61, 0x0D, 0x0A, 0x65, 0x73, 0x63, 0x6F, 0x6E, 0x64, 0x65, 0x72, 0x61, 0x2E, 0x20, 0x52, 0x65,
    0x76, 0x69, 0x73, 0x74, 0x6F, 0x75, 0x20, 0x61, 0x73, 0x20, 0x72, 0x75, 0xA1, 0x6E, 0x61, 0x73,
    0x20, 0x70, 0x61, 0x6C, 0x6D, 0x6F, 0x20, 0x61, 0x0D, 0x0A, 0x70, 0x61, 0x6C, 0x6D, 0x6F, 0x2E,
    0x0D, 0x0A, 0x44, 0x65, 0x70, 0x6F, 0x69, 0x73, 0x20, 0x6D, 0x61, 0x6E, 0x64, 0x6F, 0x75, 0x20,
    0x72, 0x65, 0x63, 0x6F, 0x6E, 0x73, 0x74, 0x72, 0x75, 0x69, 0x72, 0x20, 0x61, 0x20, 0x63, 0x61,
    0x73, 0x61, 0x0D, 0x0A, 0x69, 0x6E, 0x63, 0x65, 0x6E, 0x64, 0x69, 0x61, 0x64, 0x61, 0x20, 0x65,
    0x78, 0x61, 0x74, 0x61, 0x6D, 0x65, 0x6E, 0x74, 0x65, 0x20, 0x63, 0x6F, 0x6D, 0x6F, 0x20, 0x66,
    0x6F, 0x72, 0x61, 0x2C, 0x20, 0x65, 0x0D, 0x0A, 0x72, 0x65, 0x73, 0x74, 0x61, 0x75, 0x72, 0x6F,
    0x75, 0x20, 0x61, 0x20, 0x62, 0x69, 0x62, 0x6C, 0x69, 0x6F, 0x74, 0x65, 0x63, 0x61, 0x20, 0x71,
    0x75, 0x65, 0x2C, 0x20, 0x70, 0x6F, 0x72, 0x20, 0x6D, 0x69, 0x6C, 0x61, 0x67, 0x72, 0x65, 0x2C,
    0x0D, 0x0A, 0x65, 0x73, 0x63, 0x61, 0x70, 0x61, 0x72, 0x61, 0x20, 0x85, 0x73, 0x20, 0x63, 0x68,
    0x61, 0x6D, 0x61, 0x73, 0x20, 0x6E, 0x61, 0x20, 0x6E, 0x6F, 0x69, 0x74, 0x65, 0x20, 0x64, 0x6F,
    0x20, 0x67, 0x72, 0x61, 0x6E, 0x64, 0x65, 0x0D, 0x0A, 0x69, 0x6E, 0x63, 0x88, 0x6E, 0x64, 0x69,
    0x6F, 0x2E, 0x0D, 0x0A, 0x23, 0x50, 0x23, 0x54, 0x48, 0x61, 0x72, 0x74, 0x77, 0x6F, 0x6F, 0x64,
    0x20, 0x70, 0x93, 0x73, 0x2D, 0x73, 0x65, 0x20, 0x61, 0x20, 0x65, 0x73, 0x74, 0x75, 0x64, 0x61,
    0x72, 0x20, 0x63, 0x61, 0x64, 0x61, 0x0D, 0x0A, 0x76, 0x6F, 0x6C, 0x75, 0x6D, 0x65, 0x20, 0x64,
    0x61, 0x71, 0x75, 0x65, 0x6C, 0x61, 0x20, 0x62, 0x69, 0x62, 0x6C, 0x69, 0x6F, 0x74, 0x65, 0x63,
    0x61, 0x20, 0x65, 0x20, 0x66, 0x61, 0x6C, 0x61, 0x76, 0x61, 0x2D, 0x6D, 0x65, 0x0D, 0x0A, 0x63,
    0x6F, 0x6D, 0x20, 0x66, 0x72, 0x65, 0x71, 0x75, 0x88, 0x6E, 0x63, 0x69, 0x61, 0x20, 0x64, 0x65,
    0x20, 0x73, 0x75, 0x61, 0x73, 0x20, 0x70, 0x65, 0x73, 0x71, 0x75, 0x69, 0x73, 0x61, 0x73, 0x2E,
    0x20, 0x45, 0x72, 0x61, 0x20, 0x75, 0x6D, 0x0D, 0x0A, 0x76, 0x69, 0xA3, 0x76, 0x6F, 0x20, 0x64,
    0x65, 0x20, 0x62, 0x65, 0x6C, 0x61, 0x20, 0x66, 0x69, 0x67, 0x75, 0x72, 0x61, 0x2C, 0x20, 0x70,
    0x72, 0x6F, 0x66, 0x75, 0x6E, 0x64, 0x61, 0x6D, 0x65, 0x6E, 0x74, 0x65, 0x0D, 0x0A, 0x61, 0x70,
    0x65, 0x67, 0x61, 0x64, 0x6F, 0x20, 0x61, 0x6F, 0x20, 0x66, 0x69, 0x6C, 0x68, 0x6F, 0x20, 0x4A,
    0x65, 0x72, 0x65, 0x6D, 0x79, 0x2C, 0x20, 0x71, 0x75, 0x65, 0x20, 0x6D, 0x61, 0x69, 0x73, 0x20,
    0x74, 0x61, 0x72, 0x64, 0x65, 0x0D, 0x0A, 0x76, 0x69, 0x72, 0x69, 0x61, 0x20, 0x61, 0x20, 0x73,
    0x65, 0x72, 0x20, 0x70, 0x69, 0x6E, 0x74, 0x6F, 0x72, 0x20, 0x64, 0x65, 0x20, 0x70, 0x72, 0x6F,
    0x66, 0x69, 0x73, 0x73, 0xC6, 0x6F, 0x2E, 0x0D, 0x0A, 0x23, 0x50, 0x23, 0x54, 0x23, 0x54, 0x48,
    0x61, 0x72, 0x74, 0x77, 0x6F, 0x6F, 0x64, 0x20, 0x74, 0x72, 0x61, 0x62, 0x61, 0x6C, 0x68, 0x61,
    0x76, 0x61, 0x20, 0x73, 0x65, 0x6D, 0x20, 0x64, 0x65, 0x73, 0x63, 0x61, 0x6E, 0x73, 0x6F, 0x2C,
    0x0D, 0x0A, 0x70, 0x72, 0x69, 0x6D, 0x65, 0x69, 0x72, 0x6F, 0x20, 0x6E, 0x6F, 0x20, 0x71, 0x75,
    0x61, 0x72, 0x74, 0x6F, 0x20, 0x71, 0x75, 0x65, 0x20, 0x6C, 0x68, 0x65, 0x20, 0x6F, 0x66, 0x65,
    0x72, 0x65, 0x63, 0x69, 0x2C, 0x0D, 0x0A, 0x64, 0x65, 0x70, 0x6F, 0x69, 0x73, 0x20, 0x65, 0x6D,
    0x20, 0x73, 0x75, 0x61, 0x20, 0x70, 0x72, 0xA2, 0x70, 0x72, 0x69, 0x61, 0x20, 0x63, 0x61, 0x73,
    0x61, 0x2C, 0x0D, 0x0A, 0x72, 0x65, 0x63, 0x82, 0x6D, 0x2D, 0x72, 0x65, 0x73, 0x74, 0x61, 0x75,
    0x72, 0x61, 0x64, 0x61, 0x2C, 0x20, 0x71, 0x75, 0x65, 0x20, 0x65, 0x6C, 0x65, 0x20, 0x74, 0x6F,
    0x72, 0x6E, 0x6F, 0x75, 0x20, 0x61, 0x0D, 0x0A, 0x62, 0x61, 0x74, 0x69, 0x7A, 0x61, 0x72, 0x20,
    0x64, 0x65, 0x20, 0x44, 0x65, 0x72, 0x63, 0x65, 0x74, 0x6F, 0x3B, 0x20, 0x69, 0x6D, 0x61, 0x67,
    0x69, 0x6E, 0x6F, 0x20, 0x71, 0x75, 0x65, 0x0D, 0x0A, 0x65, 0x73, 0x70, 0x65, 0x72, 0x61, 0x73,
    0x73, 0x65, 0x20, 0x6F, 0x62, 0x74, 0x65, 0x72, 0x20, 0x6F, 0x20, 0x61, 0x75, 0x78, 0xA1, 0x6C,
    0x69, 0x6F, 0x20, 0x64, 0x6F, 0x20, 0x64, 0x65, 0x75, 0x73, 0x20, 0x64, 0x61, 0x20, 0x62, 0x6F,
    0x61, 0x0D, 0x0A, 0x66, 0x6F, 0x72, 0x74, 0x75, 0x6E, 0x61, 0x20, 0x65, 0x6D, 0x20, 0x73, 0x75,
    0x61, 0x20, 0x63, 0x61, 0x87, 0x61, 0x20, 0x61, 0x6F, 0x20, 0x74, 0x65, 0x73, 0x6F, 0x75, 0x72,
    0x6F, 0x2E, 0x0D, 0x0A, 0x23, 0x50, 0x41, 0x74, 0x82, 0x20, 0x6F, 0x6E, 0x64, 0x65, 0x20, 0x70,
    0x75, 0x64, 0x65, 0x20, 0x73, 0x61, 0x62, 0x65, 0x72, 0x2C, 0x20, 0x74, 0x6F, 0x64, 0x61, 0x73,
    0x20, 0x61, 0x73, 0x20, 0x73, 0x75, 0x61, 0x73, 0x0D, 0x0A, 0x62, 0x75, 0x73, 0x63, 0x61, 0x73,
    0x20, 0x66, 0x6F, 0x72, 0x61, 0x6D, 0x20, 0x65, 0x6D, 0x20, 0x76, 0xC6, 0x6F, 0x2E, 0x20, 0x4E,
    0xC6, 0x6F, 0x20, 0x68, 0x61, 0x76, 0x69, 0x61, 0x20, 0x74, 0x65, 0x73, 0x6F, 0x75, 0x72, 0x6F,
    0x0D, 0x0A, 0x70, 0x65, 0x72, 0x64, 0x69, 0x64, 0x6F, 0x20, 0x61, 0x6C, 0x67, 0x75, 0x6D, 0x20,
    0x65, 0x6D, 0x20, 0x44, 0x65, 0x72, 0x63, 0x65, 0x74, 0x6F, 0x2E, 0x0D, 0x0A, 0x53, 0x6F, 0x75,
    0x62, 0x65, 0x20, 0x64, 0x61, 0x20, 0x6D, 0x6F, 0x72, 0x74, 0x65, 0x20, 0x64, 0x65, 0x20, 0x48,
    0x61, 0x72, 0x74, 0x77, 0x6F, 0x6F, 0x64, 0x20, 0x71, 0x75, 0x61, 0x6E, 0x64, 0x6F, 0x20, 0x65,
    0x73, 0x74, 0x61, 0x76, 0x61, 0x0D, 0x0A, 0x65, 0x6D, 0x20, 0x50, 0x61, 0x72, 0x69, 0x73, 0x2E,
    0x20, 0x4D, 0x61, 0x73, 0x20, 0x65, 0x73, 0x73, 0x61, 0x2C, 0x20, 0x63, 0x6F, 0x6D, 0x6F, 0x20,
    0x73, 0x65, 0x20, 0x64, 0x69, 0x7A, 0x2C, 0x20, 0x82, 0x20, 0x6F, 0x75, 0x74, 0x72, 0x61, 0x0D,
    0x0A, 0x68, 0x69, 0x73, 0x74, 0xA2, 0x72, 0x69, 0x61, 0x2E, 0x0D, 0x0A, 0x1A, 0x0D, 0x0A, 0x00,
    0x00, 0x00, 0x00, 0xEA, 0x0B, 0x00, 0x00, 0xEA, 0x0B, 0x00, 0x00, 0x00, 0x00, 0x00, 0x00, 0x23,
    0x43, 0x4F, 0x73, 0x20, 0x46, 0x69, 0x6C, 0x68, 0x6F, 0x73, 0x20, 0x64, 0x6F, 0x20, 0x53, 0x6F,
    0x6C, 0x0D, 0x0A, 0x23, 0x43, 0x65, 0x20, 0x64, 0x61, 0x73, 0x20, 0x53, 0x6F, 0x6D, 0x62, 0x72,
    0x61, 0x73, 0x2E, 0x0D, 0x0A, 0x0D, 0x0A, 0x23, 0x43, 0x52, 0x65, 0x6C, 0x61, 0x74, 0x6F, 0x20,
    0x64, 0x6F, 0x20, 0x74, 0x65, 0x6E, 0x65, 0x6E, 0x74, 0x65, 0x0D, 0x0A, 0x23, 0x43, 0x4C, 0x6F,
    0x70, 0x65, 0x20, 0x64, 0x65, 0x20, 0x56, 0x65, 0x67, 0x61, 0x0D, 0x0A, 0x23, 0x43, 0x73, 0x6F,
    0x62, 0x72, 0x65, 0x20, 0x73, 0x75, 0x61, 0x73, 0x20, 0x61, 0x73, 0x73, 0x6F, 0x6D, 0x62, 0x72,
    0x6F, 0x73, 0x61, 0x73, 0x20, 0x76, 0x69, 0x61, 0x67, 0x65, 0x6E, 0x73, 0x0D, 0x0A, 0x23, 0x43,
    0x85, 0x20, 0x74, 0x65, 0x72, 0x72, 0x61, 0x20, 0x64, 0x6F, 0x73, 0x20, 0x61, 0x73, 0x74, 0x65,
    0x63, 0x61, 0x73, 0x2E, 0x0D, 0x0A, 0x23, 0x50, 0x23, 0x54, 0x22, 0x53, 0x61, 0x6E, 0x74, 0x6F,
    0x20, 0x43, 0x72, 0x69, 0x73, 0x74, 0x6F, 0x21, 0x22, 0x20, 0x62, 0x72, 0x61, 0x64, 0x6F, 0x75,
    0x20, 0x6F, 0x20, 0x63, 0x61, 0x70, 0x69, 0x74, 0xC6, 0x6F, 0x0D, 0x0A, 0x43, 0x6F, 0x72, 0x74,
    0x65, 0x7A, 0x2C, 0x20, 0x61, 0x74, 0x93, 0x6E, 0x69, 0x74, 0x6F, 0x20, 0x64, 0x69, 0x61, 0x6E,
    0x74, 0x65, 0x20, 0x64, 0x6F, 0x20, 0x65, 0x73, 0x74, 0x72, 0x61, 0x6E, 0x68, 0x6F, 0x20, 0x72,
    0x69, 0x74, 0x6F, 0x0D, 0x0A, 0x71, 0x75, 0x65, 0x20, 0x70, 0x72, 0x65, 0x73, 0x65, 0x6E, 0x63,
    0x69, 0xA0, 0x76, 0x61, 0x6D, 0x6F, 0x73, 0x2E, 0x20, 0x45, 0x6E, 0x63, 0x6F, 0x6E, 0x74, 0x72,
    0x61, 0x6D, 0x6F, 0x73, 0x20, 0x6F, 0x73, 0x0D, 0x0A, 0x73, 0x65, 0x6C, 0x76, 0x61, 0x67, 0x65,
    0x6E, 0x73, 0x20, 0x73, 0x65, 0x6D, 0x69, 0x6E, 0x75, 0x73, 0x2E, 0x20, 0x41, 0x74, 0x69, 0x72,
    0x61, 0x76, 0x61, 0x6D, 0x20, 0x75, 0x6E, 0x73, 0x20, 0x61, 0x6F, 0x73, 0x0D, 0x0A, 0x6F, 0x75,
    0x74, 0x72, 0x6F, 0x73, 0x20, 0x62, 0x6F, 0x6C, 0x61, 0x73, 0x20, 0x64, 0x65, 0x20, 0x70, 0x72,
    0x61, 0x74, 0x61, 0x20, 0x65, 0x20, 0x64, 0x65, 0x20, 0x6F, 0x75, 0x72, 0x6F, 0x2E, 0x20, 0x52,
    0x69, 0x61, 0x6D, 0x0D, 0x0A, 0x63, 0x6F, 0x6D, 0x6F, 0x20, 0x64, 0x65, 0x6D, 0x65, 0x6E, 0x74,
    0x65, 0x73, 0x2C, 0x20, 0x64, 0x65, 0x63, 0x65, 0x72, 0x74, 0x6F, 0x20, 0x65, 0x6E, 0x6C, 0x6F,
    0x75, 0x71, 0x75, 0x65, 0x63, 0x69, 0x64, 0x6F, 0x73, 0x20, 0x70, 0x6F, 0x72, 0x0D, 0x0A, 0x61,
    0x6C, 0x67, 0x75, 0x6D, 0x61, 0x20, 0x64, 0x72, 0x6F, 0x67, 0x61, 0x20, 0x70, 0x61, 0x67, 0xC6,
    0x2E, 0x0D, 0x0A, 0x45, 0x2C, 0x20, 0x6E, 0x6F, 0x20, 0x65, 0x6E, 0x74, 0x61, 0x6E, 0x74, 0x6F,
    0x2C, 0x20, 0x73, 0x65, 0x20, 0x75, 0x6D, 0x20, 0x64, 0x65, 0x6C, 0x65, 0x73, 0x20, 0x64, 0x65,
    0x69, 0x78, 0x61, 0x73, 0x73, 0x65, 0x20, 0x64, 0x65, 0x0D, 0x0A, 0x61, 0x70, 0x61, 0x6E, 0x68,
    0x61, 0x72, 0x20, 0x61, 0x20, 0x62, 0x6F, 0x6C, 0x61, 0x20, 0x6C, 0x61, 0x6E, 0x87, 0x61, 0x64,
    0x61, 0x20, 0x65, 0x6D, 0x20, 0x73, 0x75, 0x61, 0x20, 0x64, 0x69, 0x72, 0x65, 0x87, 0xC6, 0x6F,
    0x2C, 0x20, 0x6F, 0x0D, 0x0A, 0x70, 0x6F, 0x62, 0x72, 0x65, 0x20, 0x64, 0x69, 0x61, 0x62, 0x6F,
    0x20, 0x65, 0x72, 0x61, 0x20, 0x61, 0x67, 0x61, 0x72, 0x72, 0x61, 0x64, 0x6F, 0x20, 0x65, 0x20,
    0x61, 0x72, 0x72, 0x61, 0x73, 0x74, 0x61, 0x64, 0x6F, 0x0D, 0x0A, 0x70, 0x61, 0x72, 0x61, 0x20,
    0x73, 0x65, 0x72, 0x20, 0x73, 0x61, 0x63, 0x72, 0x69, 0x66, 0x69, 0x63, 0x61, 0x64, 0x6F, 0x20,
    0x65, 0x6D, 0x20, 0x73, 0x65, 0x75, 0x20, 0x74, 0x65, 0x6D, 0x70, 0x6C, 0x6F, 0x2E, 0x0D, 0x0A,
    0x23, 0x50, 0x23, 0x54, 0x43, 0x6F, 0x6D, 0x6F, 0x20, 0x76, 0x69, 0x65, 0x6D, 0x6F, 0x73, 0x20,
    0x61, 0x20, 0x64, 0x65, 0x73, 0x63, 0x6F, 0x62, 0x72, 0x69, 0x72, 0x2C, 0x20, 0x61, 0x71, 0x75,
    0x65, 0x6C, 0x65, 0x20, 0x6A, 0x6F, 0x67, 0x6F, 0x0D, 0x0A, 0x70, 0x61, 0x76, 0x6F, 0x72, 0x6F,
    0x73, 0x6F, 0x20, 0x65, 0x72, 0x61, 0x20, 0x70, 0x61, 0x72, 0x61, 0x20, 0x65, 0x6C, 0x65, 0x73,
    0x20, 0x75, 0x6D, 0x20, 0x72, 0x69, 0x74, 0x75, 0x61, 0x6C, 0x20, 0x64, 0x6F, 0x73, 0x0D, 0x0A,
    0x6D, 0x61, 0x69, 0x73, 0x20, 0x73, 0x61, 0x67, 0x72, 0x61, 0x64, 0x6F, 0x73, 0x20, 0x65, 0x20,
    0x73, 0x69, 0x6D, 0x62, 0x6F, 0x6C, 0x69, 0x7A, 0x61, 0x76, 0x61, 0x20, 0x6F, 0x20, 0x6D, 0x6F,
    0x76, 0x69, 0x6D, 0x65, 0x6E, 0x74, 0x6F, 0x0D, 0x0A, 0x64, 0x6F, 0x73, 0x20, 0x63, 0x6F, 0x72,
    0x70, 0x6F, 0x73, 0x20, 0x63, 0x65, 0x6C, 0x65, 0x73, 0x74, 0x65, 0x73, 0x2E, 0x20, 0x44, 0x65,
    0x69, 0x78, 0x61, 0x72, 0x20, 0x63, 0x61, 0x69, 0x72, 0x20, 0x75, 0x6D, 0x61, 0x0D, 0x0A, 0x62,
    0x6F, 0x6C, 0x61, 0x20, 0x70, 0x72, 0x65, 0x6E, 0x75, 0x6E, 0x63, 0x69, 0x61, 0x76, 0x61, 0x20,
    0x75, 0x6D, 0x61, 0x20, 0x63, 0x61, 0x74, 0xA0, 0x73, 0x74, 0x72, 0x6F, 0x66, 0x65, 0x2E, 0x20,
    0x41, 0x73, 0x73, 0x69, 0x6D, 0x0D, 0x0A, 0x61, 0x63, 0x72, 0x65, 0x64, 0x69, 0x74, 0x61, 0x76,
    0x61, 0x6D, 0x20, 0x6F, 0x73, 0x20, 0x61, 0x73, 0x74, 0x65, 0x63, 0x61, 0x73, 0x2C, 0x20, 0x65,
    0x6D, 0x20, 0x73, 0x75, 0x61, 0x0D, 0x0A, 0x69, 0x67, 0x6E, 0x6F, 0x72, 0x83, 0x6E, 0x63, 0x69,
    0x61, 0x20, 0xA1, 0x6D, 0x70, 0x69, 0x61, 0x2E, 0x0D, 0x0A, 0x53, 0x75, 0x61, 0x73, 0x20, 0x69,
    0x6E, 0xA3, 0x6D, 0x65, 0x72, 0x61, 0x73, 0x20, 0x64, 0x69, 0x76, 0x69, 0x6E, 0x64, 0x61, 0x64,
    0x65, 0x73, 0x20, 0x73, 0xA2, 0x20, 0x70, 0x6F, 0x64, 0x69, 0x61, 0x6D, 0x20, 0x73, 0x65, 0x72,
    0x0D, 0x0A, 0x61, 0x70, 0x6C, 0x61, 0x63, 0x61, 0x64, 0x61, 0x73, 0x20, 0x63, 0x6F, 0x6D, 0x20,
    0x69, 0x6E, 0x74, 0x65, 0x72, 0x6D, 0x69, 0x6E, 0xA0, 0x76, 0x65, 0x69, 0x73, 0x20, 0x73, 0x61,
    0x63, 0x72, 0x69, 0x66, 0xA1, 0x63, 0x69, 0x6F, 0x73, 0x0D, 0x0A, 0x68, 0x75, 0x6D, 0x61, 0x6E,
    0x6F, 0x73, 0x2E, 0x20, 0x4F, 0x20, 0x63, 0x6F, 0x72, 0x61, 0x87, 0xC6, 0x6F, 0x20, 0x64, 0x61,
    0x20, 0x76, 0xA1, 0x74, 0x69, 0x6D, 0x61, 0x2C, 0x20, 0x61, 0x69, 0x6E, 0x64, 0x61, 0x0D, 0x0A,
    0x62, 0x61, 0x74, 0x65, 0x6E, 0x64, 0x6F, 0x2C, 0x20, 0x72, 0x65, 0x70, 0x6F, 0x75, 0x73, 0x61,
    0x76, 0x61, 0x20, 0x6E, 0x61, 0x20, 0x6D, 0xC6, 0x6F, 0x20, 0x64, 0x6F, 0x20, 0x73, 0x61, 0x63,
    0x65, 0x72, 0x64, 0x6F, 0x74, 0x65, 0x0D, 0x0A, 0x61, 0x73, 0x73, 0x61, 0x73, 0x73, 0x69, 0x6E,
    0x6F, 0x2E, 0x0D, 0x0A, 0x23, 0x50, 0x23, 0x54, 0x4F, 0x20, 0x69, 0x6E, 0x74, 0x65, 0x72, 0x69,
    0x6F, 0x72, 0x20, 0x64, 0x6F, 0x20, 0x74, 0x65, 0x6D, 0x70, 0x6C, 0x6F, 0x20, 0x65, 0x72, 0x61,
    0x0D, 0x0A, 0x73, 0x75, 0x72, 0x70, 0x72, 0x65, 0x65, 0x6E, 0x64, 0x65, 0x6E, 0x74, 0x65, 0x6D,
    0x65, 0x6E, 0x74, 0x65, 0x20, 0x66, 0x72, 0x65, 0x73, 0x63, 0x6F, 0x2E, 0x20, 0x4F, 0x20, 0x70,
    0x65, 0x73, 0x6F, 0x20, 0x64, 0x65, 0x0D, 0x0A, 0x6E, 0x6F, 0x73, 0x73, 0x61, 0x73, 0x20, 0x61,
    0x72, 0x6D, 0x61, 0x64, 0x75, 0x72, 0x61, 0x73, 0x2C, 0x20, 0x6E, 0x6F, 0x73, 0x73, 0x6F, 0x20,
    0x65, 0x73, 0x67, 0x6F, 0x74, 0x61, 0x6D, 0x65, 0x6E, 0x74, 0x6F, 0x2C, 0x20, 0x61, 0x74, 0x82,
    0x0D, 0x0A, 0x6F, 0x20, 0x66, 0x61, 0x72, 0x64, 0x6F, 0x20, 0x64, 0x65, 0x20, 0x6E, 0x6F, 0x73,
    0x73, 0x6F, 0x73, 0x20, 0x73, 0x6F, 0x66, 0x72, 0x69, 0x6D, 0x65, 0x6E, 0x74, 0x6F, 0x73, 0x2E,
    0x2E, 0x2E, 0x20, 0x74, 0x75, 0x64, 0x6F, 0x20, 0x73, 0x65, 0x0D, 0x0A, 0x64, 0x65, 0x73, 0x76,
    0x61, 0x6E, 0x65, 0x63, 0x65, 0x75, 0x20, 0x64, 0x69, 0x61, 0x6E, 0x74, 0x65, 0x20, 0x64, 0x6F,
    0x20, 0x61, 0x73, 0x73, 0x6F, 0x6D, 0x62, 0x72, 0x6F, 0x20, 0x71, 0x75, 0x65, 0x20, 0x6E, 0x6F,
    0x73, 0x0D, 0x0A, 0x69, 0x6E, 0x73, 0x70, 0x69, 0x72, 0x61, 0x76, 0x61, 0x20, 0x6F, 0x20, 0x61,
    0x6C, 0x74, 0x61, 0x72, 0x2C, 0x20, 0x64, 0x65, 0x20, 0x75, 0x6D, 0x61, 0x20, 0x6D, 0x61, 0x67,
    0x6E, 0x69, 0x66, 0x69, 0x63, 0x88, 0x6E, 0x63, 0x69, 0x61, 0x0D, 0x0A, 0x72, 0x75, 0x64, 0x65,
    0x2E, 0x0D, 0x0A, 0x4E, 0x6F, 0x20, 0x73, 0x69, 0x6C, 0x88, 0x6E, 0x63, 0x69, 0x6F, 0x20, 0x73,
    0x65, 0x70, 0x75, 0x6C, 0x63, 0x72, 0x61, 0x6C, 0x2C, 0x20, 0x75, 0x6D, 0x61, 0x20, 0x76, 0x6F,
    0x7A, 0x20, 0x67, 0x72, 0x61, 0x76, 0x65, 0x0D, 0x0A, 0x65, 0x6E, 0x74, 0x6F, 0x61, 0x76, 0x61,
    0x20, 0x75, 0x6D, 0x20, 0x65, 0x6E, 0x63, 0x61, 0x6E, 0x74, 0x61, 0x6D, 0x65, 0x6E, 0x74, 0x6F,
    0x2E, 0x20, 0x41, 0x20, 0x6D, 0x61, 0x6A, 0x65, 0x73, 0x74, 0x6F, 0x73, 0x61, 0x0D, 0x0A, 0x65,
    0x73, 0x74, 0xA0, 0x74, 0x75, 0x61, 0x20, 0x64, 0x61, 0x20, 0x64, 0x65, 0x75, 0x73, 0x61, 0x20,
    0x64, 0x61, 0x73, 0x20, 0xA0, 0x67, 0x75, 0x61, 0x73, 0x2C, 0x0D, 0x0A, 0x43, 0x68, 0x61, 0x6C,
    0x63, 0x68, 0x69, 0x68, 0x75, 0x69, 0x74, 0x6C, 0x69, 0x63, 0x75, 0x65, 0x2C, 0x20, 0x70, 0x61,
    0x72, 0x65, 0x63, 0x69, 0x61, 0x20, 0x70, 0x61, 0x6C, 0x70, 0x69, 0x74, 0x61, 0x72, 0x20, 0x64,
    0x65, 0x0D, 0x0A, 0x76, 0x69, 0x64, 0x61, 0x2E, 0x0D, 0x0A, 0x23, 0x50, 0x41, 0x71, 0x75, 0x65,
    0x6C, 0x61, 0x20, 0x70, 0x65, 0x64, 0x72, 0x61, 0x20, 0x6D, 0x61, 0x63, 0x69, 0x87, 0x61, 0x2C,
    0x20, 0x65, 0x6E, 0x76, 0x6F, 0x6C, 0x74, 0x61, 0x20, 0x6E, 0x75, 0x6D, 0x20, 0x6D, 0x61, 0x6E,
    0x74, 0x6F, 0x0D, 0x0A, 0x64, 0x65, 0x20, 0x6F, 0x75, 0x72, 0x6F, 0x20, 0x65, 0x20, 0x63, 0x72,
    0x61, 0x76, 0x65, 0x6A, 0x61, 0x64, 0x61, 0x20, 0x64, 0x65, 0x20, 0x70, 0x65, 0x64, 0x72, 0x61,
    0x73, 0x20, 0x70, 0x72, 0x65, 0x63, 0x69, 0x6F, 0x73, 0x61, 0x73, 0x2C, 0x0D, 0x0A, 0x67, 0x61,
    0x6E, 0x68, 0x61, 0x76, 0x61, 0x20, 0x76, 0x69, 0x64, 0x61, 0x20, 0x64, 0x69, 0x61, 0x6E, 0x74,
    0x65, 0x20, 0x64, 0x65, 0x20, 0x6E, 0x6F, 0x73, 0x73, 0x6F, 0x73, 0x20, 0x70, 0x72, 0xA2, 0x70,
    0x72, 0x69, 0x6F, 0x73, 0x0D, 0x0A, 0x6F, 0x6C, 0x68, 0x6F, 0x73, 0x2E, 0x0D, 0x0A, 0x23, 0x50,
    0x48, 0x6F, 0x72, 0x72, 0x6F, 0x72, 0x20, 0x64, 0x6F, 0x73, 0x20, 0x68, 0x6F, 0x72, 0x72, 0x6F,
    0x72, 0x65, 0x73, 0x21, 0x20, 0x4F, 0x73, 0x20, 0x6F, 0x6C, 0x68, 0x6F, 0x73, 0x20, 0x64, 0x65,
    0x0D, 0x0A, 0x67, 0x72, 0x61, 0x6E, 0x69, 0x74, 0x6F, 0x20, 0x64, 0x61, 0x20, 0x65, 0x73, 0x74,
    0xA0, 0x74, 0x75, 0x61, 0x2C, 0x20, 0x76, 0x61, 0x7A, 0x69, 0x6F, 0x73, 0x20, 0x64, 0x65, 0x20,
    0x76, 0x69, 0x64, 0x61, 0x0D, 0x0A, 0x61, 0x70, 0x65, 0x6E, 0x61, 0x73, 0x20, 0x69, 0x6E, 0x73,
    0x74, 0x61, 0x6E, 0x74, 0x65, 0x73, 0x20, 0x61, 0x6E, 0x74, 0x65, 0x73, 0x2C, 0x20, 0x65, 0x73,
    0x74, 0x61, 0x76, 0x61, 0x6D, 0x20, 0x61, 0x67, 0x6F, 0x72, 0x61, 0x0D, 0x0A, 0x69, 0x6E, 0x6A,
    0x65, 0x74, 0x61, 0x64, 0x6F, 0x73, 0x20, 0x64, 0x65, 0x20, 0x73, 0x61, 0x6E, 0x67, 0x75, 0x65,
    0x2E, 0x20, 0x52, 0x65, 0x63, 0x75, 0x61, 0x6D, 0x6F, 0x73, 0x2C, 0x0D, 0x0A, 0x63, 0x61, 0x6D,
    0x62, 0x61, 0x6C, 0x65, 0x61, 0x6E, 0x74, 0x65, 0x73, 0x20, 0x64, 0x65, 0x20, 0x65, 0x73, 0x70,
    0x61, 0x6E, 0x74, 0x6F, 0x2E, 0x20, 0x44, 0x6F, 0x6D, 0x20, 0x4A, 0x6F, 0x73, 0x82, 0x20, 0x66,
    0x6F, 0x69, 0x0D, 0x0A, 0x74, 0x6F, 0x6D, 0x61, 0x64, 0x6F, 0x20, 0x70, 0x6F, 0x72, 0x20, 0x63,
    0x6F, 0x6E, 0x76, 0x75, 0x6C, 0x73, 0xE4, 0x65, 0x73, 0x2E, 0x0D, 0x0A, 0x54, 0x65, 0x6E, 0x74,
    0x6F, 0x75, 0x20, 0x65, 0x72, 0x67, 0x75, 0x65, 0x72, 0x20, 0x73, 0x65, 0x75, 0x20, 0x63, 0x72,
    0x75, 0x63, 0x69, 0x66, 0x69, 0x78, 0x6F, 0x2C, 0x20, 0x63, 0x6F, 0x6D, 0x6F, 0x20, 0x70, 0x61,
    0x72, 0x61, 0x0D, 0x0A, 0x72, 0x65, 0x70, 0x65, 0x6C, 0x69, 0x72, 0x20, 0x75, 0x6D, 0x20, 0x61,
    0x74, 0x61, 0x71, 0x75, 0x65, 0x20, 0x64, 0x65, 0x20, 0x64, 0x65, 0x6D, 0x93, 0x6E, 0x69, 0x6F,
    0x73, 0x2E, 0x20, 0x4F, 0x0D, 0x0A, 0x73, 0x61, 0x63, 0x65, 0x72, 0x64, 0x6F, 0x74, 0x65, 0x20,
    0x70, 0x61, 0x67, 0xC6, 0x6F, 0x20, 0x72, 0x69, 0x75, 0x20, 0x63, 0x72, 0x75, 0x65, 0x6C, 0x6D,
    0x65, 0x6E, 0x74, 0x65, 0x2E, 0x20, 0x41, 0x20, 0x62, 0x6F, 0x63, 0x61, 0x0D, 0x0A, 0x64, 0x61,
    0x20, 0x65, 0x73, 0x74, 0xA0, 0x74, 0x75, 0x61, 0x20, 0x66, 0x65, 0x6E, 0x64, 0x65, 0x75, 0x2D,
    0x73, 0x65, 0x20, 0x6E, 0x75, 0x6D, 0x20, 0x65, 0x73, 0x67, 0x61, 0x72, 0x20, 0x6D, 0x6F, 0x72,
    0x74, 0x61, 0x6C, 0x2C, 0x0D, 0x0A, 0x6D, 0x6F, 0x73, 0x74, 0x72, 0x61, 0x6E, 0x64, 0x6F, 0x20,
    0x64, 0x65, 0x6E, 0x74, 0x65, 0x73, 0x20, 0x61, 0x66, 0x69, 0x61, 0x64, 0x6F, 0x73, 0x20, 0x63,
    0x6F, 0x6D, 0x6F, 0x20, 0x70, 0x6F, 0x6E, 0x74, 0x61, 0x73, 0x20, 0x64, 0x65, 0x0D, 0x0A, 0x70,
    0x75, 0x6E, 0x68, 0x61, 0x6C, 0x2E, 0x0D, 0x0A, 0x23, 0x50, 0x4F, 0x20, 0x63, 0x61, 0x70, 0x69,
    0x74, 0xC6, 0x6F, 0x20, 0x43, 0x6F, 0x72, 0x74, 0x65, 0x7A, 0x20, 0x62, 0x72, 0x61, 0x64, 0x6F,
    0x75, 0x3A, 0x20, 0x22, 0x41, 0x6F, 0x20, 0x61, 0x74, 0x61, 0x71, 0x75, 0x65, 0x21, 0x22, 0x0D,
    0x0A, 0x4D, 0x61, 0x73, 0x20, 0x66, 0x6F, 0x69, 0x20, 0x65, 0x6D, 0x20, 0x76, 0xC6, 0x6F, 0x3B,
    0x20, 0x65, 0x73, 0x74, 0xA0, 0x76, 0x61, 0x6D, 0x6F, 0x73, 0x20, 0x70, 0x72, 0x65, 0x67, 0x61,
    0x64, 0x6F, 0x73, 0x20, 0x61, 0x6F, 0x0D, 0x0A, 0x63, 0x68, 0xC6, 0x6F, 0x2E, 0x0D, 0x0A, 0x23,
    0x50, 0x23, 0x54, 0x41, 0x70, 0x65, 0x73, 0x61, 0x72, 0x20, 0x64, 0x65, 0x20, 0x6E, 0x6F, 0x73,
    0x73, 0x6F, 0x73, 0x20, 0x65, 0x73, 0x66, 0x6F, 0x72, 0x87, 0x6F, 0x73, 0x2C, 0x20, 0x6E, 0xC6,
    0x6F, 0x0D, 0x0A, 0x63, 0x6F, 0x6E, 0x73, 0x65, 0x67, 0x75, 0xA1, 0x61, 0x6D, 0x6F, 0x73, 0x20,
    0x6E, 0x6F, 0x73, 0x20, 0x6D, 0x6F, 0x76, 0x65, 0x72, 0x2E, 0x20, 0x4E, 0x6F, 0x73, 0x73, 0x61,
    0x73, 0x20, 0x61, 0x72, 0x6D, 0x61, 0x64, 0x75, 0x72, 0x61, 0x73, 0x0D, 0x0A, 0x70, 0x61, 0x72,
    0x65, 0x63, 0x69, 0x61, 0x6D, 0x20, 0x61, 0x70, 0x61, 0x72, 0x61, 0x66, 0x75, 0x73, 0x61, 0x64,
    0x61, 0x73, 0x20, 0x61, 0x6F, 0x20, 0x70, 0x69, 0x73, 0x6F, 0x20, 0x64, 0x6F, 0x20, 0x74, 0x65,
    0x6D, 0x70, 0x6C, 0x6F, 0x2E, 0x0D, 0x0A, 0x4E, 0x6F, 0x73, 0x73, 0x61, 0x73, 0x20, 0x70, 0x65,
    0x72, 0x6E, 0x61, 0x73, 0x20, 0x66, 0x72, 0x61, 0x71, 0x75, 0x65, 0x6A, 0x61, 0x72, 0x61, 0x6D,
    0x20, 0x65, 0x20, 0x64, 0x65, 0x73, 0x61, 0x62, 0x61, 0x6D, 0x6F, 0x73, 0x0D, 0x0A, 0x6E, 0x75,
    0x6D, 0x20, 0x65, 0x73, 0x74, 0x72, 0x6F, 0x6E, 0x64, 0x6F, 0x20, 0x64, 0x65, 0x20, 0x61, 0x87,
    0x6F, 0x2E, 0x0D, 0x0A, 0x23, 0x50, 0x53, 0x6F, 0x6D, 0x65, 0x6E, 0x74, 0x65, 0x20, 0x43, 0x6F,
    0x72, 0x74, 0x65, 0x7A, 0x20, 0x74, 0x65, 0x76, 0x65, 0x20, 0x70, 0x72, 0x65, 0x73, 0x65, 0x6E,
    0x87, 0x61, 0x20, 0x64, 0x65, 0x0D, 0x0A, 0x65, 0x73, 0x70, 0xA1, 0x72, 0x69, 0x74, 0x6F, 0x20,
    0x70, 0x61, 0x72, 0x61, 0x20, 0x64, 0x65, 0x73, 0x65, 0x6D, 0x62, 0x61, 0x69, 0x6E, 0x68, 0x61,
    0x72, 0x20, 0x73, 0x65, 0x75, 0x20, 0x70, 0x75, 0x6E, 0x68, 0x61, 0x6C, 0x2E, 0x0D, 0x0A, 0x41,
    0x72, 0x72, 0x65, 0x6D, 0x65, 0x73, 0x73, 0x6F, 0x75, 0x2D, 0x6F, 0x20, 0x63, 0x6F, 0x6E, 0x74,
    0x72, 0x61, 0x20, 0x6F, 0x20, 0x73, 0x61, 0x63, 0x65, 0x72, 0x64, 0x6F, 0x74, 0x65, 0x20, 0x71,
    0x75, 0x65, 0x0D, 0x0A, 0x67, 0x61, 0x72, 0x67, 0x61, 0x6C, 0x68, 0x61, 0x76, 0x61, 0x2E, 0x2E,
    0x2E, 0x20, 0x51, 0x75, 0x61, 0x74, 0x72, 0x6F, 0x20, 0x70, 0x6F, 0x6C, 0x65, 0x67, 0x61, 0x64,
    0x61, 0x73, 0x20, 0x64, 0x6F, 0x20, 0x6D, 0x61, 0x69, 0x73, 0x0D, 0x0A, 0x66, 0x69, 0x6E, 0x6F,
    0x20, 0x61, 0x87, 0x6F, 0x20, 0x64, 0x65, 0x20, 0x54, 0x6F, 0x6C, 0x65, 0x64, 0x6F, 0x20, 0x63,
    0x72, 0x61, 0x76, 0x61, 0x72, 0x61, 0x6D, 0x2D, 0x73, 0x65, 0x20, 0x6E, 0x6F, 0x20, 0x72, 0x6F,
    0x73, 0x74, 0x6F, 0x0D, 0x0A, 0x64, 0x6F, 0x20, 0x70, 0x61, 0x67, 0xC6, 0x6F, 0x2E, 0x20, 0x53,
    0x65, 0x75, 0x20, 0x73, 0x61, 0x6E, 0x67, 0x75, 0x65, 0x20, 0x6A, 0x6F, 0x72, 0x72, 0x6F, 0x75,
    0x2C, 0x20, 0x73, 0x61, 0x6C, 0x70, 0x69, 0x63, 0x61, 0x6E, 0x64, 0x6F, 0x0D, 0x0A, 0x6F, 0x20,
    0xA1, 0x64, 0x6F, 0x6C, 0x6F, 0x2C, 0x20, 0x61, 0x67, 0x6F, 0x72, 0x61, 0x20, 0x73, 0x65, 0x6D,
    0x20, 0x76, 0x69, 0x64, 0x61, 0x2E, 0x0D, 0x0A, 0x4C, 0x65, 0x76, 0x61, 0x6E, 0x74, 0x61, 0x6D,
    0x6F, 0x2D, 0x6E, 0x6F, 0x73, 0x20, 0x61, 0x20, 0x63, 0x75, 0x73, 0x74, 0x6F, 0x2E, 0x0D, 0x0A,
    0x23, 0x50, 0x23, 0x54, 0x4A, 0x61, 0x6D, 0x61, 0x69, 0x73, 0x20, 0x65, 0x73, 0x71, 0x75, 0x65,
    0x63, 0x65, 0x72, 0x65, 0x69, 0x20, 0x61, 0x71, 0x75, 0x65, 0x6C, 0x65, 0x20, 0x6D, 0x6F, 0x6D,
    0x65, 0x6E, 0x74, 0x6F, 0x0D, 0x0A, 0x74, 0x65, 0x72, 0x72, 0xA1, 0x76, 0x65, 0x6C, 0x2E, 0x20,
    0x4D, 0x65, 0x75, 0x73, 0x20, 0x63, 0x6F, 0x6D, 0x70, 0x61, 0x6E, 0x68, 0x65, 0x69, 0x72, 0x6F,
    0x73, 0x2C, 0x20, 0x63, 0x6F, 0x6D, 0x6F, 0x20, 0x65, 0x72, 0x61, 0x0D, 0x0A, 0x6E, 0x61, 0x74,
    0x75, 0x72, 0x61, 0x6C, 0x2C, 0x20, 0x63, 0x6F, 0x6E, 0x74, 0x61, 0x72, 0x61, 0x6D, 0x20, 0x68,
    0x69, 0x73, 0x74, 0xA2, 0x72, 0x69, 0x61, 0x73, 0x20, 0x64, 0x65, 0x0D, 0x0A, 0x65, 0x6E, 0x63,
    0x61, 0x6E, 0x74, 0x61, 0x6D, 0x65, 0x6E, 0x74, 0x6F, 0x73, 0x20, 0x64, 0x69, 0x61, 0x62, 0xA2,
    0x6C, 0x69, 0x63, 0x6F, 0x73, 0x20, 0x6C, 0x61, 0x6E, 0x87, 0x61, 0x64, 0x6F, 0x73, 0x20, 0x73,
    0x6F, 0x62, 0x72, 0x65, 0x0D, 0x0A, 0x6E, 0x6F, 0x73, 0x73, 0x61, 0x73, 0x20, 0x61, 0x72, 0x6D,
    0x61, 0x64, 0x75, 0x72, 0x61, 0x73, 0x2E, 0x20, 0x46, 0x6F, 0x73, 0x73, 0x65, 0x20, 0x71, 0x75,
    0x61, 0x6C, 0x20, 0x66, 0x6F, 0x73, 0x73, 0x65, 0x20, 0x61, 0x0D, 0x0A, 0x76, 0x65, 0x72, 0x64,
    0x61, 0x64, 0x65, 0x2C, 0x20, 0x65, 0x75, 0x20, 0x6E, 0xC6, 0x6F, 0x20, 0x70, 0x6F, 0x64, 0x69,
    0x61, 0x20, 0x6E, 0x65, 0x67, 0x61, 0x72, 0x20, 0x71, 0x75, 0x65, 0x20, 0x6F, 0x20, 0x64, 0x65,
    0x75, 0x73, 0x0D, 0x0A, 0x73, 0x75, 0x70, 0x72, 0x65, 0x6D, 0x6F, 0x20, 0x64, 0x6F, 0x20, 0x71,
    0x75, 0x61, 0x72, 0x74, 0x6F, 0x20, 0x75, 0x6E, 0x69, 0x76, 0x65, 0x72, 0x73, 0x6F, 0x20, 0x6E,
    0x6F, 0x73, 0x20, 0x74, 0x72, 0x61, 0x74, 0x61, 0x72, 0x61, 0x0D, 0x0A, 0x63, 0x6F, 0x6D, 0x6F,
    0x20, 0x6D, 0x65, 0x72, 0x6F, 0x73, 0x20, 0x62, 0x72, 0x69, 0x6E, 0x71, 0x75, 0x65, 0x64, 0x6F,
    0x73, 0x2E, 0x0D, 0x0A, 0x23, 0x50, 0x45, 0x73, 0x74, 0x6F, 0x75, 0x20, 0x63, 0x6F, 0x6E, 0x76,
    0x65, 0x6E, 0x63, 0x69, 0x64, 0x6F, 0x20, 0x64, 0x65, 0x20, 0x71, 0x75, 0x65, 0x20, 0x75, 0x6D,
    0x61, 0x20, 0x65, 0x6E, 0x65, 0x72, 0x67, 0x69, 0x61, 0x0D, 0x0A, 0x74, 0x65, 0x72, 0x72, 0xA1,
    0x76, 0x65, 0x6C, 0x20, 0x61, 0x69, 0x6E, 0x64, 0x61, 0x20, 0x73, 0x65, 0x20, 0x65, 0x6E, 0x63,
    0x65, 0x72, 0x72, 0x61, 0x20, 0x6E, 0x61, 0x71, 0x75, 0x65, 0x6C, 0x61, 0x0D, 0x0A, 0x65, 0x73,
    0x74, 0xA0, 0x74, 0x75, 0x61, 0x20, 0x70, 0x61, 0x67, 0xC6, 0x3B, 0x20, 0x75, 0x6D, 0x20, 0x70,
    0x6F, 0x64, 0x65, 0x72, 0x20, 0x63, 0x61, 0x70, 0x61, 0x7A, 0x20, 0x64, 0x65, 0x0D, 0x0A, 0x74,
    0x72, 0x61, 0x6E, 0x73, 0x66, 0x6F, 0x72, 0x6D, 0x61, 0x72, 0x20, 0x75, 0x6D, 0x20, 0x6F, 0x72,
    0x67, 0x75, 0x6C, 0x68, 0x6F, 0x73, 0x6F, 0x20, 0x63, 0x6F, 0x6E, 0x71, 0x75, 0x69, 0x73, 0x74,
    0x61, 0x64, 0x6F, 0x72, 0x0D, 0x0A, 0x6E, 0x75, 0x6D, 0x20, 0x66, 0x61, 0x6E, 0x74, 0x6F, 0x63,
    0x68, 0x65, 0x20, 0x69, 0x6E, 0x64, 0x65, 0x66, 0x65, 0x73, 0x6F, 0x2E, 0x0D, 0x0A, 0x23, 0x50,
    0x23, 0x43, 0x44, 0x65, 0x73, 0x65, 0x6E, 0x68, 0x6F, 0x20, 0x64, 0x65, 0x20, 0x43, 0x68, 0x61,
    0x6C, 0x63, 0x68, 0x69, 0x68, 0x75, 0x69, 0x74, 0x6C, 0x69, 0x63, 0x75, 0x65, 0x0D, 0x0A, 0x23,
    0x43, 0x70, 0x6F, 0x72, 0x20, 0x44, 0x6F, 0x6D, 0x20, 0x4A, 0x6F, 0x73, 0x82, 0x20, 0x44, 0x65,
    0x20, 0x4C, 0x61, 0x20, 0x53, 0x69, 0x65, 0x72, 0x72, 0x61, 0x0D, 0x0A, 0x23, 0x43, 0x66, 0x65,
    0x69, 0x74, 0x6F, 0x20, 0x61, 0x6E, 0x74, 0x65, 0x73, 0x20, 0x64, 0x61, 0x20, 0x64, 0x65, 0x73,
    0x74, 0x72, 0x75, 0x69, 0x87, 0xC6, 0x6F, 0x0D, 0x0A, 0x23, 0x43, 0x64, 0x6F, 0x20, 0x74, 0x65,
    0x6D, 0x70, 0x6C, 0x6F, 0x20, 0x61, 0x73, 0x74, 0x65, 0x63, 0x61, 0x20, 0x64, 0x65, 0x0D, 0x0A,
    0x23, 0x43, 0x54, 0x65, 0x6E, 0x6F, 0x63, 0x68, 0x74, 0x69, 0x74, 0x6C, 0x61, 0x6E, 0x2E, 0x0D,
    0x0A, 0x23, 0x47, 0x33, 0x0D, 0x0A, 0x1A, 0x0D, 0x0A, 0x00, 0x00, 0x00, 0x00, 0x0B, 0x06, 0x00,
    0x00, 0x0B, 0x06, 0x00, 0x00, 0x00, 0x00, 0x00, 0x00, 0x0D, 0x0A, 0x23, 0x43, 0x43, 0x61, 0x70,
    0xA1, 0x74, 0x75, 0x6C, 0x6F, 0x20, 0x49, 0x6E, 0x61, 0x63, 0x61, 0x62, 0x61, 0x64, 0x6F, 0x20,
    0x64, 0x65, 0x0D, 0x0A, 0x23, 0x43, 0x54, 0x65, 0x72, 0x72, 0x61, 0x20, 0x49, 0x6E, 0x63, 0x6F,
    0x67, 0x6E, 0x69, 0x74, 0x61, 0x0D, 0x0A, 0x23, 0x43, 0x70, 0x6F, 0x72, 0x20, 0x4A, 0x61, 0x63,
    0x6F, 0x62, 0x20, 0x56, 0x61, 0x6E, 0x20, 0x4F, 0x73, 0x74, 0x61, 0x64, 0x74, 0x65, 0x2E, 0x0D,
    0x0A, 0x0D, 0x0A, 0x0D, 0x0A, 0x23, 0x43, 0x46, 0x72, 0x61, 0x67, 0x6D, 0x65, 0x6E, 0x74, 0x6F,
    0x20, 0x61, 0x74, 0x82, 0x20, 0x68, 0x6F, 0x6A, 0x65, 0x20, 0x69, 0x6E, 0x82, 0x64, 0x69, 0x74,
    0x6F, 0x0D, 0x0A, 0x23, 0x43, 0x64, 0x6F, 0x20, 0x6D, 0x61, 0x6E, 0x75, 0x73, 0x63, 0x72, 0x69,
    0x74, 0x6F, 0x2C, 0x20, 0x64, 0x65, 0x73, 0x63, 0x6F, 0x62, 0x65, 0x72, 0x74, 0x6F, 0x0D, 0x0A,
    0x23, 0x43, 0x67, 0x72, 0x61, 0x87, 0x61, 0x73, 0x20, 0x61, 0x20, 0x69, 0x6E, 0x64, 0x69, 0x63,
    0x61, 0x87, 0xE4, 0x65, 0x73, 0x20, 0x66, 0x6F, 0x72, 0x6E, 0x65, 0x63, 0x69, 0x64, 0x61, 0x73,
    0x0D, 0x0A, 0x23, 0x43, 0x70, 0x65, 0x6C, 0x6F, 0x20, 0xD6, 0x6E, 0x64, 0x69, 0x63, 0x65, 0x20,
    0x45, 0x78, 0x70, 0x75, 0x72, 0x67, 0x61, 0x74, 0xA2, 0x72, 0x69, 0x6F, 0x0D, 0x0A, 0x23, 0x43,
    0x64, 0x61, 0x20, 0x42, 0x69, 0x62, 0x6C, 0x69, 0x6F, 0x74, 0x65, 0x63, 0x61, 0x20, 0x64, 0x6F,
    0x20, 0x56, 0x61, 0x74, 0x69, 0x63, 0x61, 0x6E, 0x6F, 0x0D, 0x0A, 0x23, 0x50, 0x4E, 0x61, 0x71,
    0x75, 0x65, 0x6C, 0x61, 0x73, 0x20, 0x74, 0x65, 0x72, 0x72, 0x61, 0x73, 0x20, 0x67, 0x65, 0x6C,
    0x61, 0x64, 0x61, 0x73, 0x20, 0x65, 0x20, 0x68, 0x6F, 0x73, 0x74, 0x69, 0x73, 0x2C, 0x20, 0x6F,
    0x73, 0x0D, 0x0A, 0x72, 0x69, 0x74, 0x6F, 0x73, 0x20, 0x64, 0x6F, 0x73, 0x20, 0x66, 0x65, 0x69,
    0x74, 0x69, 0x63, 0x65, 0x69, 0x72, 0x6F, 0x73, 0x20, 0x65, 0x20, 0x63, 0x75, 0x72, 0x61, 0x6E,
    0x64, 0x65, 0x69, 0x72, 0x6F, 0x73, 0x20, 0x74, 0x88, 0x6D, 0x0D, 0x0A, 0x72, 0x61, 0xA1, 0x7A,
    0x65, 0x73, 0x20, 0x70, 0x72, 0x6F, 0x66, 0x75, 0x6E, 0x64, 0x61, 0x73, 0x20, 0x65, 0x6D, 0x20,
    0x61, 0x6E, 0x74, 0x69, 0x67, 0x61, 0x73, 0x20, 0x6C, 0x65, 0x6E, 0x64, 0x61, 0x73, 0x2E, 0x0D,
    0x0A, 0x43, 0x72, 0x88, 0x2D, 0x73, 0x65, 0x20, 0x71, 0x75, 0x65, 0x20, 0x73, 0x65, 0x72, 0x65,
    0x73, 0x20, 0x6D, 0x69, 0x73, 0x74, 0x65, 0x72, 0x69, 0x6F, 0x73, 0x6F, 0x73, 0x20, 0x65, 0x20,
    0x63, 0x72, 0x75, 0x82, 0x69, 0x73, 0x0D, 0x0A, 0x72, 0x65, 0x69, 0x6E, 0x61, 0x72, 0x61, 0x6D,
    0x20, 0x6F, 0x75, 0x74, 0x72, 0x6F, 0x72, 0x61, 0x20, 0x73, 0x6F, 0x62, 0x72, 0x65, 0x20, 0x61,
    0x73, 0x20, 0x70, 0x6C, 0x61, 0x6E, 0xA1, 0x63, 0x69, 0x65, 0x73, 0x0D, 0x0A, 0xA0, 0x72, 0x74,
    0x69, 0x63, 0x61, 0x73, 0x2E, 0x0D, 0x0A, 0x55, 0x6D, 0x61, 0x20, 0x63, 0x69, 0x64, 0x61, 0x64,
    0x65, 0x20, 0x6D, 0x61, 0x6C, 0x64, 0x69, 0x74, 0x61, 0x2C, 0x20, 0x63, 0x65, 0x72, 0x63, 0x61,
    0x64, 0x61, 0x20, 0x64, 0x65, 0x20, 0x6D, 0x75, 0x72, 0x61, 0x6C, 0x68, 0x61, 0x73, 0x0D, 0x0A,
    0x63, 0x6F, 0x6C, 0x6F, 0x73, 0x73, 0x61, 0x69, 0x73, 0x2C, 0x20, 0x65, 0x73, 0x74, 0x61, 0x72,
    0x69, 0x61, 0x20, 0x64, 0x65, 0x20, 0x70, 0x82, 0x20, 0x61, 0x74, 0x82, 0x20, 0x68, 0x6F, 0x6A,
    0x65, 0x2E, 0x20, 0x45, 0x6C, 0x61, 0x0D, 0x0A, 0x65, 0x6E, 0x63, 0x65, 0x72, 0x72, 0x61, 0x20,
    0x74, 0x65, 0x73, 0x6F, 0x75, 0x72, 0x6F, 0x73, 0x20, 0x66, 0x61, 0x62, 0x75, 0x6C, 0x6F, 0x73,
    0x6F, 0x73, 0x20, 0x65, 0x20, 0x82, 0x20, 0x68, 0x61, 0x62, 0x69, 0x74, 0x61, 0x64, 0x61, 0x0D,
    0x0A, 0x70, 0x65, 0x6C, 0x6F, 0x73, 0x20, 0x64, 0x65, 0x73, 0x63, 0x65, 0x6E, 0x64, 0x65, 0x6E,
    0x74, 0x65, 0x73, 0x20, 0x64, 0x65, 0x67, 0x65, 0x6E, 0x65, 0x72, 0x61, 0x64, 0x6F, 0x73, 0x20,
    0x64, 0x61, 0x71, 0x75, 0x65, 0x6C, 0x65, 0x73, 0x0D, 0x0A, 0x71, 0x75, 0x65, 0x2C, 0x20, 0x70,
    0x6F, 0x72, 0x20, 0x73, 0x82, 0x63, 0x75, 0x6C, 0x6F, 0x73, 0x2C, 0x20, 0x73, 0x65, 0x6D, 0x65,
    0x61, 0x72, 0x61, 0x6D, 0x20, 0x6F, 0x20, 0x74, 0x65, 0x72, 0x72, 0x6F, 0x72, 0x20, 0x6E, 0x6F,
    0x0D, 0x0A, 0x63, 0x6F, 0x72, 0x61, 0x87, 0xC6, 0x6F, 0x20, 0x64, 0x61, 0x71, 0x75, 0x65, 0x6C,
    0x65, 0x20, 0x70, 0x6F, 0x76, 0x6F, 0x2E, 0x0D, 0x0A, 0x23, 0x50, 0x45, 0x73, 0x73, 0x61, 0x20,
    0x67, 0x65, 0x6E, 0x74, 0x65, 0x2C, 0x20, 0x70, 0x6C, 0xA0, 0x63, 0x69, 0x64, 0x61, 0x20, 0x70,
    0x6F, 0x72, 0x20, 0x6E, 0x61, 0x74, 0x75, 0x72, 0x65, 0x7A, 0x61, 0x2C, 0x20, 0x82, 0x0D, 0x0A,
    0x74, 0x6F, 0x6D, 0x61, 0x64, 0x61, 0x20, 0x64, 0x65, 0x20, 0x66, 0xA3, 0x72, 0x69, 0x61, 0x20,
    0x65, 0x20, 0x68, 0x6F, 0x72, 0x72, 0x6F, 0x72, 0x20, 0x85, 0x20, 0x73, 0x69, 0x6D, 0x70, 0x6C,
    0x65, 0x73, 0x0D, 0x0A, 0x6D, 0x65, 0x6E, 0x87, 0xC6, 0x6F, 0x20, 0x64, 0x6F, 0x73, 0x20, 0x22,
    0x50, 0x72, 0x69, 0x73, 0x69, 0x6F, 0x6E, 0x65, 0x69, 0x72, 0x6F, 0x73, 0x20, 0x64, 0x6F, 0x20,
    0x47, 0x65, 0x6C, 0x6F, 0x22, 0x2E, 0x20, 0x53, 0x65, 0x0D, 0x0A, 0x65, 0x73, 0x73, 0x65, 0x73,
    0x20, 0x63, 0x61, 0x74, 0x69, 0x76, 0x6F, 0x73, 0x20, 0x6D, 0x65, 0x64, 0x6F, 0x6E, 0x68, 0x6F,
    0x73, 0x20, 0x66, 0x6F, 0x73, 0x73, 0x65, 0x6D, 0x20, 0x6C, 0x69, 0x62, 0x65, 0x72, 0x74, 0x61,
    0x64, 0x6F, 0x73, 0x0D, 0x0A, 0x64, 0x65, 0x20, 0x73, 0x75, 0x61, 0x73, 0x20, 0x63, 0x65, 0x6C,
    0x61, 0x73, 0x20, 0x63, 0x6F, 0x6E, 0x67, 0x65, 0x6C, 0x61, 0x64, 0x61, 0x73, 0x2C, 0x20, 0x63,
    0x6F, 0x62, 0x72, 0x61, 0x72, 0x69, 0x61, 0x6D, 0x20, 0x75, 0x6D, 0x0D, 0x0A, 0x74, 0x72, 0x69,
    0x62, 0x75, 0x74, 0x6F, 0x20, 0x68, 0x6F, 0x72, 0x72, 0x69, 0x70, 0x69, 0x6C, 0x61, 0x6E, 0x74,
    0x65, 0x20, 0x65, 0x6D, 0x20, 0x63, 0x61, 0x72, 0x6E, 0x65, 0x20, 0x68, 0x75, 0x6D, 0x61, 0x6E,
    0x61, 0x2E, 0x0D, 0x0A, 0x45, 0x73, 0x73, 0x65, 0x73, 0x20, 0x73, 0x65, 0x72, 0x65, 0x73, 0x20,
    0x64, 0x65, 0x20, 0x67, 0x65, 0x6C, 0x61, 0x72, 0x20, 0x6F, 0x20, 0x73, 0x61, 0x6E, 0x67, 0x75,
    0x65, 0x20, 0x70, 0x6F, 0x64, 0x65, 0x6D, 0x20, 0x73, 0x65, 0x72, 0x0D, 0x0A, 0x69, 0x6E, 0x76,
    0x6F, 0x63, 0x61, 0x64, 0x6F, 0x73, 0x20, 0x70, 0x6F, 0x72, 0x20, 0x63, 0x65, 0x72, 0x74, 0x61,
    0x73, 0x20, 0x70, 0x61, 0x6C, 0x61, 0x76, 0x72, 0x61, 0x73, 0x20, 0x72, 0x69, 0x74, 0x75, 0x61,
    0x69, 0x73, 0x2E, 0x0D, 0x0A, 0x50, 0x6F, 0x64, 0x65, 0x6D, 0x20, 0x61, 0x74, 0x82, 0x20, 0x73,
    0x65, 0x72, 0x20, 0x64, 0x6F, 0x6D, 0x69, 0x6E, 0x61, 0x64, 0x6F, 0x73, 0x2C, 0x20, 0x61, 0x69,
    0x6E, 0x64, 0x61, 0x20, 0x71, 0x75, 0x65, 0x20, 0x63, 0x6F, 0x6D, 0x20, 0x61, 0x0D, 0x0A, 0x6D,
    0x61, 0x69, 0x6F, 0x72, 0x20, 0x64, 0x69, 0x66, 0x69, 0x63, 0x75, 0x6C, 0x64, 0x61, 0x64, 0x65,
    0x2E, 0x0D, 0x0A, 0x23, 0x50, 0x43, 0x6F, 0x6E, 0x66, 0x65, 0x73, 0x73, 0x6F, 0x20, 0x74, 0x65,
    0x72, 0x20, 0x66, 0x69, 0x63, 0x61, 0x64, 0x6F, 0x20, 0x69, 0x6D, 0x70, 0x72, 0x65, 0x73, 0x73,
    0x69, 0x6F, 0x6E, 0x61, 0x64, 0x6F, 0x20, 0x63, 0x6F, 0x6D, 0x0D, 0x0A, 0x65, 0x73, 0x73, 0x65,
    0x73, 0x20, 0x72, 0x65, 0x6C, 0x61, 0x74, 0x6F, 0x73, 0x2C, 0x20, 0x71, 0x75, 0x65, 0x20, 0x6D,
    0x65, 0x20, 0x66, 0x6F, 0x72, 0x61, 0x6D, 0x20, 0x72, 0x65, 0x70, 0x65, 0x74, 0x69, 0x64, 0x6F,
    0x73, 0x20, 0x65, 0x6D, 0x0D, 0x0A, 0x6D, 0x75, 0x69, 0x74, 0x61, 0x73, 0x20, 0x6F, 0x63, 0x61,
    0x73, 0x69, 0xE4, 0x65, 0x73, 0x20, 0x65, 0x20, 0x65, 0x6D, 0x20, 0x64, 0x69, 0x76, 0x65, 0x72,
    0x73, 0x6F, 0x73, 0x20, 0x6C, 0x75, 0x67, 0x61, 0x72, 0x65, 0x73, 0x0D, 0x0A, 0x64, 0x75, 0x72,
    0x61, 0x6E, 0x74, 0x65, 0x20, 0x6D, 0x69, 0x6E, 0x68, 0x61, 0x73, 0x20, 0x76, 0x69, 0x61, 0x67,
    0x65, 0x6E, 0x73, 0x20, 0x70, 0x65, 0x6C, 0x61, 0x20, 0x72, 0x65, 0x67, 0x69, 0xC6, 0x6F, 0x2E,
    0x20, 0x56, 0x69, 0x0D, 0x0A, 0x74, 0x61, 0x6D, 0x62, 0x82, 0x6D, 0x20, 0x6F, 0x62, 0x6A, 0x65,
    0x74, 0x6F, 0x73, 0x20, 0x64, 0x65, 0x20, 0x63, 0x75, 0x6C, 0x74, 0x6F, 0x20, 0x70, 0x65, 0x72,
    0x74, 0x75, 0x72, 0x62, 0x61, 0x64, 0x6F, 0x72, 0x65, 0x73, 0x2C, 0x0D, 0x0A, 0x65, 0x73, 0x63,
    0x75, 0x6C, 0x70, 0x69, 0x64, 0x6F, 0x73, 0x20, 0x6E, 0x75, 0x6D, 0x61, 0x20, 0x6D, 0x61, 0x74,
    0x82, 0x72, 0x69, 0x61, 0x20, 0x71, 0x75, 0x65, 0x20, 0x6D, 0x65, 0x20, 0x65, 0x72, 0x61, 0x0D,
    0x0A, 0x64, 0x65, 0x73, 0x63, 0x6F, 0x6E, 0x68, 0x65, 0x63, 0x69, 0x64, 0x61, 0x2E, 0x0D, 0x0A,
    0x4F, 0x75, 0x74, 0x72, 0x6F, 0x20, 0x66, 0x61, 0x74, 0x6F, 0x20, 0x6E, 0x6F, 0x74, 0xA0, 0x76,
    0x65, 0x6C, 0x20, 0x82, 0x20, 0x71, 0x75, 0x65, 0x20, 0x6F, 0x73, 0x20, 0x65, 0x73, 0x71, 0x75,
    0x69, 0x6D, 0xA2, 0x73, 0x20, 0x64, 0x61, 0x0D, 0x0A, 0x72, 0x65, 0x67, 0x69, 0xC6, 0x6F, 0x20,
    0x73, 0x65, 0x6E, 0x74, 0x65, 0x6D, 0x20, 0x67, 0x72, 0x61, 0x6E, 0x64, 0x65, 0x20, 0x72, 0x65,
    0x70, 0x75, 0x67, 0x6E, 0x83, 0x6E, 0x63, 0x69, 0x61, 0x20, 0x65, 0x6D, 0x0D, 0x0A, 0x70, 0x72,
    0x6F, 0x6E, 0x75, 0x6E, 0x63, 0x69, 0x61, 0x72, 0x20, 0x63, 0x65, 0x72, 0x74, 0x61, 0x73, 0x20,
    0x70, 0x61, 0x6C, 0x61, 0x76, 0x72, 0x61, 0x73, 0x20, 0x65, 0x0D, 0x0A, 0x69, 0x6E, 0x76, 0x61,
    0x72, 0x69, 0x61, 0x76, 0x65, 0x6C, 0x6D, 0x65, 0x6E, 0x74, 0x65, 0x20, 0x65, 0x76, 0x69, 0x74,
    0x61, 0x6D, 0x20, 0x64, 0x69, 0x7A, 0x88, 0x2D, 0x6C, 0x61, 0x73, 0x2E, 0x0D, 0x0A, 0x23, 0x50,
    0x45, 0x69, 0x73, 0x20, 0x75, 0x6D, 0x20, 0x65, 0x78, 0x65, 0x6D, 0x70, 0x6C, 0x6F, 0x20, 0x76,
    0x69, 0x76, 0x6F, 0x20, 0x64, 0x6F, 0x20, 0x70, 0x6F, 0x64, 0x65, 0x72, 0x20, 0x71, 0x75, 0x65,
    0x20, 0x61, 0x73, 0x0D, 0x0A, 0x70, 0x61, 0x6C, 0x61, 0x76, 0x72, 0x61, 0x73, 0x20, 0x65, 0x6E,
    0x63, 0x65, 0x72, 0x72, 0x61, 0x6D, 0x2E, 0x20, 0x43, 0x6F, 0x6D, 0x6F, 0x20, 0x65, 0x73, 0x74,
    0xA0, 0x20, 0x65, 0x73, 0x63, 0x72, 0x69, 0x74, 0x6F, 0x20, 0x6E, 0x61, 0x0D, 0x0A, 0x42, 0xA1,
    0x62, 0x6C, 0x69, 0x61, 0x3A, 0x20, 0x4E, 0x6F, 0x20, 0x70, 0x72, 0x69, 0x6E, 0x63, 0xA1, 0x70,
    0x69, 0x6F, 0x20, 0x65, 0x72, 0x61, 0x20, 0x6F, 0x20, 0x56, 0x65, 0x72, 0x62, 0x6F, 0x2E, 0x0D,
    0x0A, 0x1A, 0x0D, 0x0A, 0x00, 0x00, 0x00, 0x00, 0x00, 0x14, 0x00, 0x00, 0x00, 0x14, 0x00, 0x00,
    0x00, 0x00, 0x00, 0x00, 0x0D, 0x0A, 0x0D, 0x0A, 0x0D, 0x0A, 0x23, 0x43, 0x44, 0x69, 0xA0, 0x72,
    0x69, 0x6F, 0x0D, 0x0A, 0x0D, 0x0A, 0x23, 0x43, 0x2A, 0x0D, 0x0A, 0x0D, 0x0A, 0x23, 0x43, 0x64,
    0x65, 0x20, 0x4A, 0x2E, 0x20, 0x48, 0x61, 0x72, 0x74, 0x77, 0x6F, 0x6F, 0x64, 0x0D, 0x0A, 0x0D,
    0x0A, 0x23, 0x43, 0x2A, 0x0D, 0x0A, 0x0D, 0x0A, 0x23, 0x50, 0x0D, 0x0A, 0x23, 0x54, 0x23, 0x54,
    0x32, 0x37, 0x20, 0x64, 0x65, 0x20, 0x73, 0x65, 0x74, 0x65, 0x6D, 0x62, 0x72, 0x6F, 0x20, 0x64,
    0x65, 0x20, 0x31, 0x39, 0x32, 0x34, 0x2E, 0x0D, 0x0A, 0x0D, 0x0A, 0x44, 0x65, 0x63, 0x69, 0x64,
    0x69, 0x20, 0x6D, 0x61, 0x6E, 0x74, 0x65, 0x72, 0x20, 0x65, 0x73, 0x74, 0x65, 0x20, 0x64, 0x69,
    0xA0, 0x72, 0x69, 0x6F, 0x2E, 0x0D, 0x0A, 0x41, 0x63, 0x6F, 0x6E, 0x74, 0x65, 0x63, 0x69, 0x6D,
    0x65, 0x6E, 0x74, 0x6F, 0x73, 0x20, 0x69, 0x6E, 0x65, 0x78, 0x70, 0x6C, 0x69, 0x63, 0xA0, 0x76,
    0x65, 0x69, 0x73, 0x20, 0x64, 0x65, 0x6D, 0x61, 0x69, 0x73, 0x20, 0x74, 0x88, 0x6D, 0x0D, 0x0A,
    0x6F, 0x63, 0x6F, 0x72, 0x72, 0x69, 0x64, 0x6F, 0x20, 0x75, 0x6C, 0x74, 0x69, 0x6D, 0x61, 0x6D,
    0x65, 0x6E, 0x74, 0x65, 0x2E, 0x20, 0x4A, 0x61, 0x6D, 0x61, 0x69, 0x73, 0x20, 0x6F, 0x73, 0x20,
    0x73, 0x6F, 0x6E, 0x68, 0x6F, 0x73, 0x0D, 0x0A, 0x61, 0x73, 0x73, 0x6F, 0x6D, 0x62, 0x72, 0x61,
    0x72, 0x61, 0x6D, 0x20, 0x61, 0x73, 0x73, 0x69, 0x6D, 0x20, 0x63, 0x61, 0x64, 0x61, 0x20, 0x6D,
    0x6F, 0x6D, 0x65, 0x6E, 0x74, 0x6F, 0x20, 0x64, 0x65, 0x20, 0x6D, 0x69, 0x6E, 0x68, 0x61, 0x0D,
    0x0A, 0x76, 0x69, 0x67, 0xA1, 0x6C, 0x69, 0x61, 0x2E, 0x0D, 0x0A, 0x23, 0x50, 0x54, 0x61, 0x6C,
    0x76, 0x65, 0x7A, 0x20, 0x6D, 0x65, 0x75, 0x20, 0x65, 0x73, 0x70, 0xA1, 0x72, 0x69, 0x74, 0x6F,
    0x20, 0x72, 0x6F, 0x6D, 0x83, 0x6E, 0x74, 0x69, 0x63, 0x6F, 0x0D, 0x0A, 0x65, 0x73, 0x74, 0x69,
    0x76, 0x65, 0x73, 0x73, 0x65, 0x20, 0x65, 0x6E, 0x74, 0x6F, 0x72, 0x70, 0x65, 0x63, 0x69, 0x64,
    0x6F, 0x20, 0x64, 0x65, 0x6D, 0x61, 0x69, 0x73, 0x20, 0x65, 0x20, 0x73, 0xA2, 0x20, 0x61, 0x67,
    0x6F, 0x72, 0x61, 0x0D, 0x0A, 0x74, 0x65, 0x6E, 0x68, 0x61, 0x20, 0x64, 0x65, 0x73, 0x70, 0x65,
    0x72, 0x74, 0x61, 0x64, 0x6F, 0x20, 0x70, 0x61, 0x72, 0x61, 0x20, 0x65, 0x73, 0x74, 0x65, 0x73,
    0x20, 0x6E, 0x6F, 0x76, 0x6F, 0x73, 0x0D, 0x0A, 0x63, 0x61, 0x6D, 0x69, 0x6E, 0x68, 0x6F, 0x73,
    0x20, 0x65, 0x20, 0x76, 0x69, 0x73, 0xE4, 0x65, 0x73, 0x2E, 0x0D, 0x0A, 0x23, 0x54, 0x41, 0x6C,
    0x67, 0x75, 0x6E, 0x73, 0x2C, 0x20, 0x61, 0x6F, 0x20, 0x76, 0x65, 0x72, 0x65, 0x6D, 0x20, 0x6D,
    0x65, 0x75, 0x73, 0x20, 0x71, 0x75, 0x61, 0x64, 0x72, 0x6F, 0x73, 0x0D, 0x0A, 0x72, 0x65, 0x63,
    0x65, 0x6E, 0x74, 0x65, 0x73, 0x2C, 0x20, 0x74, 0x61, 0x6C, 0x76, 0x65, 0x7A, 0x20, 0x70, 0x6F,
    0x6E, 0x68, 0x61, 0x6D, 0x20, 0x65, 0x6D, 0x20, 0x64, 0xA3, 0x76, 0x69, 0x64, 0x61, 0x20, 0x6D,
    0x69, 0x6E, 0x68, 0x61, 0x0D, 0x0A, 0x73, 0x61, 0x6E, 0x69, 0x64, 0x61, 0x64, 0x65, 0x2E, 0x20,
    0x53, 0xA2, 0x20, 0x70, 0x6F, 0x73, 0x73, 0x6F, 0x20, 0x70, 0x65, 0x72, 0x67, 0x75, 0x6E, 0x74,
    0x61, 0x72, 0x2D, 0x6C, 0x68, 0x65, 0x73, 0x3A, 0x20, 0x22, 0x4F, 0x0D, 0x0A, 0x71, 0x75, 0x65,
    0x20, 0x82, 0x20, 0x61, 0x20, 0x73, 0x61, 0x6E, 0x69, 0x64, 0x61, 0x64, 0x65, 0x3F, 0x20, 0x4F,
    0x6E, 0x64, 0x65, 0x20, 0x63, 0x6F, 0x6D, 0x65, 0x87, 0x61, 0x20, 0x61, 0x0D, 0x0A, 0x6C, 0x6F,
    0x75, 0x63, 0x75, 0x72, 0x61, 0x3F, 0x22, 0x0D, 0x0A, 0x23, 0x50, 0x32, 0x38, 0x20, 0x64, 0x65,
    0x20, 0x73, 0x65, 0x74, 0x65, 0x6D, 0x62, 0x72, 0x6F, 0x20, 0x64, 0x65, 0x20, 0x31, 0x39, 0x32,
    0x34, 0x2E, 0x0D, 0x0A, 0x0D, 0x0A, 0x41, 0x20, 0x6E, 0x6F, 0x69, 0x74, 0x65, 0x20, 0x65, 0x73,
    0x74, 0xA0, 0x20, 0x6E, 0x65, 0x67, 0x72, 0x61, 0x20, 0x63, 0x6F, 0x6D, 0x6F, 0x20, 0x62, 0x72,
    0x65, 0x75, 0x2E, 0x20, 0x45, 0x73, 0x74, 0x6F, 0x75, 0x0D, 0x0A, 0x6F, 0x75, 0x74, 0x72, 0x61,
    0x20, 0x76, 0x65, 0x7A, 0x20, 0x65, 0x6E, 0x63, 0x68, 0x61, 0x72, 0x63, 0x61, 0x64, 0x6F, 0x20,
    0x64, 0x65, 0x20, 0x73, 0x75, 0x6F, 0x72, 0x2E, 0x20, 0x45, 0x75, 0x20, 0x76, 0x61, 0x67, 0x61,
    0x76, 0x61, 0x0D, 0x0A, 0x70, 0x6F, 0x72, 0x20, 0x64, 0x75, 0x6E, 0x61, 0x73, 0x2C, 0x20, 0x65,
    0x6E, 0x74, 0x72, 0x65, 0x20, 0x67, 0x69, 0x67, 0x61, 0x6E, 0x74, 0x65, 0x73, 0x63, 0x61, 0x73,
    0x20, 0x70, 0x65, 0x64, 0x72, 0x61, 0x73, 0x0D, 0x0A, 0x65, 0x72, 0x67, 0x75, 0x69, 0x64, 0x61,
    0x73, 0x2E, 0x20, 0x45, 0x73, 0x74, 0x61, 0x76, 0x61, 0x6D, 0x20, 0x64, 0x69, 0x73, 0x70, 0x6F,
    0x73, 0x74, 0x61, 0x73, 0x20, 0x65, 0x6D, 0x20, 0x63, 0xA1, 0x72, 0x63, 0x75, 0x6C, 0x6F, 0x20,
    0x65, 0x0D, 0x0A, 0x6F, 0x20, 0x76, 0x65, 0x6E, 0x74, 0x6F, 0x20, 0x61, 0x73, 0x73, 0x6F, 0x62,
    0x69, 0x61, 0x76, 0x61, 0x20, 0x61, 0x6F, 0x20, 0x72, 0x65, 0x64, 0x6F, 0x72, 0x20, 0x64, 0x65,
    0x6C, 0x61, 0x73, 0x2E, 0x0D, 0x0A, 0x23, 0x54, 0x4D, 0x65, 0x72, 0x67, 0x75, 0x6C, 0x68, 0x65,
    0x69, 0x20, 0x61, 0x20, 0x6D, 0xC6, 0x6F, 0x20, 0x6E, 0x6F, 0x20, 0x73, 0x6F, 0x6C, 0x6F, 0x20,
    0x65, 0x20, 0x73, 0x65, 0x6E, 0x74, 0x69, 0x20, 0x61, 0x71, 0x75, 0x65, 0x6C, 0x61, 0x0D, 0x0A,
    0x63, 0x6F, 0x69, 0x73, 0x61, 0x20, 0x72, 0x65, 0x70, 0x75, 0x6C, 0x73, 0x69, 0x76, 0x61, 0x20,
    0x71, 0x75, 0x65, 0x20, 0x74, 0x65, 0x6E, 0x74, 0x61, 0x76, 0x61, 0x20, 0x6D, 0x65, 0x20, 0x61,
    0x67, 0x61, 0x72, 0x72, 0x61, 0x72, 0x2E, 0x0D, 0x0A, 0x23, 0x50, 0x45, 0x6C, 0x61, 0x20, 0x6D,
    0x65, 0x20, 0x70, 0x72, 0x65, 0x6E, 0x64, 0x65, 0x75, 0x2E, 0x20, 0x44, 0x65, 0x62, 0x61, 0x74,
    0x69, 0x2D, 0x6D, 0x65, 0x20, 0x70, 0x61, 0x72, 0x61, 0x20, 0x65, 0x73, 0x63, 0x61, 0x70, 0x61,
    0x72, 0x0D, 0x0A, 0x64, 0x65, 0x20, 0x73, 0x65, 0x75, 0x20, 0x61, 0x62, 0x72, 0x61, 0x87, 0x6F,
    0x20, 0x72, 0x65, 0x70, 0x75, 0x67, 0x6E, 0x61, 0x6E, 0x74, 0x65, 0x20, 0x65, 0x20, 0x63, 0x6F,
    0x6E, 0x73, 0x65, 0x67, 0x75, 0x69, 0x0D, 0x0A, 0x61, 0x72, 0x72, 0x61, 0x6E, 0x63, 0x61, 0x72,
    0x20, 0x61, 0x20, 0x6D, 0xC6, 0x6F, 0x3B, 0x20, 0x65, 0x73, 0x74, 0x61, 0x76, 0x61, 0x20, 0x63,
    0x6F, 0x62, 0x65, 0x72, 0x74, 0x61, 0x20, 0x64, 0x65, 0x20, 0x75, 0x6D, 0x61, 0x0D, 0x0A, 0x73,
    0x75, 0x62, 0x73, 0x74, 0x83, 0x6E, 0x63, 0x69, 0x61, 0x20, 0x76, 0x69, 0x73, 0x63, 0x6F, 0x73,
    0x61, 0x2E, 0x20, 0x45, 0x75, 0x20, 0x73, 0x65, 0x67, 0x75, 0x72, 0x61, 0x76, 0x61, 0x20, 0x75,
    0x6D, 0x0D, 0x0A, 0x70, 0x75, 0x6E, 0x68, 0x61, 0x6C, 0x2E, 0x2E, 0x2E, 0x0D, 0x0A, 0x23, 0x50,
    0x35, 0x20, 0x64, 0x65, 0x20, 0x6F, 0x75, 0x74, 0x75, 0x62, 0x72, 0x6F, 0x20, 0x64, 0x65, 0x20,
    0x31, 0x39, 0x32, 0x34, 0x2E, 0x0D, 0x0A, 0x0D, 0x0A, 0x4F, 0x20, 0x63, 0xA1, 0x72, 0x63, 0x75,
    0x6C, 0x6F, 0x20, 0x64, 0x65, 0x20, 0x70, 0x65, 0x64, 0x72, 0x61, 0x73, 0x20, 0x82, 0x20, 0x75,
    0x6D, 0x20, 0x70, 0x65, 0x6E, 0x74, 0xA0, 0x63, 0x75, 0x6C, 0x6F, 0x2E, 0x20, 0x41, 0x0D, 0x0A,
    0x62, 0x69, 0x62, 0x6C, 0x69, 0x6F, 0x74, 0x65, 0x63, 0x61, 0x20, 0x64, 0x65, 0x20, 0x44, 0x65,
    0x72, 0x63, 0x65, 0x74, 0x6F, 0x20, 0x65, 0x73, 0x74, 0xA0, 0x20, 0x72, 0x65, 0x70, 0x6C, 0x65,
    0x74, 0x61, 0x20, 0x64, 0x65, 0x0D, 0x0A, 0x6C, 0x69, 0x76, 0x72, 0x6F, 0x73, 0x20, 0x64, 0x65,
    0x20, 0x6F, 0x63, 0x75, 0x6C, 0x74, 0x69, 0x73, 0x6D, 0x6F, 0x2E, 0x0D, 0x0A, 0x23, 0x54, 0x45,
    0x73, 0x74, 0x75, 0x64, 0x61, 0x72, 0x65, 0x69, 0x20, 0x65, 0x73, 0x73, 0x65, 0x73, 0x20, 0x6C,
    0x69, 0x76, 0x72, 0x6F, 0x73, 0x20, 0x61, 0x74, 0x82, 0x20, 0x61, 0x63, 0x68, 0x61, 0x72, 0x20,
    0x75, 0x6D, 0x61, 0x0D, 0x0A, 0x65, 0x78, 0x70, 0x6C, 0x69, 0x63, 0x61, 0x87, 0xC6, 0x6F, 0x20,
    0x70, 0x61, 0x72, 0x61, 0x20, 0x6F, 0x73, 0x20, 0x73, 0x6F, 0x6E, 0x68, 0x6F, 0x73, 0x2E, 0x20,
    0x41, 0x73, 0x20, 0x76, 0x69, 0x73, 0xE4, 0x65, 0x73, 0x20, 0x71, 0x75, 0x65, 0x0D, 0x0A, 0x6D,
    0x65, 0x20, 0x61, 0x73, 0x73, 0x6F, 0x6D, 0x62, 0x72, 0x61, 0x6D, 0x20, 0x64, 0x65, 0x76, 0x65,
    0x6D, 0x20, 0x65, 0x73, 0x74, 0x61, 0x72, 0x20, 0x6C, 0x69, 0x67, 0x61, 0x64, 0x61, 0x73, 0x20,
    0x85, 0x73, 0x0D, 0x0A, 0x6D, 0x69, 0x6E, 0x68, 0x61, 0x73, 0x20, 0x64, 0x65, 0x73, 0x63, 0x6F,
    0x62, 0x65, 0x72, 0x74, 0x61, 0x73, 0x2E, 0x20, 0x54, 0x65, 0x72, 0x65, 0x69, 0x20, 0x64, 0x65,
    0x20, 0x65, 0x6D, 0x70, 0x72, 0x65, 0x65, 0x6E, 0x64, 0x65, 0x72, 0x0D, 0x0A, 0x75, 0x6D, 0x61,
    0x20, 0x65, 0x78, 0x70, 0x6C, 0x6F, 0x72, 0x61, 0x87, 0xC6, 0x6F, 0x20, 0x70, 0x72, 0x6F, 0x66,
    0x75, 0x6E, 0x64, 0x61, 0x20, 0x64, 0x65, 0x20, 0x6D, 0x65, 0x75, 0x73, 0x20, 0x73, 0x6F, 0x6E,
    0x68, 0x6F, 0x73, 0x2E, 0x0D, 0x0A, 0x23, 0x50, 0x31, 0x36, 0x20, 0x64, 0x65, 0x20, 0x64, 0x65,
    0x7A, 0x65, 0x6D, 0x62, 0x72, 0x6F, 0x2E, 0x0D, 0x0A, 0x0D, 0x0A, 0x4D, 0x65, 0x75, 0x20, 0x44,
    0x65, 0x75, 0x73, 0x21, 0x20, 0x45, 0x6E, 0x63, 0x6F, 0x6E, 0x74, 0x72, 0x65, 0x69, 0x20, 0x6F,
    0x20, 0x70, 0x75, 0x6E, 0x68, 0x61, 0x6C, 0x2E, 0x20, 0x45, 0x73, 0x74, 0x61, 0x76, 0x61, 0x0D,
    0x0A, 0x65, 0x73, 0x63, 0x6F, 0x6E, 0x64, 0x69, 0x64, 0x6F, 0x20, 0x61, 0x71, 0x75, 0x69, 0x2C,
    0x20, 0x65, 0x20, 0x6F, 0x20, 0x71, 0x75, 0x65, 0x20, 0x64, 0x65, 0x73, 0x63, 0x6F, 0x62, 0x72,
    0x69, 0x20, 0x6D, 0x65, 0x0D, 0x0A, 0x69, 0x6E, 0x71, 0x75, 0x69, 0x65, 0x74, 0x61, 0x2E, 0x20,
    0x90, 0x20, 0x75, 0x6D, 0x20, 0x70, 0x75, 0x6E, 0x68, 0x61, 0x6C, 0x20, 0x64, 0x65, 0x20, 0x73,
    0x61, 0x63, 0x72, 0x69, 0x66, 0xA1, 0x63, 0x69, 0x6F, 0x2C, 0x20, 0x64, 0x65, 0x0D, 0x0A, 0x61,
    0x6C, 0x67, 0x75, 0x6D, 0x20, 0x63, 0x75, 0x6C, 0x74, 0x6F, 0x20, 0xA1, 0x6D, 0x70, 0x69, 0x6F,
    0x2E, 0x0D, 0x0A, 0x23, 0x54, 0x41, 0x20, 0x69, 0x64, 0x65, 0x69, 0x61, 0x20, 0x64, 0x61, 0x71,
    0x75, 0x65, 0x6C, 0x61, 0x20, 0x6C, 0x83, 0x6D, 0x69, 0x6E, 0x61, 0x20, 0x72, 0x61, 0x73, 0x67,
    0x61, 0x6E, 0x64, 0x6F, 0x20, 0x63, 0x61, 0x72, 0x6E, 0x65, 0x0D, 0x0A, 0x68, 0x75, 0x6D, 0x61,
    0x6E, 0x61, 0x20, 0x6D, 0x65, 0x20, 0x68, 0x6F, 0x72, 0x72, 0x6F, 0x72, 0x69, 0x7A, 0x61, 0x2E,
    0x20, 0x4D, 0x61, 0x73, 0x20, 0x64, 0x65, 0x76, 0x6F, 0x20, 0x70, 0x72, 0x6F, 0x73, 0x73, 0x65,
    0x67, 0x75, 0x69, 0x72, 0x0D, 0x0A, 0x6D, 0x69, 0x6E, 0x68, 0x61, 0x73, 0x20, 0x70, 0x65, 0x73,
    0x71, 0x75, 0x69, 0x73, 0x61, 0x73, 0x2E, 0x20, 0x44, 0x65, 0x72, 0x63, 0x65, 0x74, 0x6F, 0x20,
    0x82, 0x20, 0x75, 0x6D, 0x61, 0x20, 0x61, 0x72, 0x63, 0x61, 0x0D, 0x0A, 0x64, 0x65, 0x20, 0x74,
    0x65, 0x73, 0x6F, 0x75, 0x72, 0x6F, 0x73, 0x2E, 0x0D, 0x0A, 0x23, 0x50, 0x54, 0x65, 0x72, 0x69,
    0x61, 0x20, 0x6D, 0x65, 0x75, 0x20, 0x70, 0x61, 0x69, 0x20, 0x72, 0x61, 0x7A, 0xC6, 0x6F, 0x2C,
    0x20, 0x61, 0x66, 0x69, 0x6E, 0x61, 0x6C, 0x3F, 0x0D, 0x0A, 0x23, 0x50, 0x32, 0x33, 0x20, 0x64,
    0x65, 0x20, 0x6A, 0x61, 0x6E, 0x65, 0x69, 0x72, 0x6F, 0x0D, 0x0A, 0x0D, 0x0A, 0x50, 0x61, 0x73,
    0x73, 0x6F, 0x20, 0x6F, 0x73, 0x20, 0x64, 0x69, 0x61, 0x73, 0x20, 0x6D, 0x65, 0x72, 0x67, 0x75,
    0x6C, 0x68, 0x61, 0x64, 0x6F, 0x20, 0x65, 0x6D, 0x20, 0x6C, 0x69, 0x76, 0x72, 0x6F, 0x73, 0x0D,
    0x0A, 0x65, 0x6D, 0x70, 0x6F, 0x65, 0x69, 0x72, 0x61, 0x64, 0x6F, 0x73, 0x2E, 0x20, 0x4F, 0x73,
    0x20, 0x63, 0x72, 0x69, 0x61, 0x64, 0x6F, 0x73, 0x20, 0x65, 0x73, 0x74, 0xC6, 0x6F, 0x0D, 0x0A,
    0x63, 0x6F, 0x6E, 0x76, 0x65, 0x6E, 0x63, 0x69, 0x64, 0x6F, 0x73, 0x20, 0x64, 0x65, 0x20, 0x71,
    0x75, 0x65, 0x20, 0x65, 0x6E, 0x6C, 0x6F, 0x75, 0x71, 0x75, 0x65, 0x63, 0x69, 0x2E, 0x20, 0xB7,
    0x20, 0x6E, 0x6F, 0x69, 0x74, 0x65, 0x2C, 0x0D, 0x0A, 0x64, 0x65, 0x73, 0x70, 0x65, 0x72, 0x74,
    0x6F, 0x2D, 0x6F, 0x73, 0x20, 0x63, 0x6F, 0x6D, 0x20, 0x6D, 0x65, 0x75, 0x73, 0x20, 0x67, 0x72,
    0x69, 0x74, 0x6F, 0x73, 0x2E, 0x0D, 0x0A, 0x4F, 0x73, 0x20, 0x73, 0x6F, 0x6E, 0x68, 0x6F, 0x73,
    0x20, 0x64, 0x65, 0x76, 0x6F, 0x72, 0x61, 0x6D, 0x20, 0x6F, 0x20, 0x71, 0x75, 0x65, 0x20, 0x6D,
    0x65, 0x20, 0x72, 0x65, 0x73, 0x74, 0x61, 0x20, 0x64, 0x65, 0x0D, 0x0A, 0x73, 0x61, 0x6E, 0x69,
    0x64, 0x61, 0x64, 0x65, 0x2E, 0x20, 0x54, 0x65, 0x6E, 0x74, 0x65, 0x69, 0x20, 0x6D, 0x61, 0x6E,
    0x74, 0x65, 0x72, 0x2D, 0x6D, 0x65, 0x20, 0x61, 0x63, 0x6F, 0x72, 0x64, 0x61, 0x64, 0x6F, 0x2C,
    0x20, 0x65, 0x6D, 0x0D, 0x0A, 0x76, 0xC6, 0x6F, 0x2E, 0x0D, 0x0A, 0x4D, 0x69, 0x6E, 0x68, 0x61,
    0x73, 0x20, 0x76, 0x69, 0x73, 0xE4, 0x65, 0x73, 0x20, 0x6D, 0x75, 0x64, 0x61, 0x72, 0x61, 0x6D,
    0x2C, 0x20, 0x73, 0x65, 0x6D, 0x20, 0x64, 0xA3, 0x76, 0x69, 0x64, 0x61, 0x20, 0x70, 0x6F, 0x72,
    0x0D, 0x0A, 0x69, 0x6E, 0x66, 0x6C, 0x75, 0x88, 0x6E, 0x63, 0x69, 0x61, 0x20, 0x64, 0x61, 0x73,
    0x20, 0x70, 0x65, 0x73, 0x71, 0x75, 0x69, 0x73, 0x61, 0x73, 0x20, 0x64, 0x65, 0x20, 0x6D, 0x65,
    0x75, 0x20, 0x70, 0x61, 0x69, 0x2E, 0x0D, 0x0A, 0x23, 0x50, 0x37, 0x20, 0x64, 0x65, 0x20, 0x66,
    0x65, 0x76, 0x65, 0x72, 0x65, 0x69, 0x72, 0x6F, 0x20, 0x64, 0x65, 0x20, 0x31, 0x39, 0x32, 0x35,
    0x0D, 0x0A, 0x0D, 0x0A, 0x4F, 0x20, 0x68, 0x6F, 0x6D, 0x65, 0x6D, 0x20, 0x73, 0x6F, 0x6D, 0x62,
    0x72, 0x69, 0x6F, 0x20, 0x28, 0x82, 0x20, 0x61, 0x73, 0x73, 0x69, 0x6D, 0x20, 0x71, 0x75, 0x65,
    0x20, 0x6F, 0x20, 0x63, 0x68, 0x61, 0x6D, 0x6F, 0x29, 0x0D, 0x0A, 0x72, 0x65, 0x76, 0x65, 0x6C,
    0x6F, 0x75, 0x2D, 0x6D, 0x65, 0x20, 0x73, 0x65, 0x75, 0x20, 0x76, 0x65, 0x72, 0x64, 0x61, 0x64,
    0x65, 0x69, 0x72, 0x6F, 0x20, 0x72, 0x6F, 0x73, 0x74, 0x6F, 0x2E, 0x0D, 0x0A, 0x41, 0x70, 0x61,
    0x72, 0x65, 0x63, 0x65, 0x75, 0x2C, 0x20, 0x63, 0x6F, 0x6D, 0x6F, 0x20, 0x64, 0x65, 0x20, 0x63,
    0x6F, 0x73, 0x74, 0x75, 0x6D, 0x65, 0x2C, 0x20, 0x6A, 0x75, 0x6E, 0x74, 0x6F, 0x20, 0x85, 0x0D,
    0x0A, 0x6C, 0x61, 0x72, 0x65, 0x69, 0x72, 0x61, 0x3B, 0x20, 0x6D, 0x61, 0x73, 0x20, 0x64, 0x65,
    0x73, 0x74, 0x61, 0x20, 0x76, 0x65, 0x7A, 0x20, 0x61, 0x70, 0x72, 0x6F, 0x78, 0x69, 0x6D, 0x6F,
    0x75, 0x2D, 0x73, 0x65, 0x20, 0x64, 0x65, 0x0D, 0x0A, 0x6D, 0x69, 0x6D, 0x2E, 0x0D, 0x0A, 0x23,
    0x50, 0x23, 0x54, 0x53, 0x65, 0x75, 0x20, 0x73, 0x6F, 0x72, 0x72, 0x69, 0x73, 0x6F, 0x20, 0x74,
    0x65, 0x72, 0x72, 0xA1, 0x76, 0x65, 0x6C, 0x20, 0x68, 0xA0, 0x20, 0x64, 0x65, 0x20, 0x6D, 0x65,
    0x0D, 0x0A, 0x61, 0x73, 0x73, 0x6F, 0x6D, 0x62, 0x72, 0x61, 0x72, 0x20, 0x61, 0x74, 0x82, 0x20,
    0x6F, 0x20, 0x64, 0x69, 0x61, 0x20, 0x64, 0x65, 0x20, 0x6D, 0x69, 0x6E, 0x68, 0x61, 0x20, 0x6D,
    0x6F, 0x72, 0x74, 0x65, 0x2E, 0x20, 0x53, 0x65, 0x75, 0x0D, 0x0A, 0x68, 0xA0, 0x6C, 0x69, 0x74,
    0x6F, 0x20, 0x65, 0x72, 0x61, 0x20, 0x67, 0x65, 0x6C, 0x6F, 0x20, 0x65, 0x20, 0x73, 0x65, 0x75,
    0x73, 0x20, 0x6F, 0x6C, 0x68, 0x6F, 0x73, 0x20, 0x61, 0x72, 0x64, 0x65, 0x6E, 0x74, 0x65, 0x73,
    0x20, 0x6D, 0x65, 0x0D, 0x0A, 0x63, 0x6F, 0x6E, 0x67, 0x65, 0x6C, 0x61, 0x72, 0x61, 0x6D, 0x3B,
    0x20, 0x65, 0x75, 0x20, 0x6E, 0xC6, 0x6F, 0x20, 0x63, 0x6F, 0x6E, 0x73, 0x65, 0x67, 0x75, 0x69,
    0x61, 0x20, 0x6D, 0x65, 0x20, 0x6D, 0x6F, 0x76, 0x65, 0x72, 0x21, 0x0D, 0x0A, 0x53, 0x65, 0x69,
    0x2C, 0x20, 0x63, 0x6F, 0x6D, 0x20, 0x61, 0x20, 0x6D, 0x61, 0x69, 0x73, 0x20, 0x61, 0x62, 0x73,
    0x6F, 0x6C, 0x75, 0x74, 0x61, 0x20, 0x63, 0x65, 0x72, 0x74, 0x65, 0x7A, 0x61, 0x2C, 0x20, 0x71,
    0x75, 0x65, 0x20, 0x6F, 0x0D, 0x0A, 0x72, 0x6F, 0x73, 0x74, 0x6F, 0x20, 0x71, 0x75, 0x65, 0x20,
    0x76, 0x69, 0x2C, 0x0D, 0x0A, 0x6F, 0x20, 0x72, 0x6F, 0x73, 0x74, 0x6F, 0x20, 0x71, 0x75, 0x65,
    0x20, 0x66, 0x65, 0x7A, 0x20, 0x64, 0x65, 0x20, 0x6D, 0x69, 0x6E, 0x68, 0x61, 0x73, 0x20, 0x6E,
    0x6F, 0x69, 0x74, 0x65, 0x73, 0x20, 0x75, 0x6D, 0x61, 0x0D, 0x0A, 0x74, 0x6F, 0x72, 0x74, 0x75,
    0x72, 0x61, 0x20, 0x69, 0x6E, 0x66, 0x65, 0x72, 0x6E, 0x61, 0x6C, 0x2C, 0x20, 0x82, 0x20, 0x61,
    0x20, 0x6D, 0xA0, 0x73, 0x63, 0x61, 0x72, 0x61, 0x20, 0x64, 0x61, 0x20, 0x6D, 0x6F, 0x72, 0x74,
    0x65, 0x2E, 0x0D, 0x0A, 0x23, 0x50, 0x31, 0x30, 0x20, 0x64, 0x65, 0x20, 0x6D, 0x61, 0x72, 0x87,
    0x6F, 0x0D, 0x0A, 0x0D, 0x0A, 0x4D, 0x65, 0x75, 0x20, 0x65, 0x73, 0x67, 0x6F, 0x74, 0x61, 0x6D,
    0x65, 0x6E, 0x74, 0x6F, 0x20, 0x82, 0x20, 0x69, 0x6E, 0x64, 0x65, 0x73, 0x63, 0x72, 0x69, 0x74,
    0xA1, 0x76, 0x65, 0x6C, 0x2E, 0x20, 0x41, 0x0D, 0x0A, 0x6C, 0x65, 0x69, 0x74, 0x75, 0x72, 0x61,
    0x20, 0x69, 0x6E, 0x74, 0x65, 0x72, 0x6D, 0x69, 0x6E, 0xA0, 0x76, 0x65, 0x6C, 0x20, 0x6D, 0x65,
    0x20, 0x71, 0x75, 0x65, 0x69, 0x6D, 0x61, 0x20, 0x6F, 0x73, 0x20, 0x6F, 0x6C, 0x68, 0x6F, 0x73,
    0x2E, 0x0D, 0x0A, 0x23, 0x54, 0x50, 0x61, 0x72, 0x65, 0x63, 0x65, 0x20, 0x71, 0x75, 0x65, 0x20,
    0x70, 0x69, 0x72, 0x61, 0x74, 0x61, 0x73, 0x20, 0x66, 0x72, 0x65, 0x71, 0x75, 0x65, 0x6E, 0x74,
    0x61, 0x76, 0x61, 0x6D, 0x20, 0x65, 0x73, 0x74, 0x61, 0x0D, 0x0A, 0x72, 0x65, 0x67, 0x69, 0xC6,
    0x6F, 0x2E, 0x20, 0x4F, 0x20, 0x64, 0x6F, 0x75, 0x74, 0x6F, 0x72, 0x20, 0x48, 0x65, 0x72, 0x62,
    0x65, 0x72, 0x74, 0x20, 0x65, 0x78, 0x69, 0x67, 0x65, 0x20, 0x71, 0x75, 0x65, 0x20, 0x65, 0x75,
    0x0D, 0x0A, 0x67, 0x75, 0x61, 0x72, 0x64, 0x65, 0x20, 0x6F, 0x20, 0x6C, 0x65, 0x69, 0x74, 0x6F,
    0x2E, 0x20, 0x4D, 0x75, 0x64, 0x65, 0x69, 0x20, 0x64, 0x65, 0x20, 0x71, 0x75, 0x61, 0x72, 0x74,
    0x6F, 0x20, 0x65, 0x20, 0x61, 0x67, 0x6F, 0x72, 0x61, 0x0D, 0x0A, 0x64, 0x75, 0x72, 0x6D, 0x6F,
    0x20, 0x62, 0x65, 0x6D, 0x20, 0x6D, 0x65, 0x6C, 0x68, 0x6F, 0x72, 0x2E, 0x0D, 0x0A, 0x4F, 0x20,
    0x68, 0x6F, 0x6D, 0x65, 0x6D, 0x20, 0x73, 0x6F, 0x6D, 0x62, 0x72, 0x69, 0x6F, 0x2C, 0x20, 0x70,
    0x6F, 0x72, 0x82, 0x6D, 0x2C, 0x20, 0x6E, 0xC6, 0x6F, 0x20, 0x73, 0x65, 0x20, 0x66, 0x6F, 0x69,
    0x2E, 0x20, 0x45, 0x75, 0x0D, 0x0A, 0x73, 0x65, 0x69, 0x2E, 0x20, 0x45, 0x73, 0x70, 0x65, 0x72,
    0x61, 0x72, 0xA0, 0x20, 0x6F, 0x20, 0x74, 0x65, 0x6D, 0x70, 0x6F, 0x20, 0x71, 0x75, 0x65, 0x20,
    0x66, 0x6F, 0x72, 0x20, 0x70, 0x72, 0x65, 0x63, 0x69, 0x73, 0x6F, 0x2E, 0x2E, 0x2E, 0x0D, 0x0A,
    0x23, 0x50, 0x41, 0x20, 0x6D, 0x65, 0x6E, 0x6F, 0x73, 0x20, 0x71, 0x75, 0x65, 0x20, 0x65, 0x75,
    0x2C, 0x20, 0x4A, 0x65, 0x72, 0x65, 0x6D, 0x79, 0x20, 0x48, 0x61, 0x72, 0x74, 0x77, 0x6F, 0x6F,
    0x64, 0x2C, 0x0D, 0x0A, 0x65, 0x6E, 0x63, 0x6F, 0x6E, 0x74, 0x72, 0x65, 0x20, 0x75, 0x6D, 0x20,
    0x6D, 0x65, 0x69, 0x6F, 0x20, 0x64, 0x65, 0x20, 0x6D, 0x61, 0x6E, 0x64, 0xA0, 0x2D, 0x6C, 0x6F,
    0x20, 0x64, 0x65, 0x20, 0x76, 0x6F, 0x6C, 0x74, 0x61, 0x20, 0x61, 0x6F, 0x0D, 0x0A, 0x69, 0x6E,
    0x66, 0x65, 0x72, 0x6E, 0x6F, 0x20, 0x64, 0x65, 0x20, 0x6F, 0x6E, 0x64, 0x65, 0x20, 0x71, 0x75,
    0x65, 0x72, 0x20, 0x71, 0x75, 0x65, 0x20, 0x74, 0x65, 0x6E, 0x68, 0x61, 0x20, 0x76, 0x69, 0x6E,
    0x64, 0x6F, 0x2E, 0x0D, 0x0A, 0x23, 0x50, 0x31, 0x31, 0x20, 0x64, 0x65, 0x20, 0x6D, 0x61, 0x72,
    0x87, 0x6F, 0x0D, 0x0A, 0x0D, 0x0A, 0x4D, 0x65, 0x75, 0x20, 0x70, 0x61, 0x72, 0x63, 0x6F, 0x20,
    0x63, 0x6F, 0x6E, 0x68, 0x65, 0x63, 0x69, 0x6D, 0x65, 0x6E, 0x74, 0x6F, 0x20, 0x64, 0x65, 0x20,
    0x67, 0x72, 0x65, 0x67, 0x6F, 0x20, 0x65, 0x20, 0x64, 0x65, 0x0D, 0x0A, 0x6C, 0x61, 0x74, 0x69,
    0x6D, 0x20, 0x82, 0x20, 0x75, 0x6D, 0x20, 0x73, 0x82, 0x72, 0x69, 0x6F, 0x20, 0x6F, 0x62, 0x73,
    0x74, 0xA0, 0x63, 0x75, 0x6C, 0x6F, 0x20, 0x85, 0x73, 0x20, 0x6D, 0x69, 0x6E, 0x68, 0x61, 0x73,
    0x0D, 0x0A, 0x6C, 0x65, 0x69, 0x74, 0x75, 0x72, 0x61, 0x73, 0x2E, 0x20, 0x41, 0x69, 0x6E, 0x64,
    0x61, 0x20, 0x61, 0x73, 0x73, 0x69, 0x6D, 0x2C, 0x20, 0x64, 0x65, 0x69, 0x20, 0x75, 0x6D, 0x20,
    0x67, 0x72, 0x61, 0x6E, 0x64, 0x65, 0x0D, 0x0A, 0x70, 0x61, 0x73, 0x73, 0x6F, 0x20, 0x61, 0x64,
    0x69, 0x61, 0x6E, 0x74, 0x65, 0x2E, 0x20, 0x44, 0x65, 0x73, 0x65, 0x6E, 0x68, 0x65, 0x69, 0x20,
    0x6F, 0x20, 0x73, 0xA1, 0x6D, 0x62, 0x6F, 0x6C, 0x6F, 0x20, 0x6E, 0x6F, 0x0D, 0x0A, 0x63, 0x68,
    0xC6, 0x6F, 0x3A, 0x20, 0x65, 0x6C, 0x65, 0x20, 0x6A, 0xA0, 0x20, 0x6E, 0xC6, 0x6F, 0x20, 0x70,
    0x6F, 0x64, 0x65, 0x20, 0x69, 0x72, 0x20, 0x61, 0x74, 0x82, 0x20, 0x6C, 0xA0, 0x2E, 0x20, 0x51,
    0x75, 0x65, 0x72, 0x6F, 0x0D, 0x0A, 0x71, 0x75, 0x65, 0x20, 0x63, 0x6F, 0x6D, 0x70, 0x72, 0x65,
    0x65, 0x6E, 0x64, 0x61, 0x20, 0x71, 0x75, 0x65, 0x20, 0x70, 0x6F, 0x73, 0x73, 0x6F, 0x20, 0x66,
    0x61, 0x7A, 0x65, 0x72, 0x20, 0x6F, 0x20, 0x6D, 0x65, 0x73, 0x6D, 0x6F, 0x0D, 0x0A, 0x65, 0x6D,
    0x20, 0x6D, 0x65, 0x75, 0x20, 0x71, 0x75, 0x61, 0x72, 0x74, 0x6F, 0x2E, 0x0D, 0x0A, 0x23, 0x50,
    0x50, 0x6F, 0x73, 0x73, 0x6F, 0x20, 0x69, 0x6D, 0x61, 0x67, 0x69, 0x6E, 0x61, 0x72, 0x20, 0x73,
    0x75, 0x61, 0x20, 0x72, 0x61, 0x69, 0x76, 0x61, 0x20, 0x65, 0x20, 0x73, 0x75, 0x61, 0x0D, 0x0A,
    0x66, 0x72, 0x75, 0x73, 0x74, 0x72, 0x61, 0x87, 0xC6, 0x6F, 0x3B, 0x20, 0x61, 0x69, 0x6E, 0x64,
    0x61, 0x20, 0x6F, 0x6E, 0x74, 0x65, 0x6D, 0x20, 0x85, 0x20, 0x6E, 0x6F, 0x69, 0x74, 0x65, 0x20,
    0x65, 0x6C, 0x65, 0x0D, 0x0A, 0x65, 0x6E, 0x63, 0x6F, 0x6E, 0x74, 0x72, 0x6F, 0x75, 0x20, 0x6F,
    0x20, 0x63, 0x61, 0x6D, 0x69, 0x6E, 0x68, 0x6F, 0x20, 0x64, 0x65, 0x20, 0x76, 0x6F, 0x6C, 0x74,
    0x61, 0x20, 0x61, 0x20, 0x6D, 0x65, 0x75, 0x73, 0x0D, 0x0A, 0x73, 0x6F, 0x6E, 0x68, 0x6F, 0x73,
    0x2E, 0x0D, 0x0A, 0x23, 0x50, 0x31, 0x33, 0x20, 0x64, 0x65, 0x20, 0x6D, 0x61, 0x72, 0x87, 0x6F,
    0x0D, 0x0A, 0x0D, 0x0A, 0x41, 0x20, 0x74, 0x72, 0x61, 0x64, 0x75, 0x87, 0xC6, 0x6F, 0x20, 0x76,
    0x61, 0x69, 0x20, 0x61, 0x62, 0x72, 0x69, 0x72, 0x20, 0x75, 0x6D, 0x20, 0x73, 0x82, 0x72, 0x69,
    0x6F, 0x20, 0x72, 0x6F, 0x6D, 0x62, 0x6F, 0x20, 0x6E, 0x6F, 0x0D, 0x0A, 0x70, 0x6F, 0x75, 0x63,
    0x6F, 0x20, 0x64, 0x69, 0x6E, 0x68, 0x65, 0x69, 0x72, 0x6F, 0x20, 0x71, 0x75, 0x65, 0x20, 0x6D,
    0x65, 0x20, 0x72, 0x65, 0x73, 0x74, 0x61, 0x2E, 0x20, 0x4E, 0xC6, 0x6F, 0x20, 0x63, 0x6F, 0x6E,
    0x73, 0x69, 0x67, 0x6F, 0x0D, 0x0A, 0x70, 0x69, 0x6E, 0x74, 0x61, 0x72, 0x21, 0x20, 0x4D, 0x65,
    0x75, 0x73, 0x20, 0x71, 0x75, 0x61, 0x64, 0x72, 0x6F, 0x73, 0x20, 0x73, 0xC6, 0x6F, 0x20, 0x63,
    0x6C, 0x61, 0x72, 0x61, 0x6D, 0x65, 0x6E, 0x74, 0x65, 0x20, 0x6F, 0x62, 0x72, 0x61, 0x0D, 0x0A,
    0x64, 0x65, 0x20, 0x75, 0x6D, 0x20, 0x6C, 0x75, 0x6E, 0xA0, 0x74, 0x69, 0x63, 0x6F, 0x2E, 0x20,
    0x4F, 0x20, 0x73, 0x6F, 0x72, 0x72, 0x69, 0x73, 0x6F, 0x20, 0x63, 0x6F, 0x6E, 0x73, 0x74, 0x72,
    0x61, 0x6E, 0x67, 0x69, 0x64, 0x6F, 0x0D, 0x0A, 0x64, 0x6F, 0x20, 0x63, 0x6F, 0x6C, 0x65, 0x63,
    0x69, 0x6F, 0x6E, 0x61, 0x64, 0x6F, 0x72, 0x20, 0x54, 0x68, 0x6F, 0x72, 0x6E, 0x68, 0x69, 0x6C,
    0x6C, 0x20, 0x66, 0x6F, 0x69, 0x20, 0x70, 0x72, 0x6F, 0x76, 0x61, 0x0D, 0x0A, 0x64, 0x69, 0x73,
    0x73, 0x6F, 0x2E, 0x2E, 0x2E, 0x0D, 0x0A, 0x23, 0x50, 0x32, 0x39, 0x20, 0x64, 0x65, 0x20, 0x6D,
    0x61, 0x72, 0x87, 0x6F, 0x2E, 0x0D, 0x0A, 0x0D, 0x0A, 0x45, 0x6C, 0x65, 0x20, 0x76, 0x6F, 0x6C,
    0x74, 0x6F, 0x75, 0x2E, 0x2E, 0x2E, 0x20, 0x45, 0x6E, 0x63, 0x6F, 0x6E, 0x74, 0x72, 0x6F, 0x75,
    0x20, 0x61, 0x20, 0x70, 0x6F, 0x72, 0x74, 0x61, 0x20, 0x64, 0x65, 0x20, 0x6D, 0x65, 0x75, 0x73,
    0x0D, 0x0A, 0x73, 0x6F, 0x6E, 0x68, 0x6F, 0x73, 0x2E, 0x20, 0x45, 0x73, 0x74, 0x6F, 0x75, 0x20,
    0x65, 0x78, 0x61, 0x75, 0x73, 0x74, 0x6F, 0x20, 0x64, 0x65, 0x6D, 0x61, 0x69, 0x73, 0x20, 0x70,
    0x61, 0x72, 0x61, 0x20, 0x74, 0x65, 0x6E, 0x74, 0x61, 0x72, 0x0D, 0x0A, 0x71, 0x75, 0x61, 0x6C,
    0x71, 0x75, 0x65, 0x72, 0x20, 0x64, 0x65, 0x66, 0x65, 0x73, 0x61, 0x2E, 0x0D, 0x0A, 0x23, 0x54,
    0x4E, 0xC6, 0x6F, 0x20, 0x6D, 0x65, 0x20, 0x72, 0x65, 0x73, 0x74, 0x61, 0x6D, 0x20, 0x66, 0x6F,
    0x72, 0x87, 0x61, 0x73, 0x20, 0x70, 0x61, 0x72, 0x61, 0x20, 0x6C, 0x75, 0x74, 0x61, 0x72, 0x2C,
    0x20, 0x65, 0x20, 0x65, 0x6C, 0x65, 0x0D, 0x0A, 0x6F, 0x20, 0x73, 0x61, 0x62, 0x65, 0x2E, 0x20,
    0x4A, 0xA0, 0x20, 0x6D, 0x65, 0x20, 0x63, 0x6F, 0x6E, 0x73, 0x69, 0x64, 0x65, 0x72, 0x61, 0x20,
    0x6D, 0x6F, 0x72, 0x74, 0x6F, 0x2E, 0x20, 0x53, 0x65, 0x72, 0xA0, 0x20, 0x71, 0x75, 0x65, 0x0D,
    0x0A, 0x65, 0x75, 0x20, 0x70, 0x6F, 0x64, 0x65, 0x72, 0x69, 0x61, 0x2E, 0x2E, 0x2E, 0x0D, 0x0A,
    0x23, 0x50, 0x33, 0x30, 0x20, 0x64, 0x65, 0x20, 0x6D, 0x61, 0x72, 0x87, 0x6F, 0x0D, 0x0A, 0x0D,
    0x0A, 0x51, 0x75, 0x65, 0x20, 0x69, 0x72, 0x6F, 0x6E, 0x69, 0x61, 0x2E, 0x2E, 0x2E, 0x20, 0x41,
    0x20, 0x63, 0x61, 0x76, 0x65, 0x72, 0x6E, 0x61, 0x20, 0x71, 0x75, 0x65, 0x20, 0x6D, 0x65, 0x75,
    0x20, 0x70, 0x61, 0x69, 0x0D, 0x0A, 0x70, 0x72, 0x6F, 0x63, 0x75, 0x72, 0x6F, 0x75, 0x20, 0x70,
    0x6F, 0x72, 0x20, 0x74, 0x61, 0x6E, 0x74, 0x6F, 0x73, 0x20, 0x61, 0x6E, 0x6F, 0x73, 0x20, 0x65,
    0x73, 0x74, 0xA0, 0x20, 0x61, 0x71, 0x75, 0x69, 0x2E, 0x2E, 0x2E, 0x0D, 0x0A, 0x64, 0x65, 0x62,
    0x61, 0x69, 0x78, 0x6F, 0x20, 0x64, 0x61, 0x20, 0x63, 0x61, 0x73, 0x61, 0x2E, 0x20, 0x57, 0x61,
    0x69, 0x74, 0x65, 0x73, 0x2C, 0x20, 0x6F, 0x20, 0x6D, 0x6F, 0x72, 0x64, 0x6F, 0x6D, 0x6F, 0x2C,
    0x0D, 0x0A, 0x64, 0x65, 0x73, 0x63, 0x6F, 0x62, 0x72, 0x69, 0x75, 0x20, 0x75, 0x6D, 0x61, 0x20,
    0x66, 0x65, 0x6E, 0x64, 0x61, 0x20, 0x6E, 0x61, 0x20, 0x70, 0x61, 0x72, 0x65, 0x64, 0x65, 0x20,
    0x64, 0x6F, 0x20, 0x70, 0x6F, 0x72, 0xC6, 0x6F, 0x2E, 0x0D, 0x0A, 0x50, 0x6F, 0x72, 0x20, 0x65,
    0x6C, 0x61, 0x20, 0x73, 0x6F, 0x70, 0x72, 0x61, 0x20, 0x75, 0x6D, 0x61, 0x20, 0x63, 0x6F, 0x72,
    0x72, 0x65, 0x6E, 0x74, 0x65, 0x20, 0x64, 0x65, 0x20, 0x61, 0x72, 0x20, 0x67, 0x65, 0x6C, 0x61,
    0x64, 0x61, 0x0D, 0x0A, 0x65, 0x20, 0x72, 0x65, 0x70, 0x75, 0x67, 0x6E, 0x61, 0x6E, 0x74, 0x65,
    0x2E, 0x2E, 0x2E, 0x0D, 0x0A, 0x45, 0x6E, 0x63, 0x68, 0x65, 0x2D, 0x6D, 0x65, 0x20, 0x64, 0x65,
    0x20, 0x68, 0x6F, 0x72, 0x72, 0x6F, 0x72, 0x20, 0x70, 0x65, 0x6E, 0x73, 0x61, 0x72, 0x20, 0x71,
    0x75, 0x65, 0x20, 0x6D, 0x65, 0x75, 0x20, 0x70, 0x61, 0x69, 0x0D, 0x0A, 0x6D, 0x6F, 0x72, 0x72,
    0x65, 0x75, 0x20, 0x6E, 0x65, 0x73, 0x74, 0x65, 0x20, 0x6C, 0x75, 0x67, 0x61, 0x72, 0x2E, 0x0D,
    0x0A, 0x23, 0x50, 0x4C, 0x65, 0x76, 0x61, 0x72, 0x65, 0x69, 0x20, 0x70, 0x61, 0x72, 0x61, 0x20,
    0x6F, 0x20, 0x74, 0xA3, 0x6D, 0x75, 0x6C, 0x6F, 0x20, 0x61, 0x20, 0x76, 0x69, 0x73, 0xC6, 0x6F,
    0x20, 0x64, 0x65, 0x20, 0x73, 0x65, 0x75, 0x0D, 0x0A, 0x72, 0x6F, 0x73, 0x74, 0x6F, 0x20, 0x63,
    0x6F, 0x6E, 0x74, 0x6F, 0x72, 0x63, 0x69, 0x64, 0x6F, 0x20, 0x6E, 0x61, 0x20, 0x61, 0x67, 0x6F,
    0x6E, 0x69, 0x61, 0x20, 0x64, 0x61, 0x71, 0x75, 0x65, 0x6C, 0x65, 0x0D, 0x0A, 0x61, 0x74, 0x61,
    0x71, 0x75, 0x65, 0x20, 0x63, 0x61, 0x72, 0x64, 0xA1, 0x61, 0x63, 0x6F, 0x20, 0x66, 0x61, 0x74,
    0x61, 0x6C, 0x2E, 0x0D, 0x0A, 0x23, 0x50, 0x53, 0x65, 0x75, 0x20, 0x63, 0x6F, 0x72, 0x70, 0x6F,
    0x20, 0x65, 0x73, 0x74, 0x61, 0x76, 0x61, 0x20, 0x72, 0x65, 0x74, 0x6F, 0x72, 0x63, 0x69, 0x64,
    0x6F, 0x2E, 0x20, 0x45, 0x6C, 0x65, 0x20, 0x68, 0x61, 0x76, 0x69, 0x61, 0x0D, 0x0A, 0x63, 0x68,
    0x6F, 0x72, 0x61, 0x64, 0x6F, 0x2E, 0x2E, 0x2E, 0x20, 0x53, 0x75, 0x61, 0x73, 0x20, 0x75, 0x6E,
    0x68, 0x61, 0x73, 0x20, 0x65, 0x73, 0x74, 0x61, 0x76, 0x61, 0x6D, 0x20, 0x61, 0x72, 0x72, 0x61,
    0x6E, 0x63, 0x61, 0x64, 0x61, 0x73, 0x0D, 0x0A, 0x65, 0x20, 0x65, 0x6E, 0x73, 0x61, 0x6E, 0x67,
    0x75, 0x65, 0x6E, 0x74, 0x61, 0x64, 0x61, 0x73, 0x20, 0x64, 0x65, 0x20, 0x74, 0x61, 0x6E, 0x74,
    0x6F, 0x20, 0x61, 0x72, 0x72, 0x61, 0x6E, 0x68, 0x61, 0x72, 0x20, 0x6F, 0x0D, 0x0A, 0x63, 0x68,
    0xC6, 0x6F, 0x2E, 0x0D, 0x0A, 0x4F, 0x20, 0x64, 0x6F, 0x75, 0x74, 0x6F, 0x72, 0x20, 0x47, 0x72,
    0x61, 0x79, 0x20, 0x63, 0x6F, 0x6E, 0x63, 0x6C, 0x75, 0x69, 0x75, 0x20, 0x71, 0x75, 0x65, 0x20,
    0x61, 0x20, 0x6D, 0x6F, 0x72, 0x74, 0x65, 0x20, 0x73, 0x65, 0x0D, 0x0A, 0x64, 0x65, 0x76, 0x65,
    0x72, 0x61, 0x20, 0x61, 0x20, 0x75, 0x6D, 0x20, 0x61, 0x74, 0x61, 0x71, 0x75, 0x65, 0x20, 0x63,
    0x61, 0x72, 0x64, 0xA1, 0x61, 0x63, 0x6F, 0x2E, 0x0D, 0x0A, 0x46, 0x6F, 0x69, 0x20, 0x57, 0x61,
    0x69, 0x74, 0x65, 0x73, 0x20, 0x71, 0x75, 0x65, 0x6D, 0x2C, 0x20, 0x61, 0x6C, 0x67, 0x75, 0x6D,
    0x20, 0x74, 0x65, 0x6D, 0x70, 0x6F, 0x20, 0x64, 0x65, 0x70, 0x6F, 0x69, 0x73, 0x2C, 0x0D, 0x0A,
    0x73, 0x6F, 0x75, 0x62, 0x65, 0x20, 0x71, 0x75, 0x65, 0x20, 0x6D, 0x65, 0x75, 0x20, 0x70, 0x6F,
    0x62, 0x72, 0x65, 0x20, 0x70, 0x61, 0x69, 0x2C, 0x20, 0x6E, 0x61, 0x20, 0x76, 0x65, 0x72, 0x64,
    0x61, 0x64, 0x65, 0x2C, 0x0D, 0x0A, 0x68, 0x61, 0x76, 0x69, 0x61, 0x20, 0x64, 0x65, 0x63, 0x65,
    0x70, 0x61, 0x64, 0x6F, 0x20, 0x61, 0x20, 0x70, 0x72, 0xA2, 0x70, 0x72, 0x69, 0x61, 0x20, 0x6C,
    0xA1, 0x6E, 0x67, 0x75, 0x61, 0x20, 0x63, 0x6F, 0x6D, 0x20, 0x6F, 0x73, 0x0D, 0x0A, 0x64, 0x65,
    0x6E, 0x74, 0x65, 0x73, 0x20, 0x65, 0x20, 0x6D, 0x6F, 0x72, 0x72, 0x69, 0x64, 0x6F, 0x20, 0x73,
    0x75, 0x66, 0x6F, 0x63, 0x61, 0x64, 0x6F, 0x20, 0x6E, 0x6F, 0x20, 0x70, 0x72, 0xA2, 0x70, 0x72,
    0x69, 0x6F, 0x0D, 0x0A, 0x73, 0x61, 0x6E, 0x67, 0x75, 0x65, 0x2E, 0x0D, 0x0A, 0x0D, 0x0A, 0x23,
    0x50, 0x33, 0x31, 0x20, 0x64, 0x65, 0x20, 0x6D, 0x61, 0x72, 0x87, 0x6F, 0x0D, 0x0A, 0x0D, 0x0A,
    0x45, 0x78, 0x70, 0x6C, 0x6F, 0x72, 0x65, 0x69, 0x20, 0x61, 0x73, 0x20, 0x63, 0x61, 0x76, 0x65,
    0x72, 0x6E, 0x61, 0x73, 0x20, 0x65, 0x6D, 0x20, 0x73, 0x6F, 0x6E, 0x68, 0x6F, 0x2E, 0x20, 0x4F,
    0x20, 0x68, 0x6F, 0x6D, 0x65, 0x6D, 0x0D, 0x0A, 0x73, 0x6F, 0x6D, 0x62, 0x72, 0x69, 0x6F, 0x20,
    0x76, 0x65, 0x69, 0x6F, 0x20, 0x63, 0x6F, 0x6D, 0x69, 0x67, 0x6F, 0x2E, 0x0D, 0x0A, 0x23, 0x54,
    0x43, 0x75, 0x72, 0x69, 0x6F, 0x73, 0x61, 0x6D, 0x65, 0x6E, 0x74, 0x65, 0x2C, 0x20, 0x65, 0x75,
    0x20, 0x6D, 0x65, 0x20, 0x73, 0x65, 0x6E, 0x74, 0x69, 0x61, 0x20, 0x71, 0x75, 0x61, 0x73, 0x65,
    0x20, 0x62, 0x65, 0x6D, 0x2E, 0x0D, 0x0A, 0x43, 0x6F, 0x6D, 0x6F, 0x20, 0x64, 0x65, 0x73, 0x63,
    0x72, 0x65, 0x76, 0x65, 0x72, 0x20, 0x6F, 0x20, 0x71, 0x75, 0x65, 0x20, 0x76, 0x69, 0x3F, 0x20,
    0x4E, 0xC6, 0x6F, 0x2E, 0x20, 0x51, 0x75, 0x65, 0x0D, 0x0A, 0x70, 0x61, 0x6C, 0x61, 0x76, 0x72,
    0x61, 0x73, 0x20, 0x73, 0x65, 0x72, 0x69, 0x61, 0x6D, 0x20, 0x63, 0x61, 0x70, 0x61, 0x7A, 0x65,
    0x73, 0x20, 0x64, 0x65, 0x20, 0x65, 0x78, 0x70, 0x6C, 0x69, 0x63, 0x61, 0x72, 0x0D, 0x0A, 0x74,
    0x61, 0x6D, 0x61, 0x6E, 0x68, 0x6F, 0x20, 0x6D, 0x61, 0x6C, 0x3F, 0x0D, 0x0A, 0x23, 0x50, 0x23,
    0x54, 0x23, 0x54, 0x43, 0x6F, 0x6D, 0x70, 0x72, 0x65, 0x65, 0x6E, 0x64, 0x69, 0x20, 0x71, 0x75,
    0x65, 0x20, 0x6D, 0x69, 0x6E, 0x68, 0x61, 0x20, 0x6D, 0x6F, 0x72, 0x74, 0x65, 0x20, 0x6E, 0xC6,
    0x6F, 0x20, 0x6C, 0x68, 0x65, 0x0D, 0x0A, 0x69, 0x6E, 0x74, 0x65, 0x72, 0x65, 0x73, 0x73, 0x61,
    0x76, 0x61, 0x2E, 0x20, 0x4F, 0x20, 0x68, 0x6F, 0x6D, 0x65, 0x6D, 0x20, 0x73, 0x6F, 0x6D, 0x62,
    0x72, 0x69, 0x6F, 0x20, 0x71, 0x75, 0x65, 0x72, 0x20, 0x6F, 0x75, 0x74, 0x72, 0x61, 0x0D, 0x0A,
    0x63, 0x6F, 0x69, 0x73, 0x61, 0x3B, 0x20, 0x65, 0x6C, 0x65, 0x20, 0x62, 0x75, 0x73, 0x63, 0x61,
    0x20, 0x75, 0x6D, 0x20, 0x63, 0x6F, 0x72, 0x70, 0x6F, 0x2E, 0x0D, 0x0A, 0x53, 0x65, 0x75, 0x73,
    0x20, 0x73, 0x65, 0x72, 0x76, 0x6F, 0x73, 0x20, 0xA0, 0x76, 0x69, 0x64, 0x6F, 0x73, 0x20, 0x61,
    0x67, 0x6F, 0x72, 0x61, 0x20, 0x65, 0x73, 0x74, 0xC6, 0x6F, 0x20, 0x6C, 0x69, 0x76, 0x72, 0x65,
    0x73, 0x2E, 0x2E, 0x2E, 0x0D, 0x0A, 0x45, 0x75, 0x20, 0x73, 0x6F, 0x75, 0x20, 0x61, 0x20, 0x63,
    0x61, 0x75, 0x73, 0x61, 0x2E, 0x20, 0x90, 0x20, 0x71, 0x75, 0x61, 0x73, 0x65, 0x20, 0x65, 0x6E,
    0x67, 0x72, 0x61, 0x87, 0x61, 0x64, 0x6F, 0x2E, 0x0D, 0x0A, 0x0D, 0x0A, 0x23, 0x50, 0x23, 0x54,
    0x55, 0x6D, 0x61, 0x20, 0x6D, 0x61, 0x6C, 0x64, 0x69, 0x87, 0xC6, 0x6F, 0x20, 0x70, 0x65, 0x73,
    0x61, 0x20, 0x73, 0x6F, 0x62, 0x72, 0x65, 0x20, 0x44, 0x65, 0x72, 0x63, 0x65, 0x74, 0x6F, 0x2C,
    0x20, 0x64, 0x6F, 0x73, 0x0D, 0x0A, 0x61, 0x6C, 0x69, 0x63, 0x65, 0x72, 0x63, 0x65, 0x73, 0x20,
    0x61, 0x6F, 0x20, 0x74, 0x65, 0x6C, 0x68, 0x61, 0x64, 0x6F, 0x2E, 0x0D, 0x0A, 0x4A, 0xA0, 0x20,
    0x6E, 0xC6, 0x6F, 0x20, 0x70, 0x6F, 0x73, 0x73, 0x6F, 0x20, 0x6C, 0x75, 0x74, 0x61, 0x72, 0x2C,
    0x20, 0x6D, 0x75, 0x69, 0x74, 0x6F, 0x20, 0x6D, 0x65, 0x6E, 0x6F, 0x73, 0x20, 0x65, 0x78, 0x74,
    0x69, 0x72, 0x70, 0x61, 0x72, 0x0D, 0x0A, 0x6F, 0x20, 0x6D, 0x61, 0x6C, 0x20, 0x71, 0x75, 0x65,
    0x20, 0x73, 0x65, 0x20, 0x61, 0x70, 0x6F, 0x64, 0x65, 0x72, 0x6F, 0x75, 0x20, 0x64, 0x61, 0x20,
    0x63, 0x61, 0x73, 0x61, 0x2E, 0x0D, 0x0A, 0x4F, 0x20, 0x66, 0x69, 0x6D, 0x20, 0x65, 0x73, 0x74,
    0xA0, 0x20, 0x6D, 0x75, 0x69, 0x74, 0x6F, 0x20, 0x70, 0x72, 0xA2, 0x78, 0x69, 0x6D, 0x6F, 0x2E,
    0x20, 0x45, 0x75, 0x20, 0x6F, 0x20, 0x73, 0x69, 0x6E, 0x74, 0x6F, 0x2E, 0x0D, 0x0A, 0x54, 0x6F,
    0x6D, 0x65, 0x69, 0x20, 0x61, 0x20, 0x64, 0x65, 0x63, 0x69, 0x73, 0xC6, 0x6F, 0x20, 0x64, 0x65,
    0x2E, 0x2E, 0x2E, 0x0D, 0x0A, 0x51, 0x75, 0x65, 0x20, 0x61, 0x71, 0x75, 0x65, 0x6C, 0x65, 0x20,
    0x71, 0x75, 0x65, 0x20, 0x65, 0x6E, 0x63, 0x6F, 0x6E, 0x74, 0x72, 0x61, 0x72, 0x20, 0x65, 0x73,
    0x74, 0x65, 0x20, 0x64, 0x69, 0xA0, 0x72, 0x69, 0x6F, 0x0D, 0x0A, 0x72, 0x65, 0x7A, 0x65, 0x20,
    0x70, 0x6F, 0x72, 0x20, 0x6D, 0x69, 0x6E, 0x68, 0x61, 0x20, 0x61, 0x6C, 0x6D, 0x61, 0x2E, 0x0D,
    0x0A, 0x1A, 0x0D, 0x0A, 0x00, 0x00, 0x00, 0x00, 0x12, 0x0A, 0x00, 0x00, 0x12, 0x0A, 0x00, 0x00,
    0x00, 0x00, 0x00, 0x00, 0x0D, 0x0A, 0x23, 0x43, 0x55, 0x6D, 0x20, 0x46, 0x75, 0x6C, 0x67, 0x6F,
    0x72, 0x20, 0x44, 0x69, 0x73, 0x74, 0x61, 0x6E, 0x74, 0x65, 0x0D, 0x0A, 0x23, 0x43, 0x70, 0x6F,
    0x72, 0x20, 0x4C, 0x6F, 0x72, 0x64, 0x20, 0x42, 0x6F, 0x6C, 0x65, 0x73, 0x6B, 0x69, 0x6E, 0x65,
    0x0D, 0x0A, 0x23, 0x43, 0x52, 0x65, 0x6C, 0x61, 0x74, 0x6F, 0x20, 0x64, 0x65, 0x20, 0x73, 0x75,
    0x61, 0x20, 0x63, 0x82, 0x6C, 0x65, 0x62, 0x72, 0x65, 0x0D, 0x0A, 0x23, 0x43, 0x76, 0x69, 0x61,
    0x67, 0x65, 0x6D, 0x20, 0x85, 0x20, 0x4E, 0x6F, 0x76, 0x61, 0x20, 0x49, 0x6E, 0x67, 0x6C, 0x61,
    0x74, 0x65, 0x72, 0x72, 0x61, 0x2E, 0x0D, 0x0A, 0x23, 0x43, 0x31, 0x38, 0x32, 0x34, 0x0D, 0x0A,
    0x23, 0x43, 0x45, 0x64, 0x69, 0x87, 0xE4, 0x65, 0x73, 0x20, 0x41, 0x6C, 0x65, 0x69, 0x73, 0x74,
    0x65, 0x72, 0x2E, 0x0D, 0x0A, 0x23, 0x43, 0x43, 0x61, 0x6D, 0x62, 0x72, 0x69, 0x64, 0x67, 0x65,
    0x2E, 0x0D, 0x0A, 0x23, 0x50, 0x41, 0x70, 0xA2, 0x73, 0x20, 0x75, 0x6D, 0x61, 0x20, 0x65, 0x73,
    0x70, 0x6C, 0x88, 0x6E, 0x64, 0x69, 0x64, 0x61, 0x20, 0x74, 0x72, 0x61, 0x76, 0x65, 0x73, 0x73,
    0x69, 0x61, 0x2C, 0x20, 0x6F, 0x20, 0x70, 0x6F, 0x72, 0x74, 0x6F, 0x0D, 0x0A, 0x65, 0x6E, 0x73,
    0x6F, 0x6C, 0x61, 0x72, 0x61, 0x64, 0x6F, 0x20, 0x73, 0x75, 0x72, 0x67, 0x69, 0x75, 0x20, 0x85,
    0x20, 0x76, 0x69, 0x73, 0x74, 0x61, 0x2E, 0x20, 0x4F, 0x73, 0x20, 0x6E, 0x61, 0x74, 0x69, 0x76,
    0x6F, 0x73, 0x0D, 0x0A, 0x6D, 0x6F, 0x73, 0x74, 0x72, 0x61, 0x72, 0x61, 0x6D, 0x2D, 0x73, 0x65,
    0x20, 0x6D, 0x75, 0x69, 0x74, 0x6F, 0x20, 0x69, 0x6D, 0x70, 0x72, 0x65, 0x73, 0x73, 0x69, 0x6F,
    0x6E, 0x61, 0x64, 0x6F, 0x73, 0x20, 0x63, 0x6F, 0x6D, 0x0D, 0x0A, 0x6E, 0x6F, 0x73, 0x73, 0x61,
    0x20, 0x63, 0x68, 0x65, 0x67, 0x61, 0x64, 0x61, 0x20, 0x65, 0x6E, 0x74, 0x72, 0x65, 0x20, 0x65,
    0x6C, 0x65, 0x73, 0x2E, 0x20, 0x54, 0x69, 0x76, 0x65, 0x6D, 0x6F, 0x73, 0x20, 0x74, 0x65, 0x6D,
    0x70, 0x6F, 0x0D, 0x0A, 0x64, 0x65, 0x20, 0x65, 0x73, 0x62, 0x6F, 0x87, 0x61, 0x72, 0x20, 0x76,
    0xA0, 0x72, 0x69, 0x6F, 0x73, 0x20, 0x64, 0x65, 0x6C, 0x65, 0x73, 0x20, 0x65, 0x20, 0x64, 0x65,
    0x20, 0x6E, 0x6F, 0x74, 0x61, 0x72, 0x0D, 0x0A, 0x73, 0x69, 0x6E, 0x61, 0x69, 0x73, 0x20, 0x64,
    0x65, 0x20, 0x64, 0x65, 0x67, 0x65, 0x6E, 0x65, 0x72, 0x65, 0x73, 0x63, 0x88, 0x6E, 0x63, 0x69,
    0x61, 0x2E, 0x20, 0x41, 0x6C, 0x67, 0x75, 0x6D, 0x61, 0x73, 0x0D, 0x0A, 0x63, 0x72, 0x69, 0x61,
    0x6E, 0x87, 0x61, 0x73, 0x20, 0x6D, 0x6F, 0x73, 0x74, 0x72, 0x61, 0x72, 0x61, 0x6D, 0x2D, 0x6E,
    0x6F, 0x73, 0x20, 0x73, 0x75, 0x61, 0x73, 0x20, 0x6D, 0xC6, 0x6F, 0x73, 0x0D, 0x0A, 0x73, 0x69,
    0x6E, 0x67, 0x75, 0x6C, 0x61, 0x72, 0x65, 0x73, 0x2C, 0x20, 0x63, 0x61, 0x70, 0x61, 0x7A, 0x65,
    0x73, 0x20, 0x64, 0x65, 0x20, 0x69, 0x6E, 0x73, 0x70, 0x69, 0x72, 0x61, 0x72, 0x0D, 0x0A, 0x69,
    0x6E, 0x71, 0x75, 0x69, 0x65, 0x74, 0x61, 0x87, 0xC6, 0x6F, 0x2E, 0x0D, 0x0A, 0x23, 0x50, 0x4D,
    0x65, 0x64, 0x69, 0x61, 0x6E, 0x74, 0x65, 0x20, 0x61, 0x20, 0x70, 0x72, 0x6F, 0x6D, 0x65, 0x73,
    0x73, 0x61, 0x20, 0x64, 0x65, 0x20, 0x61, 0x6C, 0x67, 0x75, 0x6D, 0x61, 0x73, 0x20, 0x6D, 0x6F,
    0x65, 0x64, 0x61, 0x73, 0x2C, 0x0D, 0x0A, 0x75, 0x6D, 0x20, 0x6D, 0x65, 0x6E, 0x69, 0x6E, 0x6F,
    0x20, 0x63, 0x6F, 0x6D, 0x70, 0x72, 0x6F, 0x6D, 0x65, 0x74, 0x65, 0x75, 0x2D, 0x73, 0x65, 0x20,
    0x61, 0x20, 0x72, 0x65, 0x76, 0x65, 0x6C, 0x61, 0x72, 0x2D, 0x6E, 0x6F, 0x73, 0x0D, 0x0A, 0x75,
    0x6D, 0x20, 0x22, 0x70, 0x72, 0x6F, 0x64, 0x69, 0x67, 0x69, 0x6F, 0x73, 0x6F, 0x20, 0x66, 0x65,
    0x6E, 0x93, 0x6D, 0x65, 0x6E, 0x6F, 0x22, 0x20, 0x64, 0x65, 0x20, 0x6F, 0x72, 0x64, 0x65, 0x6D,
    0x0D, 0x0A, 0x6E, 0x61, 0x74, 0x75, 0x72, 0x61, 0x6C, 0x2E, 0x20, 0x43, 0x6F, 0x6E, 0x66, 0x65,
    0x73, 0x73, 0x61, 0x6D, 0x6F, 0x73, 0x20, 0x63, 0x65, 0x72, 0x74, 0x6F, 0x20, 0x63, 0x65, 0x74,
    0x69, 0x63, 0x69, 0x73, 0x6D, 0x6F, 0x0D, 0x0A, 0x71, 0x75, 0x61, 0x6E, 0x74, 0x6F, 0x20, 0x61,
    0x6F, 0x20, 0x70, 0x72, 0x6F, 0x64, 0xA1, 0x67, 0x69, 0x6F, 0x20, 0x64, 0x61, 0x20, 0x6D, 0x61,
    0x72, 0x61, 0x76, 0x69, 0x6C, 0x68, 0x61, 0x2C, 0x20, 0x73, 0x65, 0x6A, 0x61, 0x0D, 0x0A, 0x65,
    0x6C, 0x61, 0x20, 0x71, 0x75, 0x61, 0x6C, 0x20, 0x66, 0x6F, 0x72, 0x3B, 0x20, 0x63, 0x6F, 0x6D,
    0x20, 0x65, 0x66, 0x65, 0x69, 0x74, 0x6F, 0x2C, 0x20, 0x73, 0x75, 0x73, 0x70, 0x65, 0x69, 0x74,
    0x61, 0x6D, 0x6F, 0x73, 0x0D, 0x0A, 0x71, 0x75, 0x65, 0x20, 0x6E, 0xC6, 0x6F, 0x20, 0x70, 0x61,
    0x73, 0x73, 0x65, 0x20, 0x64, 0x65, 0x20, 0x75, 0x6D, 0x20, 0x70, 0x61, 0x73, 0x73, 0x65, 0x69,
    0x6F, 0x20, 0x6E, 0x6F, 0x74, 0x75, 0x72, 0x6E, 0x6F, 0x20, 0x61, 0x74, 0x82, 0x0D, 0x0A, 0x61,
    0x6C, 0x67, 0x75, 0x6D, 0x61, 0x20, 0x65, 0x6E, 0x63, 0x61, 0x6E, 0x74, 0x61, 0x64, 0x6F, 0x72,
    0x61, 0x20, 0x63, 0x61, 0x62, 0x61, 0x6E, 0x61, 0x20, 0x64, 0x65, 0x20, 0x6D, 0x61, 0x64, 0x65,
    0x69, 0x72, 0x61, 0x0D, 0x0A, 0x73, 0x69, 0x74, 0x75, 0x61, 0x64, 0x61, 0x20, 0x6E, 0x61, 0x20,
    0x66, 0x6C, 0x6F, 0x72, 0x65, 0x73, 0x74, 0x61, 0x20, 0x64, 0x65, 0x73, 0x74, 0x61, 0x73, 0x20,
    0x70, 0x61, 0x72, 0x61, 0x67, 0x65, 0x6E, 0x73, 0x2E, 0x0D, 0x0A, 0x49, 0x72, 0x65, 0x6D, 0x6F,
    0x73, 0x2C, 0x20, 0x6E, 0xC6, 0x6F, 0x20, 0x6F, 0x62, 0x73, 0x74, 0x61, 0x6E, 0x74, 0x65, 0x2C,
    0x20, 0x70, 0x6F, 0x69, 0x73, 0x20, 0x63, 0x6F, 0x6E, 0x76, 0x82, 0x6D, 0x20, 0x73, 0x65, 0x6D,
    0x70, 0x72, 0x65, 0x0D, 0x0A, 0x63, 0x65, 0x64, 0x65, 0x72, 0x20, 0x61, 0x20, 0x74, 0x61, 0x69,
    0x73, 0x20, 0x65, 0x6E, 0x74, 0x75, 0x73, 0x69, 0x61, 0x73, 0x6D, 0x6F, 0x73, 0x20, 0x6C, 0x6F,
    0x63, 0x61, 0x69, 0x73, 0x2E, 0x0D, 0x0A, 0x23, 0x50, 0x43, 0x6F, 0x6E, 0x66, 0x65, 0x73, 0x73,
    0x61, 0x6D, 0x6F, 0x73, 0x20, 0x65, 0x73, 0x74, 0x61, 0x72, 0x20, 0x75, 0x6D, 0x20, 0x74, 0x61,
    0x6E, 0x74, 0x6F, 0x0D, 0x0A, 0x65, 0x73, 0x74, 0x75, 0x70, 0x65, 0x66, 0x61, 0x74, 0x6F, 0x73,
    0x21, 0x20, 0x41, 0x20, 0x56, 0x69, 0x61, 0x20, 0x4C, 0xA0, 0x63, 0x74, 0x65, 0x61, 0x20, 0x72,
    0x65, 0x73, 0x70, 0x6C, 0x61, 0x6E, 0x64, 0x65, 0x63, 0x69, 0x61, 0x0D, 0x0A, 0x63, 0x6F, 0x6D,
    0x6F, 0x20, 0x6F, 0x73, 0x20, 0x66, 0x6F, 0x67, 0x6F, 0x73, 0x20, 0x64, 0x6F, 0x20, 0x41, 0x70,
    0x6F, 0x63, 0x61, 0x6C, 0x69, 0x70, 0x73, 0x65, 0x20, 0x6E, 0x61, 0x20, 0x61, 0x62, 0xA2, 0x62,
    0x61, 0x64, 0x61, 0x0D, 0x0A, 0x63, 0x65, 0x6C, 0x65, 0x73, 0x74, 0x65, 0x20, 0x6E, 0x65, 0x67,
    0x72, 0x61, 0x20, 0x63, 0x6F, 0x6D, 0x6F, 0x20, 0x74, 0x69, 0x6E, 0x74, 0x61, 0x2E, 0x20, 0x43,
    0x65, 0x72, 0x74, 0x61, 0x73, 0x0D, 0x0A, 0x65, 0x73, 0x74, 0x72, 0x65, 0x6C, 0x61, 0x73, 0x20,
    0x64, 0x69, 0x73, 0x74, 0x61, 0x6E, 0x74, 0x65, 0x73, 0x2C, 0x20, 0x6E, 0x6F, 0x72, 0x6D, 0x61,
    0x6C, 0x6D, 0x65, 0x6E, 0x74, 0x65, 0x0D, 0x0A, 0x69, 0x6E, 0x76, 0x69, 0x73, 0xA1, 0x76, 0x65,
    0x69, 0x73, 0x20, 0x61, 0x20, 0x6F, 0x6C, 0x68, 0x6F, 0x20, 0x6E, 0x75, 0x2C, 0x20, 0x76, 0x69,
    0x61, 0x6D, 0x2D, 0x73, 0x65, 0x20, 0x63, 0x6F, 0x6D, 0x0D, 0x0A, 0x63, 0x6C, 0x61, 0x72, 0x65,
    0x7A, 0x61, 0x2C, 0x20, 0x63, 0x69, 0x6E, 0x74, 0x69, 0x6C, 0x61, 0x6E, 0x64, 0x6F, 0x2C, 0x20,
    0x61, 0x6C, 0x69, 0xA0, 0x73, 0x2C, 0x20, 0x63, 0x6F, 0x6D, 0x20, 0x65, 0x73, 0x74, 0x72, 0x61,
    0x6E, 0x68, 0x61, 0x0D, 0x0A, 0x69, 0x6E, 0x74, 0x65, 0x6E, 0x73, 0x69, 0x64, 0x61, 0x64, 0x65,
    0x2E, 0x20, 0x41, 0x73, 0x20, 0x6E, 0x75, 0x76, 0x65, 0x6E, 0x73, 0x20, 0x70, 0x65, 0x73, 0x61,
    0x64, 0x61, 0x73, 0x20, 0x71, 0x75, 0x65, 0x20, 0x73, 0x65, 0x0D, 0x0A, 0x68, 0x61, 0x76, 0x69,
    0x61, 0x6D, 0x20, 0x61, 0x73, 0x73, 0x65, 0x6E, 0x74, 0x61, 0x64, 0x6F, 0x20, 0x73, 0x6F, 0x62,
    0x72, 0x65, 0x20, 0x61, 0x20, 0x61, 0x6C, 0x64, 0x65, 0x69, 0x61, 0x20, 0x6E, 0xC6, 0x6F, 0x0D,
    0x0A, 0x74, 0x69, 0x6E, 0x68, 0x61, 0x6D, 0x20, 0x64, 0x6F, 0x6D, 0xA1, 0x6E, 0x69, 0x6F, 0x20,
    0x61, 0x6C, 0x67, 0x75, 0x6D, 0x20, 0x73, 0x6F, 0x62, 0x72, 0x65, 0x20, 0x61, 0x71, 0x75, 0x65,
    0x6C, 0x65, 0x20, 0x6C, 0x75, 0x67, 0x61, 0x72, 0x2E, 0x0D, 0x0A, 0x23, 0x50, 0x53, 0x65, 0x72,
    0x69, 0x61, 0x20, 0x69, 0x6E, 0xA3, 0x74, 0x69, 0x6C, 0x20, 0x65, 0x6E, 0x75, 0x6D, 0x65, 0x72,
    0x61, 0x72, 0x20, 0x61, 0x71, 0x75, 0x69, 0x20, 0x6F, 0x73, 0x20, 0x6E, 0x6F, 0x6D, 0x65, 0x73,
    0x0D, 0x0A, 0x64, 0x61, 0x73, 0x20, 0x63, 0x6F, 0x6E, 0x73, 0x74, 0x65, 0x6C, 0x61, 0x87, 0xE4,
    0x65, 0x73, 0x20, 0x71, 0x75, 0x65, 0x20, 0x64, 0x69, 0x76, 0x69, 0x73, 0x61, 0x6D, 0x6F, 0x73,
    0x20, 0x63, 0x6F, 0x6D, 0x0D, 0x0A, 0x61, 0x62, 0x73, 0x6F, 0x6C, 0x75, 0x74, 0x61, 0x20, 0x6E,
    0x69, 0x74, 0x69, 0x64, 0x65, 0x7A, 0x3B, 0x20, 0x61, 0x6C, 0x82, 0x6D, 0x20, 0x64, 0x61, 0x20,
    0x69, 0x6E, 0x74, 0x65, 0x72, 0x6D, 0x69, 0x6E, 0xA0, 0x76, 0x65, 0x6C, 0x0D, 0x0A, 0x65, 0x78,
    0x74, 0x65, 0x6E, 0x73, 0xC6, 0x6F, 0x20, 0x64, 0x65, 0x20, 0x74, 0x61, 0x6C, 0x20, 0x6C, 0x69,
    0x73, 0x74, 0x61, 0x2C, 0x20, 0x63, 0x6F, 0x72, 0x72, 0x65, 0x72, 0xA1, 0x61, 0x6D, 0x6F, 0x73,
    0x0D, 0x0A, 0x74, 0x61, 0x6C, 0x76, 0x65, 0x7A, 0x20, 0x6F, 0x20, 0x72, 0x69, 0x73, 0x63, 0x6F,
    0x20, 0x64, 0x65, 0x20, 0x73, 0x65, 0x72, 0x20, 0x61, 0x63, 0x75, 0x73, 0x61, 0x64, 0x6F, 0x73,
    0x20, 0x64, 0x65, 0x0D, 0x0A, 0x65, 0x78, 0x61, 0x67, 0x65, 0x72, 0x6F, 0x21, 0x0D, 0x0A, 0x23,
    0x50, 0x41, 0x20, 0x63, 0x72, 0x75, 0x7A, 0x20, 0x70, 0x72, 0x6F, 0x6A, 0x65, 0x74, 0x61, 0x76,
    0x61, 0x20, 0x73, 0x75, 0x61, 0x20, 0x73, 0x6F, 0x6D, 0x62, 0x72, 0x61, 0x20, 0x6E, 0x6F, 0x20,
    0x63, 0x68, 0xC6, 0x6F, 0x2E, 0x20, 0x4F, 0x0D, 0x0A, 0x6D, 0x61, 0x72, 0x2C, 0x20, 0x61, 0x6F,
    0x20, 0x6C, 0x6F, 0x6E, 0x67, 0x65, 0x2C, 0x20, 0x6A, 0x61, 0x7A, 0x69, 0x61, 0x20, 0x65, 0x6D,
    0x20, 0x63, 0x6F, 0x6D, 0x70, 0x6C, 0x65, 0x74, 0x61, 0x0D, 0x0A, 0x63, 0x61, 0x6C, 0x6D, 0x61,
    0x72, 0x69, 0x61, 0x2E, 0x20, 0x45, 0x73, 0x74, 0x61, 0x20, 0x6E, 0x6F, 0x69, 0x74, 0x65, 0x20,
    0x76, 0x6F, 0x6C, 0x74, 0x61, 0x72, 0x65, 0x6D, 0x6F, 0x73, 0x20, 0x85, 0x71, 0x75, 0x65, 0x6C,
    0x65, 0x0D, 0x0A, 0x6C, 0x6F, 0x63, 0x61, 0x6C, 0x20, 0x70, 0x61, 0x72, 0x61, 0x20, 0x64, 0x65,
    0x73, 0x65, 0x6E, 0x68, 0x61, 0x72, 0x20, 0x61, 0x71, 0x75, 0x65, 0x6C, 0x61, 0x73, 0x20, 0x65,
    0x73, 0x74, 0x72, 0x65, 0x6C, 0x61, 0x73, 0x2E, 0x0D, 0x0A, 0x41, 0x6D, 0x61, 0x6E, 0x68, 0xC6,
    0x20, 0x85, 0x20, 0x6E, 0x6F, 0x69, 0x74, 0x65, 0x20, 0x76, 0x65, 0x72, 0x65, 0x6D, 0x6F, 0x73,
    0x20, 0x65, 0x6E, 0x66, 0x69, 0x6D, 0x20, 0x6F, 0x20, 0x63, 0x6F, 0x6D, 0x65, 0x74, 0x61, 0x20,
    0x64, 0x65, 0x0D, 0x0A, 0x48, 0x61, 0x6C, 0x6C, 0x65, 0x79, 0x20, 0x65, 0x6D, 0x20, 0x74, 0x6F,
    0x64, 0x6F, 0x20, 0x6F, 0x20, 0x73, 0x65, 0x75, 0x20, 0x65, 0x73, 0x70, 0x6C, 0x65, 0x6E, 0x64,
    0x6F, 0x72, 0x2E, 0x20, 0x4F, 0x0D, 0x0A, 0x72, 0x61, 0x70, 0x61, 0x7A, 0x69, 0x6E, 0x68, 0x6F,
    0x20, 0x6C, 0x65, 0x76, 0x61, 0x72, 0xA0, 0x20, 0x74, 0x6F, 0x63, 0x68, 0x61, 0x73, 0x2E, 0x20,
    0x41, 0x70, 0x65, 0x73, 0x61, 0x72, 0x20, 0x64, 0x65, 0x20, 0x6E, 0x6F, 0x73, 0x73, 0x6F, 0x0D,
    0x0A, 0x61, 0x70, 0x75, 0x72, 0x61, 0x64, 0x6F, 0x20, 0x73, 0x65, 0x6E, 0x73, 0x6F, 0x20, 0x64,
    0x65, 0x20, 0x6F, 0x72, 0x69, 0x65, 0x6E, 0x74, 0x61, 0x87, 0xC6, 0x6F, 0x2C, 0x20, 0x61, 0x70,
    0x72, 0x69, 0x6D, 0x6F, 0x72, 0x61, 0x64, 0x6F, 0x0D, 0x0A, 0x70, 0x6F, 0x72, 0x20, 0x61, 0x6E,
    0x6F, 0x73, 0x20, 0x64, 0x65, 0x20, 0x76, 0x69, 0x61, 0x67, 0x65, 0x6E, 0x73, 0x2C, 0x20, 0x73,
    0x65, 0x6E, 0x74, 0x69, 0x6D, 0x6F, 0x2D, 0x6E, 0x6F, 0x73, 0x0D, 0x0A, 0x69, 0x6E, 0x63, 0x61,
    0x70, 0x61, 0x7A, 0x65, 0x73, 0x20, 0x64, 0x65, 0x20, 0x61, 0x63, 0x68, 0x61, 0x72, 0x20, 0x73,
    0x6F, 0x7A, 0x69, 0x6E, 0x68, 0x6F, 0x73, 0x20, 0x6F, 0x20, 0x63, 0x61, 0x6D, 0x69, 0x6E, 0x68,
    0x6F, 0x0D, 0x0A, 0x61, 0x74, 0x72, 0x61, 0x76, 0x82, 0x73, 0x20, 0x64, 0x61, 0x20, 0x66, 0x6C,
    0x6F, 0x72, 0x65, 0x73, 0x74, 0x61, 0x20, 0x65, 0x73, 0x63, 0x75, 0x72, 0x61, 0x2E, 0x0D, 0x0A,
    0x23, 0x50, 0x45, 0x73, 0x74, 0x65, 0x73, 0x20, 0x64, 0x65, 0x73, 0x65, 0x6E, 0x68, 0x6F, 0x73,
    0x2C, 0x20, 0x64, 0x69, 0x73, 0x73, 0x6F, 0x20, 0x65, 0x73, 0x74, 0x61, 0x6D, 0x6F, 0x73, 0x0D,
    0x0A, 0x63, 0x6F, 0x6E, 0x76, 0x69, 0x63, 0x74, 0x6F, 0x73, 0x2C, 0x20, 0x68, 0xC6, 0x6F, 0x20,
    0x64, 0x65, 0x20, 0x69, 0x6E, 0x63, 0x65, 0x6E, 0x64, 0x69, 0x61, 0x72, 0x20, 0x61, 0x73, 0x20,
    0x61, 0x6C, 0x6D, 0x61, 0x73, 0x20, 0x64, 0x6F, 0x73, 0x0D, 0x0A, 0x68, 0x6F, 0x6D, 0x65, 0x6E,
    0x73, 0x21, 0x0D, 0x0A, 0x23, 0x50, 0x51, 0x75, 0x65, 0x20, 0x6C, 0x75, 0x61, 0x21, 0x20, 0x50,
    0x65, 0x72, 0x64, 0x65, 0x6D, 0x6F, 0x73, 0x20, 0x61, 0x20, 0x63, 0x6F, 0x6E, 0x74, 0x61, 0x20,
    0x64, 0x61, 0x73, 0x0D, 0x0A, 0x63, 0x72, 0x61, 0x74, 0x65, 0x72, 0x61, 0x73, 0x2C, 0x20, 0x74,
    0xC6, 0x6F, 0x20, 0x6E, 0xA1, 0x74, 0x69, 0x64, 0x6F, 0x73, 0x20, 0x65, 0x72, 0x61, 0x6D, 0x20,
    0x73, 0x65, 0x75, 0x73, 0x0D, 0x0A, 0x63, 0x6F, 0x6E, 0x74, 0x6F, 0x72, 0x6E, 0x6F, 0x73, 0x2E,
    0x20, 0x50, 0x6F, 0x72, 0x20, 0x6D, 0x61, 0x69, 0x73, 0x20, 0x71, 0x75, 0x65, 0x20, 0x6E, 0x6F,
    0x73, 0x20, 0x72, 0x65, 0x70, 0x75, 0x67, 0x6E, 0x65, 0x0D, 0x0A, 0x70, 0x61, 0x72, 0x65, 0x63,
    0x65, 0x72, 0x20, 0x65, 0x78, 0x63, 0x65, 0x73, 0x73, 0x69, 0x76, 0x6F, 0x73, 0x20, 0x65, 0x6D,
    0x20, 0x6E, 0x6F, 0x73, 0x73, 0x61, 0x20, 0x61, 0x70, 0x72, 0x65, 0x63, 0x69, 0x61, 0x87, 0xC6,
    0x6F, 0x2C, 0x0D, 0x0A, 0x6E, 0xC6, 0x6F, 0x20, 0x70, 0x6F, 0x64, 0x65, 0x6D, 0x6F, 0x73, 0x20,
    0x64, 0x65, 0x69, 0x78, 0x61, 0x72, 0x20, 0x64, 0x65, 0x20, 0x73, 0x65, 0x6E, 0x74, 0x69, 0x72,
    0x20, 0x71, 0x75, 0x65, 0x20, 0x61, 0x0D, 0x0A, 0x63, 0x6C, 0x61, 0x72, 0x65, 0x69, 0x72, 0x61,
    0x20, 0x64, 0x61, 0x20, 0x66, 0x6C, 0x6F, 0x72, 0x65, 0x73, 0x74, 0x61, 0x20, 0x82, 0x20, 0x64,
    0x65, 0x20, 0x66, 0x61, 0x74, 0x6F, 0x20, 0x75, 0x6D, 0x20, 0x6C, 0x75, 0x67, 0x61, 0x72, 0x0D,
    0x0A, 0x85, 0x20, 0x6D, 0x61, 0x72, 0x67, 0x65, 0x6D, 0x20, 0x64, 0x61, 0x73, 0x20, 0x6C, 0x65,
    0x69, 0x73, 0x20, 0x63, 0x6F, 0x6D, 0x75, 0x6E, 0x73, 0x20, 0x64, 0x6F, 0x20, 0x74, 0x65, 0x6D,
    0x70, 0x6F, 0x20, 0x65, 0x20, 0x64, 0x6F, 0x0D, 0x0A, 0x65, 0x73, 0x70, 0x61, 0x87, 0x6F, 0x2E,
    0x20, 0x50, 0x6F, 0x72, 0x20, 0x63, 0x65, 0x72, 0x74, 0x6F, 0x20, 0x6E, 0xC6, 0x6F, 0x20, 0x73,
    0x65, 0x20, 0x74, 0x72, 0x61, 0x74, 0x61, 0x20, 0x64, 0x65, 0x20, 0x75, 0x6D, 0x61, 0x0D, 0x0A,
    0x61, 0x6C, 0x75, 0x63, 0x69, 0x6E, 0x61, 0x87, 0xC6, 0x6F, 0x21, 0x0D, 0x0A, 0x23, 0x50, 0x43,
    0x6F, 0x6D, 0x6F, 0x20, 0x82, 0x20, 0x65, 0x73, 0x74, 0x72, 0x61, 0x6E, 0x68, 0x6F, 0x20, 0x63,
    0x6F, 0x6E, 0x73, 0x69, 0x64, 0x65, 0x72, 0x61, 0x72, 0x20, 0x71, 0x75, 0x65, 0x20, 0x75, 0x6D,
    0x61, 0x0D, 0x0A, 0x63, 0x6F, 0x6E, 0x76, 0x65, 0x72, 0x73, 0x61, 0x20, 0x6F, 0x63, 0x69, 0x6F,
    0x73, 0x61, 0x2C, 0x20, 0x61, 0x6C, 0x67, 0x75, 0x6D, 0x61, 0x73, 0x20, 0x70, 0x65, 0x73, 0x71,
    0x75, 0x69, 0x73, 0x61, 0x73, 0x20, 0x6E, 0x6F, 0x0D, 0x0A, 0x4D, 0x75, 0x73, 0x65, 0x75, 0x20,
    0x42, 0x72, 0x69, 0x74, 0x83, 0x6E, 0x69, 0x63, 0x6F, 0x20, 0x65, 0x20, 0x75, 0x6D, 0x61, 0x20,
    0x76, 0x69, 0x61, 0x67, 0x65, 0x6D, 0x20, 0x61, 0x20, 0x65, 0x73, 0x74, 0x61, 0x0D, 0x0A, 0x61,
    0x6C, 0x64, 0x65, 0x69, 0x61, 0x20, 0x61, 0x74, 0x72, 0x61, 0x73, 0x61, 0x64, 0x61, 0x20, 0x74,
    0x65, 0x6E, 0x68, 0x61, 0x6D, 0x20, 0x63, 0x75, 0x6C, 0x6D, 0x69, 0x6E, 0x61, 0x64, 0x6F, 0x20,
    0x65, 0x6D, 0x0D, 0x0A, 0x64, 0x65, 0x73, 0x63, 0x6F, 0x62, 0x65, 0x72, 0x74, 0x61, 0x20, 0x74,
    0xC6, 0x6F, 0x20, 0x61, 0x73, 0x73, 0x6F, 0x6D, 0x62, 0x72, 0x6F, 0x73, 0x61, 0x2E, 0x20, 0x50,
    0x6F, 0x64, 0x65, 0x20, 0x73, 0x65, 0x72, 0x20, 0x71, 0x75, 0x65, 0x0D, 0x0A, 0x6F, 0x75, 0x74,
    0x72, 0x6F, 0x73, 0x20, 0x74, 0x65, 0x6E, 0x68, 0x61, 0x6D, 0x20, 0x6E, 0x6F, 0x74, 0x61, 0x64,
    0x6F, 0x20, 0x61, 0x20, 0x6E, 0x61, 0x74, 0x75, 0x72, 0x65, 0x7A, 0x61, 0x0D, 0x0A, 0x65, 0x78,
    0x74, 0x72, 0x61, 0x6F, 0x72, 0x64, 0x69, 0x6E, 0xA0, 0x72, 0x69, 0x61, 0x20, 0x64, 0x61, 0x71,
    0x75, 0x65, 0x6C, 0x65, 0x20, 0x6C, 0x75, 0x67, 0x61, 0x72, 0x3B, 0x20, 0x64, 0x65, 0x20, 0x71,
    0x75, 0x65, 0x0D, 0x0A, 0x6F, 0x75, 0x74, 0x72, 0x6F, 0x20, 0x6D, 0x6F, 0x64, 0x6F, 0x20, 0x65,
    0x78, 0x70, 0x6C, 0x69, 0x63, 0x61, 0x72, 0x20, 0x61, 0x20, 0x70, 0x72, 0x65, 0x73, 0x65, 0x6E,
    0x87, 0x61, 0x20, 0x64, 0x61, 0x71, 0x75, 0x65, 0x6C, 0x61, 0x0D, 0x0A, 0x63, 0x72, 0x75, 0x7A,
    0x3F, 0x0D, 0x0A, 0x1A, 0x0D, 0x0A, 0x00, 0x00, 0x00, 0x00, 0x56, 0x08, 0x00, 0x00, 0x56, 0x08,
    0x00, 0x00, 0x00, 0x00, 0x00, 0x00, 0x0D, 0x0A, 0x0D, 0x0A, 0x23, 0x43, 0x41, 0x73, 0x20, 0x43,
    0x72, 0x69, 0x61, 0x74, 0x75, 0x72, 0x61, 0x73, 0x0D, 0x0A, 0x23, 0x43, 0x64, 0x61, 0x20, 0x4E,
    0x6F, 0x69, 0x74, 0x65, 0x0D, 0x0A, 0x0D, 0x0A, 0x23, 0x43, 0x70, 0x6F, 0x72, 0x20, 0x48, 0x75,
    0x62, 0x65, 0x72, 0x74, 0x75, 0x73, 0x0D, 0x0A, 0x23, 0x43, 0x6F, 0x20, 0x43, 0x61, 0x6C, 0x76,
    0x6F, 0x0D, 0x0A, 0x0D, 0x0A, 0x23, 0x43, 0x74, 0x72, 0x61, 0x64, 0x75, 0x7A, 0x69, 0x64, 0x6F,
    0x20, 0x64, 0x6F, 0x20, 0x6C, 0x61, 0x74, 0x69, 0x6D, 0x0D, 0x0A, 0x23, 0x43, 0x70, 0x6F, 0x72,
    0x20, 0x73, 0x65, 0x75, 0x20, 0x69, 0x72, 0x6D, 0xC6, 0x6F, 0x20, 0x65, 0x6D, 0x20, 0x6F, 0x72,
    0x61, 0x87, 0xC6, 0x6F, 0x0D, 0x0A, 0x23, 0x43, 0x46, 0x72, 0x61, 0x74, 0x72, 0x65, 0x20, 0x4A,
    0x6F, 0x68, 0x61, 0x6E, 0x20, 0x4D, 0x61, 0x72, 0x6B, 0x75, 0x73, 0x0D, 0x0A, 0x0D, 0x0A, 0x23,
    0x50, 0x23, 0x54, 0x23, 0x54, 0x44, 0x61, 0x20, 0x4D, 0x6F, 0x6E, 0x73, 0x74, 0x72, 0x75, 0x6F,
    0x73, 0x69, 0x64, 0x61, 0x64, 0x65, 0x0D, 0x0A, 0x0D, 0x0A, 0x23, 0x54, 0x54, 0x75, 0x20, 0x71,
    0x75, 0x65, 0x20, 0x6D, 0x65, 0x20, 0x6C, 0x88, 0x73, 0x2C, 0x20, 0x73, 0x61, 0x62, 0x65, 0x20,
    0x71, 0x75, 0x65, 0x20, 0x61, 0x20, 0x6E, 0x6F, 0x69, 0x74, 0x65, 0x0D, 0x0A, 0x65, 0x6E, 0x67,
    0x65, 0x6E, 0x64, 0x72, 0x61, 0x20, 0x6D, 0x6F, 0x6E, 0x73, 0x74, 0x72, 0x6F, 0x73, 0x20, 0x65,
    0x20, 0x71, 0x75, 0x65, 0x20, 0x61, 0x73, 0x20, 0x63, 0x72, 0x69, 0x61, 0x74, 0x75, 0x72, 0x61,
    0x73, 0x0D, 0x0A, 0x6E, 0x6F, 0x74, 0x75, 0x72, 0x6E, 0x61, 0x73, 0x20, 0x65, 0x78, 0x69, 0x73,
    0x74, 0x65, 0x6D, 0x2E, 0x20, 0x4F, 0x20, 0x6C, 0x69, 0x76, 0x72, 0x6F, 0x20, 0x6D, 0x61, 0x6C,
    0x64, 0x69, 0x74, 0x6F, 0x20, 0x64, 0x65, 0x0D, 0x0A, 0x41, 0x62, 0x64, 0x75, 0x6C, 0x20, 0x41,
    0x6C, 0x20, 0x41, 0x7A, 0x72, 0x65, 0x64, 0x20, 0x82, 0x20, 0x63, 0x6C, 0x61, 0x72, 0x6F, 0x20,
    0x6E, 0x65, 0x73, 0x74, 0x61, 0x20, 0x6D, 0x61, 0x74, 0x82, 0x72, 0x69, 0x61, 0x3A, 0x0D, 0x0A,
    0x22, 0x4E, 0xC6, 0x6F, 0x20, 0x65, 0x73, 0x74, 0xA0, 0x20, 0x6D, 0x6F, 0x72, 0x74, 0x6F, 0x20,
    0x6F, 0x20, 0x71, 0x75, 0x65, 0x20, 0x70, 0x6F, 0x64, 0x65, 0x20, 0x65, 0x74, 0x65, 0x72, 0x6E,
    0x61, 0x6D, 0x65, 0x6E, 0x74, 0x65, 0x0D, 0x0A, 0x6A, 0x61, 0x7A, 0x65, 0x72, 0x2E, 0x22, 0x20,
    0x49, 0x6E, 0x66, 0x65, 0x6C, 0x69, 0x7A, 0x20, 0x61, 0x71, 0x75, 0x65, 0x6C, 0x65, 0x20, 0x71,
    0x75, 0x65, 0x20, 0x63, 0x6F, 0x6E, 0x68, 0x65, 0x63, 0x65, 0x20, 0x65, 0x73, 0x73, 0x65, 0x0D,
    0x0A, 0x6C, 0x69, 0x76, 0x72, 0x6F, 0x2E, 0x0D, 0x0A, 0x23, 0x50, 0x49, 0x6E, 0x66, 0x65, 0x6C,
    0x69, 0x7A, 0x20, 0x61, 0x71, 0x75, 0x65, 0x6C, 0x65, 0x20, 0x63, 0x75, 0x6A, 0x6F, 0x73, 0x20,
    0x6F, 0x6C, 0x68, 0x6F, 0x73, 0x20, 0x70, 0x6F, 0x75, 0x73, 0x61, 0x6D, 0x0D, 0x0A, 0x73, 0x6F,
    0x62, 0x72, 0x65, 0x20, 0x6F, 0x20, 0x6D, 0x61, 0x69, 0x73, 0x20, 0x69, 0x6D, 0x75, 0x6E, 0x64,
    0x6F, 0x20, 0x64, 0x6F, 0x73, 0x20, 0x74, 0x65, 0x78, 0x74, 0x6F, 0x73, 0x2E, 0x20, 0x49, 0x6E,
    0x66, 0x65, 0x6C, 0x69, 0x7A, 0x0D, 0x0A, 0x61, 0x71, 0x75, 0x65, 0x6C, 0x65, 0x20, 0x71, 0x75,
    0x65, 0x20, 0x69, 0x6D, 0x70, 0x6C, 0x6F, 0x72, 0x61, 0x20, 0x85, 0x73, 0x20, 0x70, 0x65, 0x64,
    0x72, 0x61, 0x73, 0x20, 0x65, 0x72, 0x67, 0x75, 0x69, 0x64, 0x61, 0x73, 0x2E, 0x0D, 0x0A, 0x50,
    0x6F, 0x69, 0x73, 0x20, 0x65, 0x6C, 0x65, 0x20, 0x6C, 0x69, 0x62, 0x65, 0x72, 0x74, 0x61, 0x72,
    0xA0, 0x20, 0x6F, 0x73, 0x20, 0x70, 0x6F, 0x64, 0x65, 0x72, 0x65, 0x73, 0x20, 0x64, 0x61, 0x73,
    0x0D, 0x0A, 0x74, 0x72, 0x65, 0x76, 0x61, 0x73, 0x2E, 0x0D, 0x0A, 0x23, 0x50, 0x23, 0x54, 0x23,
    0x54, 0x44, 0x6F, 0x20, 0x50, 0x6F, 0x87, 0x6F, 0x0D, 0x0A, 0x0D, 0x0A, 0x23, 0x54, 0x41, 0x73,
    0x20, 0xA0, 0x67, 0x75, 0x61, 0x73, 0x20, 0x65, 0x73, 0x74, 0x61, 0x67, 0x6E, 0x61, 0x64, 0x61,
    0x73, 0x20, 0x73, 0xC6, 0x6F, 0x20, 0x63, 0x6F, 0x6D, 0x6F, 0x20, 0x61, 0x20, 0x6D, 0x65, 0x6D,
    0xA2, 0x72, 0x69, 0x61, 0x0D, 0x0A, 0x64, 0x6F, 0x73, 0x20, 0x68, 0x6F, 0x6D, 0x65, 0x6E, 0x73,
    0x2E, 0x20, 0x53, 0x6F, 0x62, 0x20, 0x61, 0x20, 0x63, 0x61, 0x6C, 0x6D, 0x61, 0x20, 0x64, 0x61,
    0x20, 0x73, 0x75, 0x70, 0x65, 0x72, 0x66, 0xA1, 0x63, 0x69, 0x65, 0x0D, 0x0A, 0x61, 0x67, 0x75,
    0x61, 0x72, 0x64, 0x61, 0x6D, 0x20, 0x66, 0x65, 0x72, 0x61, 0x73, 0x20, 0x64, 0x6F, 0x74, 0x61,
    0x64, 0x61, 0x73, 0x20, 0x64, 0x65, 0x20, 0x67, 0x61, 0x72, 0x72, 0x61, 0x73, 0x2C, 0x20, 0x71,
    0x75, 0x65, 0x20, 0x6F, 0x73, 0x0D, 0x0A, 0x69, 0x6E, 0x69, 0x63, 0x69, 0x61, 0x64, 0x6F, 0x73,
    0x20, 0x63, 0x6F, 0x6E, 0x68, 0x65, 0x63, 0x65, 0x6D, 0x20, 0x63, 0x6F, 0x6D, 0x6F, 0x20, 0x6F,
    0x73, 0x20, 0x50, 0x72, 0x6F, 0x66, 0x75, 0x6E, 0x64, 0x6F, 0x73, 0x2E, 0x0D, 0x0A, 0x23, 0x50,
    0xB7, 0x20, 0x65, 0x73, 0x70, 0x65, 0x72, 0x61, 0x20, 0x64, 0x65, 0x20, 0x73, 0x75, 0x61, 0x20,
    0x70, 0x72, 0x65, 0x73, 0x61, 0x2C, 0x20, 0x6F, 0x20, 0x50, 0x72, 0x6F, 0x66, 0x75, 0x6E, 0x64,
    0x6F, 0x20, 0x61, 0x0D, 0x0A, 0x61, 0x67, 0x61, 0x72, 0x72, 0x61, 0x20, 0x65, 0x20, 0x61, 0x20,
    0x61, 0x72, 0x72, 0x61, 0x73, 0x74, 0x61, 0x20, 0x70, 0x61, 0x72, 0x61, 0x20, 0x6F, 0x20, 0x61,
    0x62, 0x69, 0x73, 0x6D, 0x6F, 0x20, 0x6F, 0x6E, 0x64, 0x65, 0x0D, 0x0A, 0x6E, 0x61, 0x64, 0x61,
    0x20, 0x44, 0x61, 0x67, 0x6F, 0x6E, 0x2C, 0x20, 0x6F, 0x20, 0x64, 0x65, 0x75, 0x73, 0x20, 0x63,
    0x72, 0x75, 0x65, 0x6C, 0x2C, 0x20, 0x71, 0x75, 0x65, 0x20, 0x72, 0x65, 0x76, 0x65, 0x72, 0x65,
    0x6E, 0x63, 0x69, 0x61, 0x0D, 0x0A, 0x61, 0x71, 0x75, 0x65, 0x6C, 0x65, 0x20, 0x63, 0x75, 0x6A,
    0x6F, 0x20, 0x6E, 0x6F, 0x6D, 0x65, 0x20, 0x6E, 0xC6, 0x6F, 0x20, 0x70, 0x6F, 0x64, 0x65, 0x20,
    0x73, 0x65, 0x72, 0x0D, 0x0A, 0x70, 0x72, 0x6F, 0x6E, 0x75, 0x6E, 0x63, 0x69, 0x61, 0x64, 0x6F,
    0x2E, 0x0D, 0x0A, 0x23, 0x50, 0x23, 0x54, 0x23, 0x54, 0x44, 0x61, 0x73, 0x20, 0x42, 0x69, 0x62,
    0x6C, 0x69, 0x6F, 0x74, 0x65, 0x63, 0x61, 0x73, 0x0D, 0x0A, 0x0D, 0x0A, 0x23, 0x54, 0x49, 0x6E,
    0x66, 0x65, 0x6C, 0x69, 0x7A, 0x20, 0x61, 0x71, 0x75, 0x65, 0x6C, 0x65, 0x20, 0x71, 0x75, 0x65,
    0x20, 0x6C, 0x69, 0x62, 0x65, 0x72, 0x74, 0x61, 0x20, 0x6F, 0x0D, 0x0A, 0x65, 0x73, 0x70, 0x72,
    0x65, 0x69, 0x74, 0x61, 0x64, 0x6F, 0x72, 0x2E, 0x20, 0x49, 0x6E, 0x66, 0x65, 0x6C, 0x69, 0x7A,
    0x20, 0x61, 0x71, 0x75, 0x65, 0x6C, 0x65, 0x20, 0x71, 0x75, 0x65, 0x20, 0x65, 0x6E, 0x63, 0x6F,
    0x6E, 0x74, 0x72, 0x61, 0x0D, 0x0A, 0x6F, 0x20, 0x65, 0x73, 0x70, 0x72, 0x65, 0x69, 0x74, 0x61,
    0x64, 0x6F, 0x72, 0x20, 0x76, 0x61, 0x67, 0x75, 0x65, 0x61, 0x6E, 0x64, 0x6F, 0x20, 0x65, 0x6E,
    0x74, 0x72, 0x65, 0x20, 0x6F, 0x73, 0x20, 0x6C, 0x69, 0x76, 0x72, 0x6F, 0x73, 0x2E, 0x0D, 0x0A,
    0x45, 0x6C, 0x65, 0x20, 0x67, 0x65, 0x72, 0x61, 0x20, 0x6F, 0x20, 0x65, 0x72, 0x72, 0x61, 0x6E,
    0x74, 0x65, 0x20, 0x71, 0x75, 0x65, 0x20, 0x76, 0x65, 0x6D, 0x20, 0x64, 0x65, 0x20, 0x6F, 0x75,
    0x74, 0x72, 0x61, 0x73, 0x0D, 0x0A, 0x65, 0x73, 0x66, 0x65, 0x72, 0x61, 0x73, 0x2E, 0x20, 0x45,
    0x6C, 0x65, 0x20, 0x63, 0x72, 0x88, 0x20, 0x71, 0x75, 0x65, 0x20, 0x6F, 0x20, 0x65, 0x72, 0x72,
    0x61, 0x6E, 0x74, 0x65, 0x20, 0x6E, 0xC6, 0x6F, 0x0D, 0x0A, 0x65, 0x78, 0x69, 0x73, 0x74, 0x65,
    0x2E, 0x0D, 0x0A, 0x23, 0x50, 0x53, 0x65, 0x6E, 0x74, 0x69, 0x72, 0xA0, 0x20, 0x6F, 0x20, 0x61,
    0x62, 0x72, 0x61, 0x87, 0x6F, 0x20, 0x64, 0x61, 0x20, 0x6D, 0x6F, 0x72, 0x74, 0x65, 0x2C, 0x20,
    0x70, 0x6F, 0x69, 0x73, 0x2C, 0x20, 0x61, 0x6F, 0x73, 0x0D, 0x0A, 0x6F, 0x6C, 0x68, 0x6F, 0x73,
    0x20, 0x64, 0x6F, 0x20, 0x65, 0x72, 0x72, 0x61, 0x6E, 0x74, 0x65, 0x2C, 0x20, 0x6F, 0x73, 0x20,
    0x6C, 0x69, 0x76, 0x72, 0x6F, 0x73, 0x20, 0x6E, 0xC6, 0x6F, 0x20, 0x70, 0x61, 0x73, 0x73, 0x61,
    0x6D, 0x0D, 0x0A, 0x64, 0x65, 0x20, 0x73, 0x6F, 0x6E, 0x68, 0x6F, 0x73, 0x2C, 0x20, 0x65, 0x20,
    0x61, 0x20, 0x70, 0x65, 0x64, 0x72, 0x61, 0x20, 0x6E, 0xC6, 0x6F, 0x20, 0x70, 0x61, 0x73, 0x73,
    0x61, 0x20, 0x64, 0x65, 0x20, 0x76, 0x65, 0x6E, 0x74, 0x6F, 0x2E, 0x0D, 0x0A, 0x4F, 0x20, 0x65,
    0x72, 0x72, 0x61, 0x6E, 0x74, 0x65, 0x20, 0x73, 0x61, 0x62, 0x65, 0x20, 0x74, 0x6F, 0x6D, 0x61,
    0x72, 0x20, 0x6F, 0x20, 0x66, 0x93, 0x6C, 0x65, 0x67, 0x6F, 0x20, 0x64, 0x6F, 0x73, 0x0D, 0x0A,
    0x69, 0x6D, 0x70, 0x72, 0x75, 0x64, 0x65, 0x6E, 0x74, 0x65, 0x73, 0x2E, 0x0D, 0x0A, 0x23, 0x50,
    0x23, 0x54, 0x23, 0x54, 0x44, 0x6F, 0x20, 0x43, 0x6F, 0x6D, 0x62, 0x61, 0x74, 0x65, 0x0D, 0x0A,
    0x0D, 0x0A, 0x23, 0x54, 0x41, 0x71, 0x75, 0x65, 0x6C, 0x65, 0x20, 0x71, 0x75, 0x65, 0x20, 0x66,
    0x61, 0x6C, 0x61, 0x20, 0x6E, 0xC6, 0x6F, 0x20, 0x73, 0x61, 0x62, 0x65, 0x2C, 0x20, 0x65, 0x20,
    0x63, 0x72, 0x88, 0x20, 0x73, 0x65, 0x72, 0x0D, 0x0A, 0x63, 0x61, 0x70, 0x61, 0x7A, 0x20, 0x64,
    0x65, 0x20, 0x6D, 0x61, 0x74, 0x61, 0x72, 0x20, 0x61, 0x73, 0x20, 0x63, 0x72, 0x69, 0x61, 0x74,
    0x75, 0x72, 0x61, 0x73, 0x20, 0x64, 0x61, 0x20, 0x6E, 0x6F, 0x69, 0x74, 0x65, 0x2E, 0x0D, 0x0A,
    0x4C, 0x6F, 0x75, 0x63, 0x75, 0x72, 0x61, 0x2E, 0x20, 0x4F, 0x20, 0x6D, 0x61, 0x6C, 0x20, 0x73,
    0x65, 0x20, 0x65, 0x73, 0x63, 0x6F, 0x6E, 0x6A, 0x75, 0x72, 0x61, 0x20, 0x70, 0x65, 0x6C, 0x61,
    0x20, 0x63, 0x69, 0x88, 0x6E, 0x63, 0x69, 0x61, 0x0D, 0x0A, 0x65, 0x20, 0x70, 0x65, 0x6C, 0x6F,
    0x20, 0x73, 0x65, 0x67, 0x72, 0x65, 0x64, 0x6F, 0x2E, 0x0D, 0x0A, 0x23, 0x50, 0x41, 0x71, 0x75,
    0x65, 0x6C, 0x65, 0x20, 0x71, 0x75, 0x65, 0x20, 0x65, 0x73, 0x70, 0x72, 0x65, 0x69, 0x74, 0x61,
    0x20, 0x65, 0x6E, 0x74, 0x72, 0x65, 0x20, 0x6F, 0x73, 0x20, 0x6C, 0x69, 0x76, 0x72, 0x6F, 0x73,
    0x0D, 0x0A, 0x70, 0x65, 0x72, 0x65, 0x63, 0x65, 0x72, 0xA0, 0x20, 0x70, 0x65, 0x6C, 0x61, 0x20,
    0x6C, 0x83, 0x6D, 0x69, 0x6E, 0x61, 0x2E, 0x20, 0x41, 0x71, 0x75, 0x65, 0x6C, 0x65, 0x20, 0x71,
    0x75, 0x65, 0x20, 0x76, 0x6F, 0x61, 0x20, 0x6E, 0x61, 0x73, 0x0D, 0x0A, 0x63, 0x61, 0x76, 0x65,
    0x72, 0x6E, 0x61, 0x73, 0x20, 0x65, 0x73, 0x63, 0x75, 0x72, 0x61, 0x73, 0x20, 0x67, 0x72, 0x69,
    0x74, 0x61, 0x72, 0xA0, 0x20, 0x64, 0x65, 0x20, 0x6D, 0x65, 0x64, 0x6F, 0x2E, 0x20, 0x41, 0x71,
    0x75, 0x65, 0x6C, 0x65, 0x0D, 0x0A, 0x71, 0x75, 0x65, 0x20, 0x6E, 0x61, 0x64, 0x61, 0x20, 0x6E,
    0x61, 0x73, 0x20, 0x70, 0x72, 0x6F, 0x66, 0x75, 0x6E, 0x64, 0x65, 0x7A, 0x61, 0x73, 0x20, 0x73,
    0x65, 0x20, 0x65, 0x76, 0x61, 0x70, 0x6F, 0x72, 0x61, 0x72, 0xA0, 0x2E, 0x0D, 0x0A, 0x4D, 0x61,
    0x73, 0x20, 0x61, 0x71, 0x75, 0x65, 0x6C, 0x65, 0x20, 0x71, 0x75, 0x65, 0x20, 0x63, 0x72, 0x88,
    0x20, 0x73, 0x61, 0x62, 0x65, 0x72, 0x20, 0x6E, 0x61, 0x64, 0x61, 0x20, 0x73, 0x61, 0x62, 0x65,
    0x2E, 0x0D, 0x0A, 0x41, 0x71, 0x75, 0x65, 0x6C, 0x65, 0x20, 0x71, 0x75, 0x65, 0x20, 0x73, 0x61,
    0x62, 0x65, 0x20, 0x6E, 0x61, 0x64, 0x61, 0x20, 0x64, 0x69, 0x7A, 0x2E, 0x0D, 0x0A, 0x23, 0x50,
    0x23, 0x54, 0x23, 0x54, 0x44, 0x61, 0x20, 0x4D, 0x6F, 0x72, 0x74, 0x65, 0x0D, 0x0A, 0x0D, 0x0A,
    0x23, 0x54, 0x48, 0xA0, 0x20, 0x64, 0x6F, 0x6D, 0xA1, 0x6E, 0x69, 0x6F, 0x73, 0x20, 0x6D, 0x61,
    0x69, 0x73, 0x20, 0x74, 0x65, 0x72, 0x72, 0xA1, 0x76, 0x65, 0x69, 0x73, 0x20, 0x71, 0x75, 0x65,
    0x20, 0x61, 0x0D, 0x0A, 0x6D, 0x6F, 0x72, 0x74, 0x65, 0x2E, 0x20, 0x4E, 0xC6, 0x6F, 0x20, 0x65,
    0x73, 0x74, 0xA0, 0x20, 0x6D, 0x6F, 0x72, 0x74, 0x6F, 0x20, 0x6F, 0x20, 0x71, 0x75, 0x65, 0x20,
    0x70, 0x6F, 0x64, 0x65, 0x0D, 0x0A, 0x65, 0x74, 0x65, 0x72, 0x6E, 0x61, 0x6D, 0x65, 0x6E, 0x74,
    0x65, 0x20, 0x6A, 0x61, 0x7A, 0x65, 0x72, 0x2E, 0x20, 0x54, 0x6F, 0x64, 0x61, 0x20, 0x63, 0x72,
    0x69, 0x61, 0x74, 0x75, 0x72, 0x61, 0x20, 0x73, 0x65, 0x0D, 0x0A, 0x65, 0x73, 0x63, 0x6F, 0x6E,
    0x6A, 0x75, 0x72, 0x61, 0x3B, 0x20, 0x65, 0x73, 0x63, 0x6F, 0x6E, 0x6A, 0x75, 0x72, 0x61, 0x64,
    0x61, 0x2C, 0x20, 0x6E, 0xC6, 0x6F, 0x20, 0x6D, 0x6F, 0x72, 0x72, 0x65, 0x2C, 0x20, 0x6D, 0x61,
    0x73, 0x0D, 0x0A, 0x72, 0x65, 0x74, 0x6F, 0x72, 0x6E, 0x61, 0x20, 0x85, 0x73, 0x20, 0x6F, 0x72,
    0x69, 0x67, 0x65, 0x6E, 0x73, 0x2E, 0x20, 0x55, 0x6D, 0x20, 0x6D, 0x6F, 0x6E, 0x73, 0x74, 0x72,
    0x6F, 0x2C, 0x20, 0x75, 0x6D, 0x61, 0x0D, 0x0A, 0x63, 0x69, 0x88, 0x6E, 0x63, 0x69, 0x61, 0x2E,
    0x20, 0x4F, 0x20, 0x61, 0x87, 0x6F, 0x20, 0x6D, 0x61, 0x74, 0x61, 0x20, 0x6F, 0x20, 0x65, 0x72,
    0x72, 0x61, 0x6E, 0x74, 0x65, 0x20, 0x71, 0x75, 0x65, 0x20, 0x6A, 0x61, 0x6D, 0x61, 0x69, 0x73,
    0x0D, 0x0A, 0x6D, 0x6F, 0x72, 0x72, 0x65, 0x2E, 0x0D, 0x0A, 0x23, 0x50, 0x0D, 0x0A, 0x23, 0x43,
    0x4E, 0x6F, 0x74, 0x61, 0x20, 0x64, 0x6F, 0x20, 0x74, 0x72, 0x61, 0x64, 0x75, 0x74, 0x6F, 0x72,
    0x2E, 0x0D, 0x0A, 0x23, 0x43, 0x20, 0x2B, 0x20, 0x2B, 0x0D, 0x0A, 0x23, 0x54, 0x41, 0x71, 0x75,
    0x69, 0x20, 0x74, 0x65, 0x72, 0x6D, 0x69, 0x6E, 0x61, 0x20, 0x6F, 0x20, 0x6D, 0x61, 0x6E, 0x75,
    0x73, 0x63, 0x72, 0x69, 0x74, 0x6F, 0x20, 0x64, 0x65, 0x20, 0x48, 0x75, 0x62, 0x65, 0x72, 0x74,
    0x75, 0x73, 0x2C, 0x0D, 0x0A, 0x71, 0x75, 0x65, 0x20, 0x6D, 0x6F, 0x72, 0x72, 0x65, 0x75, 0x20,
    0x6E, 0x61, 0x20, 0x62, 0x69, 0x62, 0x6C, 0x69, 0x6F, 0x74, 0x65, 0x63, 0x61, 0x20, 0x64, 0x6F,
    0x20, 0x63, 0x6F, 0x6E, 0x76, 0x65, 0x6E, 0x74, 0x6F, 0x20, 0x64, 0x65, 0x0D, 0x0A, 0x54, 0x61,
    0x72, 0x6F, 0x65, 0x6C, 0x6C, 0x61, 0x20, 0x6E, 0x6F, 0x20, 0x61, 0x6E, 0x6F, 0x20, 0x64, 0x65,
    0x20, 0x4E, 0x6F, 0x73, 0x73, 0x6F, 0x20, 0x53, 0x65, 0x6E, 0x68, 0x6F, 0x72, 0x20, 0x64, 0x65,
    0x20, 0x31, 0x36, 0x36, 0x36, 0x2E, 0x0D, 0x0A, 0x23, 0x54, 0x52, 0x65, 0x71, 0x75, 0x69, 0x65,
    0x73, 0x63, 0x61, 0x74, 0x20, 0x69, 0x6E, 0x20, 0x70, 0x61, 0x63, 0x65, 0x2E, 0x0D, 0x0A, 0x23,
    0x43, 0x20, 0x2B, 0x20, 0x2B, 0x20, 0x2B, 0x0D, 0x0A, 0x1A, 0x0D, 0x0A, 0x00, 0x00, 0x00, 0x00,
    0x99, 0x07, 0x00, 0x00, 0x99, 0x07, 0x00, 0x00, 0x00, 0x00, 0x00, 0x00, 0x23, 0x43, 0x4A, 0x75,
    0x61, 0x6E, 0x20, 0x4C, 0x75, 0x69, 0x73, 0x20, 0x4A, 0x6F, 0x72, 0x67, 0x65, 0x0D, 0x0A, 0x23,
    0x43, 0x2D, 0x2D, 0x2D, 0x0D, 0x0A, 0x23, 0x43, 0x44, 0x65, 0x20, 0x42, 0x69, 0x62, 0x6C, 0x69,
    0x6F, 0x74, 0x68, 0x65, 0x63, 0x61, 0x0D, 0x0A, 0x23, 0x43, 0x52, 0x65, 0x66, 0x6C, 0x65, 0x78,
    0xE4, 0x65, 0x73, 0x20, 0x73, 0x6F, 0x62, 0x72, 0x65, 0x0D, 0x0A, 0x23, 0x43, 0x6F, 0x20, 0x70,
    0x6F, 0x64, 0x65, 0x72, 0x20, 0x64, 0x6F, 0x20, 0x76, 0x65, 0x72, 0x62, 0x6F, 0x0D, 0x0A, 0x23,
    0x43, 0x65, 0x6D, 0x20, 0x63, 0x65, 0x72, 0x74, 0x6F, 0x73, 0x20, 0x74, 0x65, 0x78, 0x74, 0x6F,
    0x73, 0x2E, 0x0D, 0x0A, 0x0D, 0x0A, 0x23, 0x43, 0x45, 0x64, 0x69, 0x87, 0xE4, 0x65, 0x73, 0x20,
    0x41, 0x72, 0x63, 0x68, 0x61, 0x6F, 0x73, 0x0D, 0x0A, 0x23, 0x43, 0x2A, 0x2A, 0x2A, 0x2A, 0x2A,
    0x0D, 0x0A, 0x23, 0x43, 0x31, 0x39, 0x31, 0x39, 0x0D, 0x0A, 0x23, 0x43, 0x53, 0x74, 0x61, 0x66,
    0x66, 0x6F, 0x72, 0x64, 0x0D, 0x0A, 0x23, 0x50, 0x41, 0x20, 0x74, 0x72, 0x61, 0x64, 0x75, 0x87,
    0xC6, 0x6F, 0x20, 0x6E, 0xC6, 0x6F, 0x20, 0x61, 0x6C, 0x74, 0x65, 0x72, 0x61, 0x20, 0x6F, 0x20,
    0x70, 0x6F, 0x64, 0x65, 0x72, 0x20, 0x6F, 0x63, 0x75, 0x6C, 0x74, 0x6F, 0x0D, 0x0A, 0x65, 0x6E,
    0x63, 0x65, 0x72, 0x72, 0x61, 0x64, 0x6F, 0x20, 0x65, 0x6D, 0x20, 0x74, 0x61, 0x69, 0x73, 0x20,
    0x74, 0x65, 0x78, 0x74, 0x6F, 0x73, 0x20, 0x70, 0x72, 0x6F, 0x69, 0x62, 0x69, 0x64, 0x6F, 0x73,
    0x2E, 0x20, 0x41, 0x0D, 0x0A, 0x65, 0x6E, 0x65, 0x72, 0x67, 0x69, 0x61, 0x20, 0x6D, 0x61, 0x6C,
    0x82, 0x76, 0x6F, 0x6C, 0x61, 0x20, 0x6E, 0xC6, 0x6F, 0x20, 0x73, 0x65, 0x20, 0x76, 0x88, 0x20,
    0x65, 0x6D, 0x20, 0x6E, 0x61, 0x64, 0x61, 0x0D, 0x0A, 0x64, 0x69, 0x6D, 0x69, 0x6E, 0x75, 0xA1,
    0x64, 0x61, 0x2E, 0x20, 0x4F, 0x20, 0x73, 0x6F, 0x72, 0x74, 0x69, 0x6C, 0x82, 0x67, 0x69, 0x6F,
    0x20, 0x64, 0x65, 0x76, 0x65, 0x20, 0x73, 0x65, 0x72, 0x0D, 0x0A, 0x70, 0x72, 0x6F, 0x66, 0x65,
    0x72, 0x69, 0x64, 0x6F, 0x20, 0x65, 0x6D, 0x20, 0x76, 0x6F, 0x7A, 0x20, 0x61, 0x6C, 0x74, 0x61,
    0x20, 0x65, 0x20, 0x63, 0x6C, 0x61, 0x72, 0x61, 0x2C, 0x20, 0x65, 0x6D, 0x20, 0x63, 0x65, 0x72,
    0x74, 0x61, 0x73, 0x0D, 0x0A, 0x6C, 0xA1, 0x6E, 0x67, 0x75, 0x61, 0x73, 0x20, 0x6F, 0x75, 0x20,
    0x64, 0x69, 0x61, 0x6C, 0x65, 0x74, 0x6F, 0x73, 0x20, 0x70, 0x6F, 0x75, 0x63, 0x6F, 0x20, 0x63,
    0x6F, 0x6E, 0x68, 0x65, 0x63, 0x69, 0x64, 0x6F, 0x73, 0x2E, 0x2E, 0x2E, 0x0D, 0x0A, 0x4D, 0x27,
    0x67, 0x68, 0x6C, 0x61, 0x66, 0x67, 0x20, 0x66, 0x74, 0x68, 0x61, 0x6E, 0x67, 0x2E, 0x2E, 0x2E,
    0x0D, 0x0A, 0x23, 0x50, 0x4F, 0x20, 0x6C, 0x65, 0x69, 0x74, 0x6F, 0x72, 0x20, 0x68, 0xA0, 0x20,
    0x64, 0x65, 0x20, 0x63, 0x6F, 0x6D, 0x70, 0x72, 0x65, 0x65, 0x6E, 0x64, 0x65, 0x72, 0x20, 0x71,
    0x75, 0x65, 0x2C, 0x20, 0x85, 0x20, 0x6C, 0x75, 0x7A, 0x0D, 0x0A, 0x64, 0x65, 0x73, 0x74, 0x61,
    0x73, 0x20, 0x72, 0x65, 0x76, 0x65, 0x6C, 0x61, 0x87, 0xE4, 0x65, 0x73, 0x2C, 0x20, 0x65, 0x75,
    0x20, 0x73, 0x65, 0x72, 0x69, 0x61, 0x20, 0x74, 0x65, 0x6D, 0x65, 0x72, 0xA0, 0x72, 0x69, 0x6F,
    0x20, 0x73, 0x65, 0x0D, 0x0A, 0x63, 0x6F, 0x6E, 0x74, 0x69, 0x6E, 0x75, 0x61, 0x73, 0x73, 0x65,
    0x20, 0x61, 0x20, 0x63, 0x69, 0x74, 0x61, 0x72, 0x20, 0x6F, 0x20, 0x74, 0x65, 0x78, 0x74, 0x6F,
    0x20, 0x71, 0x75, 0x65, 0x20, 0x74, 0x65, 0x6E, 0x68, 0x6F, 0x0D, 0x0A, 0x64, 0x69, 0x61, 0x6E,
    0x74, 0x65, 0x20, 0x64, 0x65, 0x20, 0x6D, 0x69, 0x6D, 0x2E, 0x20, 0x50, 0x72, 0x6F, 0x6E, 0x75,
    0x6E, 0x63, 0x69, 0x61, 0x64, 0x6F, 0x20, 0x65, 0x6D, 0x20, 0x76, 0x6F, 0x7A, 0x20, 0x61, 0x6C,
    0x74, 0x61, 0x0D, 0x0A, 0x65, 0x6D, 0x20, 0x73, 0x75, 0x61, 0x20, 0x74, 0x6F, 0x74, 0x61, 0x6C,
    0x69, 0x64, 0x61, 0x64, 0x65, 0x2C, 0x20, 0x65, 0x6C, 0x65, 0x20, 0x70, 0x6F, 0x72, 0x20, 0x63,
    0x65, 0x72, 0x74, 0x6F, 0x0D, 0x0A, 0x64, 0x65, 0x73, 0x70, 0x65, 0x72, 0x74, 0x61, 0x72, 0x69,
    0x61, 0x20, 0x66, 0x6F, 0x72, 0x87, 0x61, 0x73, 0x20, 0x70, 0x6F, 0x64, 0x65, 0x72, 0x6F, 0x73,
    0x61, 0x73, 0x20, 0x65, 0x20, 0x6D, 0x61, 0x6C, 0x69, 0x67, 0x6E, 0x61, 0x73, 0x2E, 0x0D, 0x0A,
    0x23, 0x50, 0x49, 0x72, 0x65, 0x69, 0x20, 0x6D, 0x61, 0x69, 0x73, 0x20, 0x6C, 0x6F, 0x6E, 0x67,
    0x65, 0x20, 0x65, 0x20, 0x64, 0x69, 0x72, 0x65, 0x69, 0x20, 0x71, 0x75, 0x65, 0x20, 0x61, 0x20,
    0x73, 0x69, 0x6D, 0x70, 0x6C, 0x65, 0x73, 0x0D, 0x0A, 0x6C, 0x65, 0x69, 0x74, 0x75, 0x72, 0x61,
    0x20, 0x64, 0x65, 0x20, 0x61, 0x6C, 0x67, 0x75, 0x6D, 0x61, 0x73, 0x20, 0x64, 0x61, 0x73, 0x20,
    0x70, 0x61, 0x73, 0x73, 0x61, 0x67, 0x65, 0x6E, 0x73, 0x20, 0x6D, 0x61, 0x69, 0x73, 0x0D, 0x0A,
    0x74, 0x82, 0x63, 0x6E, 0x69, 0x63, 0x61, 0x73, 0x2C, 0x20, 0x71, 0x75, 0x65, 0x20, 0x64, 0x65,
    0x73, 0x63, 0x72, 0x65, 0x76, 0x65, 0x6D, 0x20, 0x70, 0x72, 0xA0, 0x74, 0x69, 0x63, 0x61, 0x73,
    0x0D, 0x0A, 0x65, 0x73, 0x70, 0x65, 0x63, 0xA1, 0x66, 0x69, 0x63, 0x61, 0x73, 0x2C, 0x20, 0x63,
    0x6F, 0x6E, 0x73, 0x74, 0x69, 0x74, 0x75, 0x69, 0x20, 0x65, 0x6D, 0x20, 0x73, 0x69, 0x20, 0x6D,
    0x65, 0x73, 0x6D, 0x61, 0x20, 0x75, 0x6D, 0x0D, 0x0A, 0x65, 0x78, 0x65, 0x72, 0x63, 0xA1, 0x63,
    0x69, 0x6F, 0x20, 0x70, 0x65, 0x72, 0x69, 0x67, 0x6F, 0x73, 0x6F, 0x3B, 0x20, 0x6F, 0x20, 0x6C,
    0x65, 0x69, 0x74, 0x6F, 0x72, 0x20, 0x6D, 0x61, 0x6C, 0x0D, 0x0A, 0x70, 0x72, 0x65, 0x70, 0x61,
    0x72, 0x61, 0x64, 0x6F, 0x20, 0x70, 0x6F, 0x64, 0x65, 0x20, 0x66, 0x61, 0x63, 0x69, 0x6C, 0x6D,
    0x65, 0x6E, 0x74, 0x65, 0x20, 0x74, 0x6F, 0x72, 0x6E, 0x61, 0x72, 0x2D, 0x73, 0x65, 0x0D, 0x0A,
    0x70, 0x72, 0x65, 0x73, 0x61, 0x20, 0x64, 0x65, 0x20, 0x61, 0x63, 0x65, 0x73, 0x73, 0x6F, 0x73,
    0x20, 0x64, 0x65, 0x20, 0x68, 0x69, 0x73, 0x74, 0x65, 0x72, 0x69, 0x61, 0x20, 0x64, 0x65, 0x6D,
    0x65, 0x6E, 0x74, 0x65, 0x2C, 0x0D, 0x0A, 0x6E, 0xC6, 0x6F, 0x20, 0x6D, 0x75, 0x69, 0x74, 0x6F,
    0x20, 0x64, 0x69, 0x76, 0x65, 0x72, 0x73, 0x6F, 0x73, 0x20, 0x64, 0x61, 0x71, 0x75, 0x65, 0x6C,
    0x65, 0x73, 0x20, 0x64, 0x65, 0x73, 0x63, 0x72, 0x69, 0x74, 0x6F, 0x73, 0x0D, 0x0A, 0x6E, 0x6F,
    0x73, 0x20, 0x63, 0x61, 0x73, 0x6F, 0x73, 0x20, 0x64, 0x65, 0x20, 0x69, 0x6E, 0x64, 0x69, 0x76,
    0xA1, 0x64, 0x75, 0x6F, 0x73, 0x20, 0x74, 0x69, 0x64, 0x6F, 0x73, 0x20, 0x70, 0x6F, 0x72, 0x0D,
    0x0A, 0x70, 0x6F, 0x73, 0x73, 0x65, 0x73, 0x73, 0x6F, 0x73, 0x20, 0x64, 0x65, 0x20, 0x65, 0x73,
    0x70, 0xA1, 0x72, 0x69, 0x74, 0x6F, 0x73, 0x20, 0x6D, 0x61, 0x6C, 0x69, 0x67, 0x6E, 0x6F, 0x73,
    0x2A, 0x2E, 0x0D, 0x0A, 0x23, 0x50, 0x2A, 0x52, 0x65, 0x63, 0x6F, 0x6D, 0x65, 0x6E, 0x64, 0x6F,
    0x20, 0x6F, 0x20, 0x65, 0x73, 0x74, 0x75, 0x64, 0x6F, 0x20, 0x66, 0x65, 0x69, 0x74, 0x6F, 0x20,
    0x70, 0x6F, 0x72, 0x20, 0x5A, 0x65, 0x6D, 0x70, 0x66, 0x3A, 0x0D, 0x0A, 0x22, 0x55, 0x72, 0x62,
    0x61, 0x69, 0x6E, 0x20, 0x47, 0x72, 0x61, 0x6E, 0x64, 0x69, 0x65, 0x72, 0x20, 0x65, 0x20, 0x4C,
    0x6F, 0x75, 0x64, 0x75, 0x6E, 0x22, 0x2C, 0x20, 0x65, 0x20, 0x6F, 0x73, 0x0D, 0x0A, 0x72, 0x65,
    0x6C, 0x61, 0x74, 0xA2, 0x72, 0x69, 0x6F, 0x73, 0x20, 0x64, 0x6F, 0x20, 0x52, 0x65, 0x76, 0x65,
    0x72, 0x65, 0x6E, 0x64, 0x6F, 0x20, 0x52, 0x69, 0x63, 0x68, 0x61, 0x72, 0x64, 0x20, 0x50, 0x72,
    0x69, 0x63, 0x65, 0x0D, 0x0A, 0x61, 0x63, 0x65, 0x72, 0x63, 0x61, 0x20, 0x64, 0x65, 0x20, 0x63,
    0x65, 0x72, 0x74, 0x6F, 0x73, 0x20, 0x65, 0x78, 0x6F, 0x72, 0x63, 0x69, 0x73, 0x6D, 0x6F, 0x73,
    0x20, 0x61, 0x73, 0x73, 0x6F, 0x6D, 0x62, 0x72, 0x6F, 0x73, 0x6F, 0x73, 0x0D, 0x0A, 0x28, 0x70,
    0x61, 0x72, 0x61, 0x20, 0x6E, 0xC6, 0x6F, 0x20, 0x64, 0x69, 0x7A, 0x65, 0x72, 0x20, 0x6D, 0x61,
    0x69, 0x73, 0x29, 0x20, 0x70, 0x72, 0x61, 0x74, 0x69, 0x63, 0x61, 0x64, 0x6F, 0x73, 0x20, 0x6E,
    0x75, 0x6D, 0x61, 0x0D, 0x0A, 0x70, 0x61, 0x72, 0xA2, 0x71, 0x75, 0x69, 0x61, 0x20, 0x76, 0x69,
    0x7A, 0x69, 0x6E, 0x68, 0x61, 0x20, 0x61, 0x20, 0x50, 0x72, 0x6F, 0x76, 0x69, 0x64, 0x65, 0x6E,
    0x63, 0x65, 0x2E, 0x0D, 0x0A, 0x23, 0x43, 0x2A, 0x20, 0x2A, 0x20, 0x2A, 0x0D, 0x0A, 0x23, 0x50,
    0x44, 0x69, 0x61, 0x6E, 0x74, 0x65, 0x20, 0x64, 0x6F, 0x20, 0x71, 0x75, 0x65, 0x20, 0x65, 0x73,
    0x63, 0x72, 0x65, 0x76, 0x69, 0x2C, 0x20, 0x64, 0x65, 0x76, 0x65, 0x6D, 0x6F, 0x73, 0x20, 0x73,
    0x65, 0x72, 0x0D, 0x0A, 0x67, 0x72, 0x61, 0x74, 0x6F, 0x73, 0x20, 0x61, 0x6F, 0x73, 0x20, 0x62,
    0x69, 0x62, 0x6C, 0x69, 0x6F, 0x74, 0x65, 0x63, 0xA0, 0x72, 0x69, 0x6F, 0x73, 0x20, 0x64, 0x6F,
    0x20, 0x4D, 0x75, 0x73, 0x65, 0x75, 0x0D, 0x0A, 0x42, 0x72, 0x69, 0x74, 0x83, 0x6E, 0x69, 0x63,
    0x6F, 0x2C, 0x20, 0x71, 0x75, 0x65, 0x20, 0x6A, 0x61, 0x6D, 0x61, 0x69, 0x73, 0x20, 0x70, 0x65,
    0x72, 0x6D, 0x69, 0x74, 0x69, 0x72, 0x61, 0x6D, 0x20, 0x61, 0x0D, 0x0A, 0x63, 0x6F, 0x6E, 0x73,
    0x75, 0x6C, 0x74, 0x61, 0x20, 0x64, 0x6F, 0x20, 0x65, 0x73, 0x70, 0x61, 0x6E, 0x74, 0x6F, 0x73,
    0x6F, 0x20, 0x41, 0x6C, 0x20, 0x41, 0x7A, 0x69, 0x66, 0x2C, 0x20, 0x6F, 0x20, 0x69, 0x6E, 0x66,
    0x61, 0x6D, 0x65, 0x0D, 0x0A, 0x4E, 0x65, 0x63, 0x72, 0x6F, 0x6E, 0x6F, 0x6D, 0x69, 0x63, 0x6F,
    0x6E, 0x2E, 0x0D, 0x0A, 0x23, 0x50, 0x45, 0x78, 0x69, 0x73, 0x74, 0x65, 0x6D, 0x20, 0x63, 0xA2,
    0x70, 0x69, 0x61, 0x73, 0x20, 0x64, 0x65, 0x73, 0x73, 0x61, 0x20, 0x6F, 0x62, 0x72, 0x61, 0x2C,
    0x20, 0x61, 0x20, 0x64, 0x65, 0x73, 0x70, 0x65, 0x69, 0x74, 0x6F, 0x0D, 0x0A, 0x64, 0x6F, 0x20,
    0x7A, 0x65, 0x6C, 0x6F, 0x20, 0x64, 0x6F, 0x73, 0x20, 0x69, 0x6E, 0x71, 0x75, 0x69, 0x73, 0x69,
    0x64, 0x6F, 0x72, 0x65, 0x73, 0x20, 0x71, 0x75, 0x65, 0x20, 0x71, 0x75, 0x65, 0x69, 0x6D, 0x61,
    0x76, 0x61, 0x6D, 0x0D, 0x0A, 0x6C, 0x69, 0x76, 0x72, 0x6F, 0x73, 0x2E, 0x20, 0x43, 0x6F, 0x6D,
    0x6F, 0x20, 0x70, 0x72, 0x6F, 0x76, 0x61, 0x2C, 0x20, 0x62, 0x61, 0x73, 0x74, 0x61, 0x20, 0x6F,
    0x6C, 0x68, 0x61, 0x72, 0x20, 0x70, 0x61, 0x72, 0x61, 0x20, 0x6F, 0x0D, 0x0A, 0x70, 0x72, 0xA2,
    0x70, 0x72, 0x69, 0x6F, 0x20, 0x4D, 0x75, 0x73, 0x65, 0x75, 0x20, 0x42, 0x72, 0x69, 0x74, 0x83,
    0x6E, 0x69, 0x63, 0x6F, 0x2C, 0x20, 0x82, 0x20, 0x63, 0x6C, 0x61, 0x72, 0x6F, 0x2C, 0x20, 0x65,
    0x20, 0x70, 0x61, 0x72, 0x61, 0x0D, 0x0A, 0x6F, 0x73, 0x20, 0x61, 0x72, 0x71, 0x75, 0x69, 0x76,
    0x6F, 0x73, 0x20, 0x6C, 0x61, 0x63, 0x72, 0x61, 0x64, 0x6F, 0x73, 0x20, 0x64, 0x61, 0x20, 0x55,
    0x6E, 0x69, 0x76, 0x65, 0x72, 0x73, 0x69, 0x64, 0x61, 0x64, 0x65, 0x0D, 0x0A, 0x4D, 0x69, 0x73,
    0x6B, 0x61, 0x74, 0x6F, 0x6E, 0x69, 0x63, 0x2C, 0x20, 0x65, 0x6D, 0x20, 0x41, 0x72, 0x6B, 0x68,
    0x61, 0x6D, 0x2E, 0x0D, 0x0A, 0x23, 0x50, 0x4F, 0x75, 0x74, 0x72, 0x6F, 0x73, 0x20, 0x65, 0x78,
    0x65, 0x6D, 0x70, 0x6C, 0x6F, 0x73, 0x20, 0x64, 0x65, 0x20, 0x6C, 0x69, 0x76, 0x72, 0x6F, 0x73,
    0x20, 0x63, 0x75, 0x6A, 0x6F, 0x20, 0x6D, 0x61, 0x6C, 0x0D, 0x0A, 0x70, 0x6F, 0x64, 0x65, 0x20,
    0x73, 0x65, 0x72, 0x20, 0x64, 0x65, 0x73, 0x65, 0x6E, 0x63, 0x61, 0x64, 0x65, 0x61, 0x64, 0x6F,
    0x20, 0x70, 0x6F, 0x72, 0x20, 0x71, 0x75, 0x61, 0x6C, 0x71, 0x75, 0x65, 0x72, 0x0D, 0x0A, 0x6C,
    0x65, 0x69, 0x74, 0x6F, 0x72, 0x20, 0x69, 0x6D, 0x70, 0x72, 0x75, 0x64, 0x65, 0x6E, 0x74, 0x65,
    0x20, 0x73, 0xC6, 0x6F, 0x20, 0x6F, 0x20, 0x56, 0x6F, 0x6E, 0x0D, 0x0A, 0x75, 0x6E, 0x61, 0x75,
    0x73, 0x73, 0x70, 0x72, 0x65, 0x63, 0x68, 0x6C, 0x69, 0x63, 0x68, 0x65, 0x6E, 0x20, 0x4B, 0x75,
    0x6C, 0x74, 0x65, 0x6E, 0x2C, 0x20, 0x64, 0x65, 0x20, 0x56, 0x6F, 0x6E, 0x20, 0x4A, 0x75, 0x6E,
    0x7A, 0x74, 0x2C, 0x0D, 0x0A, 0x65, 0x20, 0x6F, 0x20, 0x61, 0x62, 0x6F, 0x6D, 0x69, 0x6E, 0xA0,
    0x76, 0x65, 0x6C, 0x20, 0x44, 0x65, 0x20, 0x56, 0x65, 0x72, 0x6D, 0x69, 0x73, 0x20, 0x4D, 0x79,
    0x73, 0x74, 0x65, 0x72, 0x69, 0x69, 0x73, 0x2C, 0x20, 0x64, 0x65, 0x0D, 0x0A, 0x4C, 0x75, 0x64,
    0x77, 0x69, 0x67, 0x20, 0x50, 0x72, 0x69, 0x6E, 0x6E, 0x2C, 0x20, 0x63, 0x75, 0x6A, 0x61, 0x20,
    0x6D, 0x6F, 0x72, 0x74, 0x65, 0x20, 0x73, 0xA2, 0x72, 0x64, 0x69, 0x64, 0x61, 0x20, 0x64, 0x65,
    0x76, 0x65, 0x72, 0x69, 0x61, 0x0D, 0x0A, 0x73, 0x65, 0x72, 0x76, 0x69, 0x72, 0x20, 0x64, 0x65,
    0x20, 0x6C, 0x69, 0x87, 0xC6, 0x6F, 0x20, 0x61, 0x20, 0x74, 0x6F, 0x64, 0x6F, 0x73, 0x20, 0x6F,
    0x73, 0x20, 0x71, 0x75, 0x65, 0x20, 0x73, 0x65, 0x20, 0x73, 0x65, 0x6E, 0x74, 0x65, 0x6D, 0x0D,
    0x0A, 0x74, 0x65, 0x6E, 0x74, 0x61, 0x64, 0x6F, 0x73, 0x20, 0x70, 0x65, 0x6C, 0x6F, 0x20, 0x65,
    0x73, 0x74, 0x75, 0x64, 0x6F, 0x20, 0x64, 0x6F, 0x20, 0x6F, 0x63, 0x75, 0x6C, 0x74, 0x6F, 0x2E,
    0x0D, 0x0A, 0x1A, 0x0D, 0x0A, 0x00, 0x00, 0x00, 0x00, 0xD9, 0x05, 0x00, 0x00, 0xD9, 0x05, 0x00,
    0x00, 0x00, 0x00, 0x00, 0x00, 0x23, 0x43, 0x4F, 0x20, 0x4C, 0x69, 0x76, 0x72, 0x6F, 0x20, 0x64,
    0x65, 0x20, 0x59, 0x61, 0x65, 0x6C, 0x2E, 0x0D, 0x0A, 0x23, 0x43, 0x53, 0x69, 0x6E, 0x61, 0x69,
    0x73, 0x20, 0x64, 0x65, 0x20, 0x50, 0x65, 0x64, 0x72, 0x61, 0x2E, 0x0D, 0x0A, 0x23, 0x43, 0x52,
    0x69, 0x74, 0x75, 0x61, 0x69, 0x73, 0x20, 0x45, 0x75, 0x63, 0x61, 0x72, 0xA1, 0x73, 0x74, 0x69,
    0x63, 0x6F, 0x73, 0x0D, 0x0A, 0x23, 0x43, 0x64, 0x6F, 0x73, 0x20, 0x43, 0x75, 0x6C, 0x74, 0x6F,
    0x73, 0x20, 0x50, 0x72, 0x6F, 0x69, 0x62, 0x69, 0x64, 0x6F, 0x73, 0x2E, 0x0D, 0x0A, 0x23, 0x43,
    0x2B, 0x20, 0x2B, 0x20, 0x2B, 0x20, 0x2B, 0x0D, 0x0A, 0x23, 0x43, 0x54, 0x65, 0x78, 0x74, 0x6F,
    0x73, 0x20, 0x72, 0x65, 0x75, 0x6E, 0x69, 0x64, 0x6F, 0x73, 0x20, 0x70, 0x6F, 0x72, 0x0D, 0x0A,
    0x23, 0x43, 0x4D, 0x6F, 0x6E, 0x73, 0x65, 0x6E, 0x68, 0x6F, 0x72, 0x20, 0x56, 0x61, 0x63, 0x68,
    0x65, 0x79, 0x2E, 0x0D, 0x0A, 0x23, 0x43, 0x4C, 0x65, 0x67, 0x61, 0x64, 0x6F, 0x20, 0x6E, 0x61,
    0x20, 0x43, 0xA3, 0x72, 0x69, 0x61, 0x0D, 0x0A, 0x23, 0x43, 0x64, 0x6F, 0x20, 0x56, 0x61, 0x74,
    0x69, 0x63, 0x61, 0x6E, 0x6F, 0x2E, 0x0D, 0x0A, 0x23, 0x43, 0x2B, 0x20, 0x2B, 0x20, 0x2B, 0x0D,
    0x0A, 0x23, 0x50, 0x4E, 0x75, 0x6D, 0x65, 0x72, 0x6F, 0x73, 0x6F, 0x73, 0x20, 0x63, 0x75, 0x6C,
    0x74, 0x6F, 0x73, 0x20, 0x64, 0x69, 0x61, 0x62, 0xA2, 0x6C, 0x69, 0x63, 0x6F, 0x73, 0x20, 0x66,
    0x61, 0x6C, 0x61, 0x6D, 0x20, 0x64, 0x65, 0x0D, 0x0A, 0x63, 0x72, 0x69, 0x61, 0x74, 0x75, 0x72,
    0x61, 0x73, 0x20, 0x6D, 0x6F, 0x6E, 0x73, 0x74, 0x72, 0x75, 0x6F, 0x73, 0x61, 0x73, 0x20, 0x63,
    0x68, 0x61, 0x6D, 0x61, 0x64, 0x61, 0x73, 0x20, 0x47, 0x72, 0x61, 0x6E, 0x64, 0x65, 0x73, 0x0D,
    0x0A, 0x41, 0x6E, 0x74, 0x69, 0x67, 0x6F, 0x73, 0x2E, 0x20, 0x41, 0x63, 0x72, 0x65, 0x64, 0x69,
    0x74, 0x61, 0x2D, 0x73, 0x65, 0x20, 0x71, 0x75, 0x65, 0x20, 0x65, 0x73, 0x73, 0x65, 0x73, 0x20,
    0x73, 0x65, 0x72, 0x65, 0x73, 0x0D, 0x0A, 0x73, 0x6F, 0x62, 0x72, 0x65, 0x6E, 0x61, 0x74, 0x75,
    0x72, 0x61, 0x69, 0x73, 0x20, 0x70, 0x6F, 0x73, 0x73, 0x75, 0x61, 0x6D, 0x20, 0x70, 0x6F, 0x64,
    0x65, 0x72, 0x65, 0x73, 0x0D, 0x0A, 0x65, 0x71, 0x75, 0x69, 0x76, 0x61, 0x6C, 0x65, 0x6E, 0x74,
    0x65, 0x73, 0x20, 0x61, 0x6F, 0x73, 0x20, 0x64, 0x6F, 0x73, 0x20, 0x64, 0x65, 0x75, 0x73, 0x65,
    0x73, 0x20, 0x64, 0x61, 0x73, 0x0D, 0x0A, 0x72, 0x65, 0x6C, 0x69, 0x67, 0x69, 0xE4, 0x65, 0x73,
    0x20, 0x61, 0x6E, 0x74, 0x69, 0x67, 0x61, 0x73, 0x2E, 0x20, 0x4F, 0x73, 0x20, 0x61, 0x64, 0x65,
    0x70, 0x74, 0x6F, 0x73, 0x20, 0x64, 0x65, 0x20, 0x74, 0x61, 0x69, 0x73, 0x0D, 0x0A, 0x63, 0x75,
    0x6C, 0x74, 0x6F, 0x73, 0x20, 0x72, 0x65, 0x63, 0x6F, 0x72, 0x72, 0x65, 0x6D, 0x20, 0x61, 0x20,
    0x75, 0x6D, 0x61, 0x20, 0x6C, 0x69, 0x74, 0x65, 0x72, 0x61, 0x74, 0x75, 0x72, 0x61, 0x0D, 0x0A,
    0x70, 0x72, 0x6F, 0x69, 0x62, 0x69, 0x64, 0x61, 0x20, 0x61, 0x20, 0x66, 0x69, 0x6D, 0x20, 0x64,
    0x65, 0x20, 0x66, 0x61, 0x7A, 0x65, 0x72, 0x20, 0x73, 0x75, 0x72, 0x67, 0x69, 0x72, 0x20, 0x64,
    0x69, 0x61, 0x6E, 0x74, 0x65, 0x20, 0x64, 0x65, 0x0D, 0x0A, 0x73, 0x69, 0x20, 0x65, 0x73, 0x73,
    0x61, 0x73, 0x20, 0x65, 0x6E, 0x74, 0x69, 0x64, 0x61, 0x64, 0x65, 0x73, 0x20, 0x70, 0x61, 0x76,
    0x6F, 0x72, 0x6F, 0x73, 0x61, 0x73, 0x2E, 0x0D, 0x0A, 0x23, 0x50, 0x51, 0x75, 0x65, 0x20, 0x65,
    0x73, 0x74, 0x75, 0x64, 0x69, 0x6F, 0x73, 0x6F, 0x20, 0x73, 0x82, 0x72, 0x69, 0x6F, 0x20, 0x64,
    0x6F, 0x73, 0x20, 0x6D, 0x69, 0x74, 0x6F, 0x73, 0x0D, 0x0A, 0x70, 0x6F, 0x70, 0x75, 0x6C, 0x61,
    0x72, 0x65, 0x73, 0x20, 0x6E, 0xC6, 0x6F, 0x20, 0x74, 0x65, 0x72, 0xA0, 0x20, 0x64, 0x65, 0x70,
    0x61, 0x72, 0x61, 0x64, 0x6F, 0x20, 0x63, 0x6F, 0x6D, 0x20, 0x6F, 0x73, 0x20, 0x6E, 0x6F, 0x6D,
    0x65, 0x73, 0x0D, 0x0A, 0x64, 0x65, 0x20, 0x43, 0x74, 0x68, 0x75, 0x6C, 0x68, 0x75, 0x20, 0x65,
    0x20, 0x53, 0x68, 0x75, 0x62, 0x20, 0x4E, 0x69, 0x67, 0x67, 0x75, 0x72, 0x61, 0x74, 0x68, 0x3F,
    0x0D, 0x0A, 0x23, 0x50, 0x43, 0x75, 0x6D, 0x70, 0x72, 0x65, 0x20, 0x64, 0x69, 0x7A, 0x65, 0x72,
    0x20, 0x71, 0x75, 0x65, 0x20, 0x65, 0x73, 0x73, 0x61, 0x73, 0x20, 0x63, 0x72, 0x69, 0x61, 0x74,
    0x75, 0x72, 0x61, 0x73, 0x20, 0x64, 0x65, 0x74, 0x88, 0x6D, 0x0D, 0x0A, 0x75, 0x6D, 0x20, 0x70,
    0x6F, 0x64, 0x65, 0x72, 0x20, 0x74, 0x72, 0x65, 0x6D, 0x65, 0x6E, 0x64, 0x6F, 0x20, 0x65, 0x20,
    0x73, 0xC6, 0x6F, 0x20, 0x64, 0x69, 0x66, 0xA1, 0x63, 0x65, 0x69, 0x73, 0x20, 0x64, 0x65, 0x0D,
    0x0A, 0x64, 0x6F, 0x6D, 0x69, 0x6E, 0x61, 0x72, 0x20, 0x64, 0x65, 0x70, 0x6F, 0x69, 0x73, 0x20,
    0x64, 0x65, 0x20, 0x6C, 0x69, 0x62, 0x65, 0x72, 0x74, 0x61, 0x64, 0x61, 0x73, 0x20, 0x6E, 0x6F,
    0x20, 0x6D, 0x75, 0x6E, 0x64, 0x6F, 0x2E, 0x0D, 0x0A, 0x4F, 0x73, 0x20, 0x71, 0x75, 0x65, 0x20,
    0x73, 0x65, 0x72, 0x76, 0x65, 0x6D, 0x20, 0x22, 0x41, 0x71, 0x75, 0x65, 0x6C, 0x65, 0x20, 0x71,
    0x75, 0x65, 0x20, 0x61, 0x6E, 0x64, 0x61, 0x20, 0x6E, 0x61, 0x73, 0x0D, 0x0A, 0x73, 0x6F, 0x6D,
    0x62, 0x72, 0x61, 0x73, 0x22, 0x20, 0x70, 0x72, 0x6F, 0x74, 0x65, 0x67, 0x65, 0x6D, 0x2D, 0x73,
    0x65, 0x20, 0x63, 0x6F, 0x6D, 0x20, 0x73, 0x69, 0x6E, 0x61, 0x69, 0x73, 0x20, 0x64, 0x65, 0x0D,
    0x0A, 0x70, 0x65, 0x64, 0x72, 0x61, 0x2C, 0x20, 0x65, 0x6E, 0x74, 0x61, 0x6C, 0x68, 0x61, 0x64,
    0x6F, 0x73, 0x20, 0x6E, 0x61, 0x73, 0x20, 0x70, 0x61, 0x72, 0x65, 0x64, 0x65, 0x73, 0x20, 0x64,
    0x61, 0x73, 0x20, 0x63, 0x61, 0x73, 0x61, 0x73, 0x0D, 0x0A, 0x6F, 0x75, 0x20, 0x67, 0x72, 0x61,
    0x76, 0x61, 0x64, 0x6F, 0x73, 0x20, 0x65, 0x6D, 0x20, 0x64, 0x69, 0x76, 0x65, 0x72, 0x73, 0x6F,
    0x73, 0x20, 0x6F, 0x62, 0x6A, 0x65, 0x74, 0x6F, 0x73, 0x2E, 0x0D, 0x0A, 0x23, 0x50, 0x50, 0x61,
    0x72, 0x61, 0x20, 0x65, 0x73, 0x73, 0x65, 0x73, 0x20, 0x74, 0x72, 0x61, 0x6E, 0x73, 0x76, 0x69,
    0x61, 0x64, 0x6F, 0x73, 0x20, 0x73, 0x65, 0x72, 0x76, 0x6F, 0x73, 0x20, 0x64, 0x6F, 0x20, 0x6D,
    0x61, 0x6C, 0x2C, 0x0D, 0x0A, 0x61, 0x20, 0x6D, 0x65, 0x6C, 0x68, 0x6F, 0x72, 0x20, 0x70, 0x72,
    0x6F, 0x74, 0x65, 0x87, 0xC6, 0x6F, 0x20, 0x70, 0x61, 0x72, 0x65, 0x63, 0x65, 0x20, 0x73, 0x65,
    0x72, 0x20, 0x61, 0x20, 0x71, 0x75, 0x65, 0x0D, 0x0A, 0x63, 0x6F, 0x6E, 0x66, 0x65, 0x72, 0x65,
    0x20, 0x22, 0x6F, 0x20, 0x73, 0x69, 0x6E, 0x61, 0x6C, 0x20, 0x64, 0x6F, 0x73, 0x20, 0x64, 0x65,
    0x75, 0x73, 0x65, 0x73, 0x20, 0x6D, 0x61, 0x69, 0x73, 0x0D, 0x0A, 0x61, 0x6E, 0x74, 0x69, 0x67,
    0x6F, 0x73, 0x22, 0x2C, 0x20, 0x67, 0x72, 0x61, 0x76, 0x61, 0x64, 0x6F, 0x20, 0x65, 0x6D, 0x20,
    0x70, 0x65, 0x64, 0x72, 0x61, 0x20, 0x64, 0x65, 0x20, 0x4D, 0x4E, 0x41, 0x52, 0x2C, 0x0D, 0x0A,
    0x6D, 0x61, 0x74, 0x65, 0x72, 0x69, 0x61, 0x6C, 0x20, 0x70, 0x65, 0x73, 0x61, 0x64, 0x6F, 0x2C,
    0x20, 0x64, 0x69, 0x74, 0x6F, 0x20, 0x64, 0x65, 0x73, 0x61, 0x67, 0x72, 0x61, 0x64, 0xA0, 0x76,
    0x65, 0x6C, 0x20, 0x61, 0x6F, 0x0D, 0x0A, 0x74, 0x6F, 0x71, 0x75, 0x65, 0x2E, 0x0D, 0x0A, 0x23,
    0x47, 0x30, 0x0D, 0x0A, 0x23, 0x50, 0x41, 0x73, 0x20, 0x70, 0x72, 0xA0, 0x74, 0x69, 0x63, 0x61,
    0x73, 0x20, 0x70, 0x65, 0x63, 0x61, 0x6D, 0x69, 0x6E, 0x6F, 0x73, 0x61, 0x73, 0x20, 0x64, 0x61,
    0x71, 0x75, 0x65, 0x6C, 0x65, 0x73, 0x20, 0x71, 0x75, 0x65, 0x0D, 0x0A, 0x63, 0x61, 0x65, 0x6D,
    0x20, 0x65, 0x6D, 0x20, 0x74, 0x61, 0x69, 0x73, 0x20, 0x65, 0x72, 0x72, 0x6F, 0x73, 0x20, 0x73,
    0xA2, 0x20, 0x70, 0x6F, 0x64, 0x65, 0x6D, 0x20, 0x6C, 0x65, 0x76, 0x61, 0x72, 0x20, 0x61, 0x6F,
    0x0D, 0x0A, 0x6D, 0x61, 0x69, 0x73, 0x20, 0x73, 0x6F, 0x6D, 0x62, 0x72, 0x69, 0x6F, 0x20, 0x64,
    0x65, 0x73, 0x65, 0x73, 0x70, 0x65, 0x72, 0x6F, 0x20, 0x65, 0x20, 0x73, 0xC6, 0x6F, 0x20, 0x75,
    0x6D, 0x20, 0x70, 0x65, 0x72, 0x69, 0x67, 0x6F, 0x0D, 0x0A, 0x6D, 0x6F, 0x72, 0x74, 0x61, 0x6C,
    0x20, 0x70, 0x61, 0x72, 0x61, 0x20, 0x61, 0x20, 0x61, 0x6C, 0x6D, 0x61, 0x2E, 0x20, 0x4D, 0x6F,
    0x6E, 0x73, 0x74, 0x72, 0x6F, 0x73, 0x20, 0x63, 0x6F, 0x6D, 0x6F, 0x20, 0x6F, 0x73, 0x20, 0x71,
    0x75, 0x65, 0x0D, 0x0A, 0x65, 0x73, 0x73, 0x65, 0x73, 0x20, 0x74, 0x65, 0x6D, 0x65, 0x72, 0xA0,
    0x72, 0x69, 0x6F, 0x73, 0x20, 0x69, 0x6E, 0x76, 0x6F, 0x63, 0x61, 0x6D, 0x20, 0x73, 0xC6, 0x6F,
    0x20, 0x65, 0x6E, 0x67, 0x65, 0x6E, 0x64, 0x72, 0x61, 0x64, 0x6F, 0x73, 0x0D, 0x0A, 0x71, 0x75,
    0x61, 0x6E, 0x64, 0x6F, 0x20, 0x61, 0x20, 0x72, 0x61, 0x7A, 0xC6, 0x6F, 0x20, 0x62, 0x61, 0x69,
    0x78, 0x61, 0x20, 0x61, 0x20, 0x67, 0x75, 0x61, 0x72, 0x64, 0x61, 0x2E, 0x20, 0x4F, 0x20, 0x68,
    0x6F, 0x6D, 0x65, 0x6D, 0x20, 0x82, 0x0D, 0x0A, 0x66, 0x61, 0x63, 0x69, 0x6C, 0x6D, 0x65, 0x6E,
    0x74, 0x65, 0x20, 0x74, 0x65, 0x6E, 0x74, 0x61, 0x64, 0x6F, 0x20, 0x85, 0x20, 0x70, 0x65, 0x72,
    0x76, 0x65, 0x72, 0x73, 0xC6, 0x6F, 0x2E, 0x0D, 0x0A, 0x23, 0x50, 0x45, 0x69, 0x73, 0x20, 0x70,
    0x6F, 0x72, 0x20, 0x71, 0x75, 0x65, 0x20, 0x64, 0x65, 0x76, 0x65, 0x6D, 0x6F, 0x73, 0x20, 0x70,
    0x65, 0x72, 0x6D, 0x61, 0x6E, 0x65, 0x63, 0x65, 0x72, 0x20, 0x73, 0x65, 0x6D, 0x70, 0x72, 0x65,
    0x0D, 0x0A, 0x76, 0x69, 0x67, 0x69, 0x6C, 0x61, 0x6E, 0x74, 0x65, 0x73, 0x20, 0x65, 0x20, 0x72,
    0x65, 0x6E, 0x75, 0x6E, 0x63, 0x69, 0x61, 0x72, 0x20, 0x61, 0x20, 0x53, 0x61, 0x74, 0x61, 0x6E,
    0xA0, 0x73, 0x20, 0x61, 0x20, 0x63, 0x61, 0x64, 0x61, 0x0D, 0x0A, 0x66, 0x93, 0x6C, 0x65, 0x67,
    0x6F, 0x2E, 0x20, 0x53, 0x65, 0x75, 0x73, 0x20, 0x63, 0x61, 0x6D, 0x69, 0x6E, 0x68, 0x6F, 0x73,
    0x20, 0x73, 0xC6, 0x6F, 0x20, 0x65, 0x6D, 0x20, 0x6E, 0xA3, 0x6D, 0x65, 0x72, 0x6F, 0x0D, 0x0A,
    0x69, 0x6E, 0x66, 0x69, 0x6E, 0x69, 0x74, 0x6F, 0x2E, 0x0D, 0x0A, 0x1A, 0x0D, 0x0A, 0x00, 0x00,
    0x00, 0x00, 0x7C, 0x08, 0x00, 0x00, 0x7C, 0x08, 0x00, 0x00, 0x00, 0x00, 0x00, 0x00, 0x0D, 0x0A,
    0x0D, 0x0A, 0x0D, 0x0A, 0x0D, 0x0A, 0x23, 0x43, 0x4F, 0x20, 0x50, 0x75, 0x6E, 0x68, 0x61, 0x6C,
    0x20, 0x64, 0x6F, 0x20, 0x53, 0x61, 0x63, 0x72, 0x69, 0x66, 0xA1, 0x63, 0x69, 0x6F, 0x2E, 0x0D,
    0x0A, 0x23, 0x43, 0x2A, 0x20, 0x2A, 0x20, 0x2A, 0x20, 0x2A, 0x0D, 0x0A, 0x23, 0x43, 0x4F, 0x74,
    0x74, 0x6F, 0x20, 0x53, 0x74, 0x65, 0x72, 0x6E, 0x2E, 0x0D, 0x0A, 0x23, 0x43, 0x2A, 0x20, 0x2A,
    0x20, 0x2A, 0x0D, 0x0A, 0x23, 0x43, 0x45, 0x64, 0x69, 0x87, 0xE4, 0x65, 0x73, 0x20, 0x4C, 0x75,
    0x6D, 0x69, 0x6E, 0x61, 0x2E, 0x0D, 0x0A, 0x23, 0x43, 0x20, 0x2A, 0x20, 0x20, 0x2A, 0x20, 0x20,
    0x2A, 0x0D, 0x0A, 0x23, 0x50, 0x41, 0x20, 0x69, 0x6D, 0x70, 0x6F, 0x72, 0x74, 0x83, 0x6E, 0x63,
    0x69, 0x61, 0x20, 0x61, 0x74, 0x72, 0x69, 0x62, 0x75, 0xA1, 0x64, 0x61, 0x20, 0x61, 0x6F, 0x20,
    0x73, 0x61, 0x63, 0x72, 0x69, 0x66, 0xA1, 0x63, 0x69, 0x6F, 0x0D, 0x0A, 0x72, 0x69, 0x74, 0x75,
    0x61, 0x6C, 0x20, 0x82, 0x20, 0x75, 0x6D, 0x61, 0x20, 0x63, 0x6F, 0x6E, 0x73, 0x74, 0x61, 0x6E,
    0x74, 0x65, 0x20, 0x6E, 0x61, 0x20, 0x70, 0x72, 0xA0, 0x74, 0x69, 0x63, 0x61, 0x20, 0x64, 0x6F,
    0x73, 0x0D, 0x0A, 0x63, 0x75, 0x6C, 0x74, 0x6F, 0x73, 0x20, 0x72, 0x65, 0x6C, 0x69, 0x67, 0x69,
    0x6F, 0x73, 0x6F, 0x73, 0x2E, 0x20, 0x50, 0x72, 0x6F, 0x70, 0x69, 0x63, 0x69, 0x61, 0x72, 0x20,
    0x6F, 0x73, 0x20, 0x64, 0x65, 0x75, 0x73, 0x65, 0x73, 0x20, 0x82, 0x0D, 0x0A, 0x74, 0x65, 0x6D,
    0x61, 0x20, 0x63, 0x6F, 0x6D, 0x75, 0x6D, 0x20, 0x61, 0x20, 0x6D, 0x75, 0x69, 0x74, 0x61, 0x73,
    0x20, 0x72, 0x65, 0x6C, 0x69, 0x67, 0x69, 0xE4, 0x65, 0x73, 0x3B, 0x20, 0x6F, 0x20, 0x41, 0x6E,
    0x74, 0x69, 0x67, 0x6F, 0x0D, 0x0A, 0x54, 0x65, 0x73, 0x74, 0x61, 0x6D, 0x65, 0x6E, 0x74, 0x6F,
    0x20, 0x6F, 0x66, 0x65, 0x72, 0x65, 0x63, 0x65, 0x20, 0x6E, 0x75, 0x6D, 0x65, 0x72, 0x6F, 0x73,
    0x6F, 0x73, 0x20, 0x65, 0x78, 0x65, 0x6D, 0x70, 0x6C, 0x6F, 0x73, 0x2E, 0x0D, 0x0A, 0x4F, 0x73,
    0x20, 0x73, 0x69, 0x73, 0x74, 0x65, 0x6D, 0x61, 0x73, 0x20, 0x64, 0x65, 0x20, 0x63, 0x72, 0x65,
    0x6E, 0x87, 0x61, 0x20, 0x70, 0x6F, 0x6C, 0x69, 0x74, 0x65, 0xA1, 0x73, 0x74, 0x61, 0x73, 0x0D,
    0x0A, 0x70, 0x72, 0x69, 0x6D, 0x69, 0x74, 0x69, 0x76, 0x6F, 0x73, 0x20, 0x69, 0x6E, 0x74, 0x65,
    0x67, 0x72, 0x61, 0x6D, 0x20, 0x6F, 0x20, 0x73, 0x61, 0x63, 0x72, 0x69, 0x66, 0xA1, 0x63, 0x69,
    0x6F, 0x20, 0x65, 0x6D, 0x20, 0x73, 0x65, 0x75, 0x73, 0x0D, 0x0A, 0x72, 0x69, 0x74, 0x75, 0x61,
    0x69, 0x73, 0x20, 0x63, 0x6F, 0x6D, 0x6F, 0x20, 0x70, 0x61, 0x72, 0x74, 0x65, 0x20, 0x64, 0x6F,
    0x20, 0x70, 0x72, 0x6F, 0x63, 0x65, 0x73, 0x73, 0x6F, 0x0D, 0x0A, 0x72, 0x65, 0x63, 0x6F, 0x72,
    0x72, 0x65, 0x6E, 0x74, 0x65, 0x20, 0x64, 0x65, 0x20, 0x72, 0x65, 0x61, 0x66, 0x69, 0x72, 0x6D,
    0x61, 0x87, 0xC6, 0x6F, 0x20, 0x65, 0x2C, 0x0D, 0x0A, 0x6E, 0x61, 0x74, 0x75, 0x72, 0x61, 0x6C,
    0x6D, 0x65, 0x6E, 0x74, 0x65, 0x2C, 0x20, 0x64, 0x65, 0x20, 0x63, 0x6F, 0x65, 0x73, 0xC6, 0x6F,
    0x20, 0x64, 0x6F, 0x20, 0x67, 0x72, 0x75, 0x70, 0x6F, 0x2E, 0x0D, 0x0A, 0x23, 0x50, 0x23, 0x54,
    0x4F, 0x73, 0x20, 0x6D, 0x65, 0x6D, 0x62, 0x72, 0x6F, 0x73, 0x20, 0x64, 0x61, 0x20, 0x63, 0x6F,
    0x6D, 0x75, 0x6E, 0x69, 0x64, 0x61, 0x64, 0x65, 0x20, 0x73, 0x6F, 0x63, 0x69, 0x61, 0x6C, 0x20,
    0x65, 0x0D, 0x0A, 0x72, 0x65, 0x6C, 0x69, 0x67, 0x69, 0x6F, 0x73, 0x61, 0x20, 0x72, 0x65, 0xA3,
    0x6E, 0x65, 0x6D, 0x2D, 0x73, 0x65, 0x20, 0x6E, 0x75, 0x6D, 0x20, 0x61, 0x74, 0x6F, 0x20, 0x64,
    0x65, 0x0D, 0x0A, 0x70, 0x75, 0x72, 0x69, 0x66, 0x69, 0x63, 0x61, 0x87, 0xC6, 0x6F, 0x20, 0x65,
    0x20, 0x65, 0x78, 0x70, 0x69, 0x61, 0x87, 0xC6, 0x6F, 0x2E, 0x0D, 0x0A, 0x23, 0x50, 0x53, 0x65,
    0x72, 0x69, 0x61, 0x20, 0x65, 0x72, 0x72, 0x93, 0x6E, 0x65, 0x6F, 0x20, 0x69, 0x6D, 0x61, 0x67,
    0x69, 0x6E, 0x61, 0x72, 0x20, 0x6F, 0x20, 0x61, 0x74, 0x6F, 0x20, 0x64, 0x6F, 0x0D, 0x0A, 0x73,
    0x61, 0x63, 0x72, 0x69, 0x66, 0xA1, 0x63, 0x69, 0x6F, 0x20, 0x68, 0x75, 0x6D, 0x61, 0x6E, 0x6F,
    0x2C, 0x20, 0x71, 0x75, 0x65, 0x20, 0x75, 0x6E, 0x65, 0x20, 0x73, 0x61, 0x63, 0x65, 0x72, 0x64,
    0x6F, 0x74, 0x65, 0x2C, 0x0D, 0x0A, 0x6F, 0x66, 0x65, 0x72, 0x65, 0x6E, 0x64, 0x61, 0x20, 0x65,
    0x20, 0x64, 0x65, 0x75, 0x73, 0x20, 0x28, 0x63, 0x66, 0x2E, 0x20, 0x4D, 0x61, 0x6E, 0x7A, 0x65,
    0x74, 0x74, 0x69, 0x2C, 0x20, 0x22, 0x43, 0x75, 0x6C, 0x74, 0x6F, 0x73, 0x0D, 0x0A, 0x64, 0x65,
    0x20, 0x50, 0x65, 0x64, 0x72, 0x61, 0x22, 0x29, 0x2C, 0x20, 0x63, 0x6F, 0x6D, 0x6F, 0x20, 0x61,
    0x6C, 0x67, 0x6F, 0x20, 0x6D, 0x65, 0x6E, 0x6F, 0x73, 0x20, 0x71, 0x75, 0x65, 0x20, 0x75, 0x6D,
    0x61, 0x0D, 0x0A, 0x63, 0x6F, 0x6E, 0x63, 0x65, 0x6E, 0x74, 0x72, 0x61, 0x87, 0xC6, 0x6F, 0x20,
    0x76, 0x69, 0x74, 0x61, 0x6C, 0x20, 0x64, 0x61, 0x20, 0x66, 0x82, 0x20, 0x64, 0x6F, 0x20, 0x67,
    0x72, 0x75, 0x70, 0x6F, 0x2E, 0x0D, 0x0A, 0x23, 0x54, 0x4F, 0x20, 0x61, 0x74, 0x6F, 0x20, 0x61,
    0x73, 0x73, 0x65, 0x67, 0x75, 0x72, 0x61, 0x20, 0x74, 0x61, 0x6D, 0x62, 0x82, 0x6D, 0x20, 0x6F,
    0x20, 0x63, 0x6F, 0x6E, 0x74, 0xA1, 0x6E, 0x75, 0x6F, 0x0D, 0x0A, 0x61, 0x70, 0x61, 0x7A, 0x69,
    0x67, 0x75, 0x61, 0x6D, 0x65, 0x6E, 0x74, 0x6F, 0x20, 0x64, 0x6F, 0x20, 0x64, 0x65, 0x75, 0x73,
    0x2C, 0x20, 0x6D, 0x61, 0x73, 0x20, 0x73, 0x6F, 0x6D, 0x65, 0x6E, 0x74, 0x65, 0x20, 0x73, 0x65,
    0x0D, 0x0A, 0x70, 0x72, 0x61, 0x74, 0x69, 0x63, 0x61, 0x64, 0x6F, 0x20, 0x70, 0x6F, 0x72, 0x20,
    0x75, 0x6D, 0x20, 0x73, 0x61, 0x63, 0x65, 0x72, 0x64, 0x6F, 0x74, 0x65, 0x20, 0x6F, 0x66, 0x69,
    0x63, 0x69, 0x61, 0x6E, 0x74, 0x65, 0x0D, 0x0A, 0x72, 0x65, 0x63, 0x6F, 0x6E, 0x68, 0x65, 0x63,
    0x69, 0x64, 0x6F, 0x2C, 0x20, 0x63, 0x6F, 0x6D, 0x20, 0x6F, 0x20, 0x69, 0x6E, 0x73, 0x74, 0x72,
    0x75, 0x6D, 0x65, 0x6E, 0x74, 0x6F, 0x0D, 0x0A, 0x61, 0x70, 0x72, 0x6F, 0x70, 0x72, 0x69, 0x61,
    0x64, 0x6F, 0x2E, 0x0D, 0x0A, 0x23, 0x50, 0x23, 0x54, 0x4F, 0x73, 0x20, 0x65, 0x73, 0x74, 0x75,
    0x64, 0x6F, 0x73, 0x20, 0x66, 0x65, 0x69, 0x74, 0x6F, 0x73, 0x20, 0x61, 0x63, 0x65, 0x72, 0x63,
    0x61, 0x20, 0x64, 0x65, 0x20, 0x67, 0x72, 0x75, 0x70, 0x6F, 0x73, 0x0D, 0x0A, 0x72, 0x65, 0x6C,
    0x69, 0x67, 0x69, 0x6F, 0x73, 0x6F, 0x73, 0x20, 0x70, 0x72, 0x69, 0x6D, 0x69, 0x74, 0x69, 0x76,
    0x6F, 0x73, 0x20, 0x61, 0x74, 0x65, 0x73, 0x74, 0x61, 0x6D, 0x20, 0x6F, 0x20, 0x70, 0x61, 0x70,
    0x65, 0x6C, 0x0D, 0x0A, 0x63, 0x65, 0x6E, 0x74, 0x72, 0x61, 0x6C, 0x20, 0x64, 0x6F, 0x20, 0x73,
    0x61, 0x63, 0x72, 0x69, 0x66, 0xA1, 0x63, 0x69, 0x6F, 0x20, 0x6E, 0x6F, 0x20, 0x72, 0x69, 0x74,
    0x75, 0x61, 0x6C, 0x20, 0x76, 0x69, 0x76, 0x6F, 0x2E, 0x0D, 0x0A, 0x23, 0x50, 0x4D, 0x65, 0x75,
    0x20, 0x70, 0x72, 0xA2, 0x70, 0x72, 0x69, 0x6F, 0x20, 0x74, 0x72, 0x61, 0x62, 0x61, 0x6C, 0x68,
    0x6F, 0x20, 0x6E, 0x6F, 0x20, 0x63, 0x61, 0x6D, 0x70, 0x6F, 0x20, 0x64, 0x61, 0x0D, 0x0A, 0x65,
    0x74, 0x6E, 0x6F, 0x70, 0x73, 0x69, 0x63, 0x6F, 0x6C, 0x6F, 0x67, 0x69, 0x61, 0x20, 0x70, 0x93,
    0x73, 0x2D, 0x6D, 0x65, 0x20, 0x65, 0x6D, 0x20, 0x63, 0x6F, 0x6E, 0x74, 0x61, 0x74, 0x6F, 0x20,
    0x63, 0x6F, 0x6D, 0x20, 0x75, 0x6D, 0x0D, 0x0A, 0x66, 0x65, 0x69, 0x74, 0x69, 0x63, 0x65, 0x69,
    0x72, 0x6F, 0x20, 0x71, 0x75, 0x65, 0x20, 0x76, 0x69, 0x76, 0x69, 0x61, 0x20, 0x6E, 0x61, 0x20,
    0x72, 0x65, 0x67, 0x69, 0xC6, 0x6F, 0x20, 0x64, 0x65, 0x0D, 0x0A, 0x41, 0x72, 0x6B, 0x68, 0x61,
    0x6D, 0x2E, 0x20, 0x45, 0x6C, 0x65, 0x20, 0x6D, 0x65, 0x20, 0x69, 0x6E, 0x69, 0x63, 0x69, 0x6F,
    0x75, 0x20, 0x6E, 0x6F, 0x20, 0x22, 0x72, 0x69, 0x74, 0x6F, 0x20, 0x64, 0x6F, 0x20, 0x61, 0x87,
    0x6F, 0x22, 0x2C, 0x0D, 0x0A, 0x6C, 0x69, 0x67, 0x61, 0x64, 0x6F, 0x20, 0x61, 0x20, 0x75, 0x6D,
    0x61, 0x20, 0x63, 0x65, 0x72, 0x69, 0x6D, 0x93, 0x6E, 0x69, 0x61, 0x20, 0x63, 0x6F, 0x6E, 0x68,
    0x65, 0x63, 0x69, 0x64, 0x61, 0x20, 0x63, 0x6F, 0x6D, 0x6F, 0x0D, 0x0A, 0x22, 0x41, 0x64, 0x6F,
    0x72, 0x61, 0x87, 0xC6, 0x6F, 0x20, 0x64, 0x61, 0x20, 0x43, 0x61, 0x62, 0x72, 0x61, 0x20, 0x4E,
    0x65, 0x67, 0x72, 0x61, 0x20, 0x64, 0x6F, 0x73, 0x20, 0x42, 0x6F, 0x73, 0x71, 0x75, 0x65, 0x73,
    0x20, 0x63, 0x6F, 0x6D, 0x0D, 0x0A, 0x4D, 0x69, 0x6C, 0x20, 0x43, 0x72, 0x69, 0x61, 0x73, 0x22,
    0x2E, 0x20, 0x4F, 0x20, 0x64, 0x65, 0x75, 0x73, 0x20, 0x61, 0x64, 0x6F, 0x72, 0x61, 0x64, 0x6F,
    0x20, 0x82, 0x20, 0x63, 0x6F, 0x6E, 0x68, 0x65, 0x63, 0x69, 0x64, 0x6F, 0x0D, 0x0A, 0x63, 0x6F,
    0x6D, 0x6F, 0x20, 0x6F, 0x20, 0x45, 0x72, 0x72, 0x61, 0x6E, 0x74, 0x65, 0x2E, 0x0D, 0x0A, 0x23,
    0x50, 0x23, 0x54, 0x41, 0x71, 0x75, 0x69, 0x2C, 0x20, 0x6F, 0x20, 0x70, 0x61, 0x70, 0x65, 0x6C,
    0x20, 0x64, 0x6F, 0x20, 0x70, 0x75, 0x6E, 0x68, 0x61, 0x6C, 0x2C, 0x20, 0x71, 0x75, 0x65, 0x20,
    0x70, 0x65, 0x72, 0x6D, 0x69, 0x74, 0x65, 0x0D, 0x0A, 0x61, 0x6F, 0x20, 0x73, 0x6F, 0x70, 0x72,
    0x6F, 0x20, 0x76, 0x69, 0x74, 0x61, 0x6C, 0x20, 0x70, 0x61, 0x73, 0x73, 0x61, 0x72, 0x20, 0x64,
    0x65, 0x20, 0x75, 0x6D, 0x61, 0x20, 0x64, 0x69, 0x6D, 0x65, 0x6E, 0x73, 0xC6, 0x6F, 0x20, 0x61,
    0x0D, 0x0A, 0x6F, 0x75, 0x74, 0x72, 0x61, 0x2C, 0x20, 0x82, 0x20, 0x65, 0x73, 0x73, 0x65, 0x6E,
    0x63, 0x69, 0x61, 0x6C, 0x2E, 0x0D, 0x0A, 0x23, 0x50, 0x4F, 0x20, 0x45, 0x72, 0x72, 0x61, 0x6E,
    0x74, 0x65, 0x20, 0x82, 0x20, 0x75, 0x6D, 0x61, 0x20, 0x66, 0x69, 0x67, 0x75, 0x72, 0x61, 0x20,
    0x61, 0x73, 0x73, 0x75, 0x73, 0x74, 0x61, 0x64, 0x6F, 0x72, 0x61, 0x2C, 0x0D, 0x0A, 0x63, 0x61,
    0x70, 0x61, 0x7A, 0x20, 0x64, 0x65, 0x20, 0x6D, 0x6F, 0x76, 0x65, 0x72, 0x2D, 0x73, 0x65, 0x20,
    0x70, 0x61, 0x72, 0x61, 0x20, 0x6F, 0x6E, 0x64, 0x65, 0x20, 0x71, 0x75, 0x69, 0x73, 0x65, 0x72,
    0x20, 0x65, 0x20, 0x64, 0x65, 0x0D, 0x0A, 0x6D, 0x61, 0x74, 0x61, 0x72, 0x20, 0x61, 0x71, 0x75,
    0x65, 0x6C, 0x65, 0x73, 0x20, 0x71, 0x75, 0x65, 0x20, 0x64, 0x65, 0x73, 0x61, 0x67, 0x72, 0x61,
    0x64, 0x61, 0x72, 0x61, 0x6D, 0x20, 0x85, 0x0D, 0x0A, 0x64, 0x69, 0x76, 0x69, 0x6E, 0x64, 0x61,
    0x64, 0x65, 0x2D, 0x63, 0x61, 0x62, 0x72, 0x61, 0x2C, 0x20, 0x64, 0x65, 0x20, 0x71, 0x75, 0x65,
    0x6D, 0x20, 0x82, 0x20, 0x6F, 0x0D, 0x0A, 0x69, 0x6E, 0x74, 0x65, 0x72, 0x6D, 0x65, 0x64, 0x69,
    0xA0, 0x72, 0x69, 0x6F, 0x2E, 0x20, 0x41, 0x20, 0x63, 0x61, 0x62, 0x72, 0x61, 0x20, 0x82, 0x20,
    0x63, 0x6C, 0x61, 0x72, 0x61, 0x6D, 0x65, 0x6E, 0x74, 0x65, 0x20, 0x75, 0x6D, 0x61, 0x0D, 0x0A,
    0x64, 0x69, 0x76, 0x69, 0x6E, 0x64, 0x61, 0x64, 0x65, 0x20, 0x64, 0x61, 0x20, 0x66, 0x65, 0x72,
    0x74, 0x69, 0x6C, 0x69, 0x64, 0x61, 0x64, 0x65, 0x2E, 0x20, 0x4F, 0x20, 0x73, 0x61, 0x63, 0x65,
    0x72, 0x64, 0x6F, 0x74, 0x65, 0x2C, 0x0D, 0x0A, 0x64, 0x65, 0x70, 0x6F, 0x69, 0x73, 0x20, 0x64,
    0x65, 0x20, 0x70, 0x72, 0x6F, 0x6E, 0x75, 0x6E, 0x63, 0x69, 0x61, 0x72, 0x20, 0x61, 0x20, 0x69,
    0x6E, 0x76, 0x6F, 0x63, 0x61, 0x87, 0xC6, 0x6F, 0x2C, 0x20, 0x64, 0x65, 0x76, 0x65, 0x0D, 0x0A,
    0x65, 0x73, 0x63, 0x6F, 0x6C, 0x68, 0x65, 0x72, 0x20, 0x6F, 0x20, 0x70, 0x75, 0x6E, 0x68, 0x61,
    0x6C, 0x20, 0x61, 0x64, 0x65, 0x71, 0x75, 0x61, 0x64, 0x6F, 0x20, 0x61, 0x6F, 0x0D, 0x0A, 0x73,
    0x61, 0x63, 0x72, 0x69, 0x66, 0xA1, 0x63, 0x69, 0x6F, 0x2E, 0x0D, 0x0A, 0x23, 0x50, 0x4F, 0x20,
    0x70, 0x75, 0x6E, 0x68, 0x61, 0x6C, 0x20, 0x64, 0x65, 0x20, 0x6C, 0x83, 0x6D, 0x69, 0x6E, 0x61,
    0x20, 0x73, 0x69, 0x6E, 0x75, 0x73, 0x6F, 0x69, 0x64, 0x61, 0x6C, 0x2C, 0x20, 0x71, 0x75, 0x65,
    0x0D, 0x0A, 0x64, 0x65, 0x76, 0x65, 0x20, 0x73, 0x65, 0x72, 0x20, 0x6D, 0x65, 0x72, 0x67, 0x75,
    0x6C, 0x68, 0x61, 0x64, 0x6F, 0x20, 0x73, 0x65, 0x74, 0x65, 0x20, 0x76, 0x65, 0x7A, 0x65, 0x73,
    0x2C, 0x20, 0x6E, 0x61, 0x73, 0x0D, 0x0A, 0x6E, 0x6F, 0x69, 0x74, 0x65, 0x73, 0x20, 0x64, 0x65,
    0x20, 0x6C, 0x75, 0x61, 0x20, 0x63, 0x68, 0x65, 0x69, 0x61, 0x2C, 0x20, 0x65, 0x6D, 0x20, 0xA0,
    0x67, 0x75, 0x61, 0x20, 0x64, 0x65, 0x73, 0x74, 0x69, 0x6C, 0x61, 0x64, 0x61, 0x0D, 0x0A, 0x63,
    0x65, 0x6D, 0x20, 0x76, 0x65, 0x7A, 0x65, 0x73, 0x2C, 0x20, 0x73, 0x65, 0x72, 0xA0, 0x20, 0x70,
    0x6F, 0x73, 0x74, 0x6F, 0x20, 0x64, 0x65, 0x20, 0x6C, 0x61, 0x64, 0x6F, 0x2C, 0x20, 0x70, 0x6F,
    0x69, 0x73, 0x0D, 0x0A, 0x6D, 0x61, 0x6E, 0x64, 0x61, 0x72, 0x69, 0x61, 0x20, 0x6F, 0x20, 0x45,
    0x72, 0x72, 0x61, 0x6E, 0x74, 0x65, 0x20, 0x64, 0x65, 0x20, 0x76, 0x6F, 0x6C, 0x74, 0x61, 0x20,
    0x85, 0x20, 0x73, 0x75, 0x61, 0x0D, 0x0A, 0x70, 0x72, 0xA2, 0x70, 0x72, 0x69, 0x61, 0x20, 0x64,
    0x69, 0x6D, 0x65, 0x6E, 0x73, 0xC6, 0x6F, 0x20, 0x28, 0x76, 0x65, 0x72, 0x20, 0x69, 0x6C, 0x75,
    0x73, 0x74, 0x72, 0x61, 0x87, 0xC6, 0x6F, 0x29, 0x2E, 0x0D, 0x0A, 0x23, 0x47, 0x31, 0x0D, 0x0A,
    0x23, 0x50, 0x4F, 0x20, 0x73, 0x61, 0x63, 0x65, 0x72, 0x64, 0x6F, 0x74, 0x65, 0x20, 0x65, 0x73,
    0x63, 0x6F, 0x6C, 0x68, 0x65, 0x72, 0xA0, 0x20, 0x61, 0x6E, 0x74, 0x65, 0x73, 0x20, 0x6F, 0x20,
    0x70, 0x75, 0x6E, 0x68, 0x61, 0x6C, 0x0D, 0x0A, 0x64, 0x65, 0x20, 0x6C, 0x83, 0x6D, 0x69, 0x6E,
    0x61, 0x20, 0x63, 0x75, 0x72, 0x76, 0x61, 0x2C, 0x20, 0x6D, 0x61, 0x69, 0x73, 0x20, 0x61, 0x70,
    0x72, 0x6F, 0x70, 0x72, 0x69, 0x61, 0x64, 0x6F, 0x20, 0x70, 0x61, 0x72, 0x61, 0x0D, 0x0A, 0x64,
    0x65, 0x67, 0x6F, 0x6C, 0x61, 0x72, 0x20, 0x6F, 0x20, 0x63, 0x6F, 0x72, 0x64, 0x65, 0x69, 0x72,
    0x6F, 0x2E, 0x20, 0x45, 0x73, 0x73, 0x65, 0x20, 0x61, 0x74, 0x6F, 0x20, 0x74, 0x72, 0x61, 0x6E,
    0x73, 0x66, 0x69, 0x67, 0x75, 0x72, 0x61, 0x0D, 0x0A, 0x6F, 0x20, 0x73, 0x61, 0x63, 0x65, 0x72,
    0x64, 0x6F, 0x74, 0x65, 0x2D, 0x66, 0x65, 0x69, 0x74, 0x69, 0x63, 0x65, 0x69, 0x72, 0x6F, 0x20,
    0x65, 0x20, 0x6D, 0x65, 0x72, 0x67, 0x75, 0x6C, 0x68, 0x61, 0x20, 0x6F, 0x73, 0x0D, 0x0A, 0x66,
    0x69, 0x82, 0x69, 0x73, 0x20, 0x72, 0x65, 0x75, 0x6E, 0x69, 0x64, 0x6F, 0x73, 0x20, 0x6E, 0x75,
    0x6D, 0x20, 0x74, 0x72, 0x61, 0x6E, 0x73, 0x65, 0x20, 0x64, 0x69, 0x76, 0x69, 0x6E, 0x6F, 0x2E,
    0x0D, 0x0A, 0x23, 0x47, 0x32, 0x0D, 0x0A, 0x1A, 0x0D, 0x0A, 0x00, 0x00, 0x00, 0x00, 0x1A, 0x01,
    0x00, 0x00, 0x1A, 0x01, 0x00, 0x00, 0x00, 0x00, 0x00, 0x00, 0x0D, 0x0A, 0x0D, 0x0A, 0x0D, 0x0A,
    0x23, 0x43, 0x4C, 0x75, 0x64, 0x77, 0x69, 0x67, 0x20, 0x50, 0x72, 0x69, 0x6E, 0x6E, 0x0D, 0x0A,
    0x23, 0x43, 0x7E, 0x7E, 0x7E, 0x7E, 0x7E, 0x7E, 0x7E, 0x7E, 0x7E, 0x7E, 0x7E, 0x0D, 0x0A, 0x0D,
    0x0A, 0x23, 0x43, 0x44, 0x65, 0x20, 0x76, 0x65, 0x72, 0x6D, 0x69, 0x73, 0x0D, 0x0A, 0x23, 0x43,
    0x4D, 0x79, 0x73, 0x74, 0x65, 0x72, 0x69, 0x69, 0x73, 0x0D, 0x0A, 0x23, 0x43, 0x7E, 0x7E, 0x7E,
    0x7E, 0x7E, 0x7E, 0x7E, 0x7E, 0x7E, 0x7E, 0x7E, 0x7E, 0x0D, 0x0A, 0x23, 0x50, 0x0D, 0x0A, 0x0D,
    0x0A, 0x0D, 0x0A, 0x49, 0x6E, 0x20, 0x6E, 0x6F, 0x6D, 0x69, 0x6E, 0x65, 0x20, 0x69, 0x6E, 0x76,
    0x6F, 0x63, 0x61, 0x74, 0x6F, 0x72, 0x69, 0x73, 0x2C, 0x20, 0x73, 0x69, 0x20, 0x6E, 0x6F, 0x6E,
    0x0D, 0x0A, 0x73, 0x61, 0x6E, 0x63, 0x74, 0x69, 0x66, 0x69, 0x63, 0x61, 0x74, 0x75, 0x73, 0x20,
    0x65, 0x73, 0x2C, 0x20, 0x63, 0x61, 0x76, 0x65, 0x2E, 0x0D, 0x0A, 0x0D, 0x0A, 0x44, 0x65, 0x20,
    0x76, 0x65, 0x72, 0x6D, 0x69, 0x73, 0x20, 0x6D, 0x79, 0x73, 0x74, 0x65, 0x72, 0x69, 0x69, 0x73,
    0x20, 0x6E, 0x6F, 0x6E, 0x20, 0x61, 0x62, 0x73, 0x6F, 0x6C, 0x76, 0x6F, 0x20, 0x66, 0x6F, 0x6C,
    0x6C, 0x65, 0x6D, 0x0D, 0x0A, 0x6C, 0x65, 0x67, 0x65, 0x6E, 0x64, 0x75, 0x6D, 0x20, 0x66, 0x61,
    0x74, 0x75, 0x6D, 0x20, 0x65, 0x74, 0x20, 0x65, 0x75, 0x6D, 0x20, 0x76, 0x65, 0x72, 0x73, 0x75,
    0x73, 0x3A, 0x20, 0x22, 0x74, 0x69, 0x62, 0x69, 0x2C, 0x0D, 0x0A, 0x6D, 0x61, 0x67, 0x6E, 0x75,
    0x6D, 0x20, 0x69, 0x6E, 0x6E, 0x6F, 0x6D, 0x69, 0x6E, 0x61, 0x6E, 0x64, 0x75, 0x6D, 0x20, 0x73,
    0x69, 0x67, 0x6E, 0x61, 0x20, 0x73, 0x74, 0x65, 0x6C, 0x6C, 0x61, 0x72, 0x75, 0x6D, 0x0D, 0x0A,
    0x6E, 0x69, 0x67, 0x72, 0x61, 0x72, 0x75, 0x6D, 0x20, 0x65, 0x74, 0x2E, 0x2E, 0x2E, 0x22, 0x0D,
    0x0A, 0x1A, 0x0D, 0x0A, 0x00, 0x00, 0x00, 0x00, 0x96, 0x03, 0x00, 0x00, 0x96, 0x03, 0x00, 0x00,
    0x00, 0x00, 0x00, 0x00, 0x0D, 0x0A, 0x23, 0x43, 0x44, 0x65, 0x6D, 0x6F, 0x6E, 0x69, 0x61, 0x20,
    0x50, 0x61, 0x72, 0x74, 0x69, 0x63, 0x75, 0x6C, 0x61, 0x72, 0x69, 0x73, 0x0D, 0x0A, 0x23, 0x43,
    0x53, 0x69, 0x6E, 0x61, 0x69, 0x73, 0x20, 0x65, 0x20, 0x52, 0x69, 0x74, 0x75, 0x61, 0x69, 0x73,
    0x0D, 0x0A, 0x0D, 0x0A, 0x23, 0x43, 0x2A, 0x0D, 0x0A, 0x0D, 0x0A, 0x23, 0x43, 0x70, 0x6F, 0x72,
    0x20, 0x48, 0x65, 0x69, 0x6E, 0x72, 0x69, 0x63, 0x68, 0x20, 0x43, 0x61, 0x73, 0x73, 0x65, 0x6C,
    0x0D, 0x0A, 0x0D, 0x0A, 0x23, 0x43, 0x2A, 0x0D, 0x0A, 0x0D, 0x0A, 0x23, 0x43, 0x45, 0x64, 0x69,
    0x87, 0xE4, 0x65, 0x73, 0x20, 0x52, 0x49, 0x4E, 0x47, 0x0D, 0x0A, 0x23, 0x50, 0x4F, 0x20, 0x72,
    0x69, 0x74, 0x75, 0x61, 0x6C, 0x20, 0x64, 0x65, 0x20, 0x49, 0x6E, 0x76, 0x6F, 0x63, 0x61, 0x87,
    0xC6, 0x6F, 0x20, 0x65, 0x78, 0x69, 0x67, 0x65, 0x20, 0x71, 0x75, 0x65, 0x20, 0x6F, 0x0D, 0x0A,
    0x4F, 0x66, 0x69, 0x63, 0x69, 0x61, 0x6E, 0x74, 0x65, 0x20, 0x73, 0x65, 0x6A, 0x61, 0x20, 0x70,
    0x75, 0x72, 0x6F, 0x2E, 0x20, 0x4A, 0xA0, 0x20, 0x64, 0x65, 0x73, 0x63, 0x72, 0x65, 0x76, 0x65,
    0x6D, 0x6F, 0x73, 0x20, 0x61, 0x73, 0x0D, 0x0A, 0x63, 0x6F, 0x6D, 0x70, 0x6C, 0x65, 0x78, 0x61,
    0x73, 0x20, 0x6F, 0x70, 0x65, 0x72, 0x61, 0x87, 0xE4, 0x65, 0x73, 0x20, 0x71, 0x75, 0x65, 0x20,
    0x73, 0x65, 0x20, 0x64, 0x65, 0x76, 0x65, 0x6D, 0x20, 0x73, 0x65, 0x67, 0x75, 0x69, 0x72, 0x0D,
    0x0A, 0x70, 0x61, 0x72, 0x61, 0x20, 0x63, 0x68, 0x61, 0x6D, 0x61, 0x72, 0x20, 0x61, 0x71, 0x75,
    0x65, 0x6C, 0x65, 0x73, 0x20, 0x71, 0x75, 0x65, 0x20, 0x64, 0x6F, 0x72, 0x6D, 0x65, 0x6D, 0x20,
    0x65, 0x6D, 0x0D, 0x0A, 0x64, 0x69, 0x6D, 0x65, 0x6E, 0x73, 0xE4, 0x65, 0x73, 0x20, 0x73, 0x75,
    0x70, 0x65, 0x72, 0x69, 0x6F, 0x72, 0x65, 0x73, 0x2E, 0x0D, 0x0A, 0x23, 0x54, 0x4C, 0x69, 0x6D,
    0x69, 0x74, 0x61, 0x72, 0x2D, 0x6E, 0x6F, 0x73, 0x2D, 0x65, 0x6D, 0x6F, 0x73, 0x2C, 0x20, 0x70,
    0x6F, 0x72, 0x20, 0x6F, 0x72, 0x61, 0x2C, 0x20, 0x61, 0x6F, 0x20, 0x73, 0x69, 0x6E, 0x61, 0x6C,
    0x20, 0x64, 0x65, 0x0D, 0x0A, 0x72, 0x65, 0x63, 0x6F, 0x6E, 0x68, 0x65, 0x63, 0x69, 0x6D, 0x65,
    0x6E, 0x74, 0x6F, 0x20, 0x6D, 0xA3, 0x74, 0x75, 0x6F, 0x20, 0x75, 0x73, 0x61, 0x64, 0x6F, 0x20,
    0x65, 0x6E, 0x74, 0x72, 0x65, 0x20, 0x73, 0x69, 0x0D, 0x0A, 0x70, 0x65, 0x6C, 0x6F, 0x73, 0x20,
    0x61, 0x64, 0x65, 0x70, 0x74, 0x6F, 0x73, 0x20, 0x64, 0x6F, 0x20, 0x63, 0x75, 0x6C, 0x74, 0x6F,
    0x20, 0x64, 0x6F, 0x73, 0x20, 0x47, 0x72, 0x61, 0x6E, 0x64, 0x65, 0x73, 0x0D, 0x0A, 0x41, 0x6E,
    0x74, 0x69, 0x67, 0x6F, 0x73, 0x2E, 0x20, 0x4F, 0x20, 0x73, 0x69, 0x6E, 0x61, 0x6C, 0x20, 0x73,
    0x65, 0x72, 0x76, 0x65, 0x20, 0x74, 0x61, 0x6D, 0x62, 0x82, 0x6D, 0x20, 0x64, 0x65, 0x0D, 0x0A,
    0x70, 0x72, 0x6F, 0x74, 0x65, 0x87, 0xC6, 0x6F, 0x20, 0x6E, 0x61, 0x20, 0x70, 0x72, 0x65, 0x73,
    0x65, 0x6E, 0x87, 0x61, 0x20, 0x64, 0x65, 0x20, 0x75, 0x6D, 0x20, 0x73, 0x65, 0x72, 0x76, 0x6F,
    0x20, 0x64, 0x6F, 0x20, 0x6D, 0x61, 0x6C, 0x2E, 0x0D, 0x0A, 0x23, 0x50, 0x4F, 0x20, 0x73, 0x69,
    0x6E, 0x61, 0x6C, 0x20, 0x61, 0x73, 0x73, 0x65, 0x6D, 0x65, 0x6C, 0x68, 0x61, 0x2D, 0x73, 0x65,
    0x20, 0x61, 0x20, 0x75, 0x6D, 0x61, 0x20, 0x62, 0x88, 0x6E, 0x87, 0xC6, 0x6F, 0x2C, 0x0D, 0x0A,
    0x73, 0x61, 0x6C, 0x76, 0x6F, 0x20, 0x71, 0x75, 0x65, 0x20, 0x6F, 0x20, 0x69, 0x6E, 0x64, 0x69,
    0x63, 0x61, 0x64, 0x6F, 0x72, 0x20, 0x65, 0x20, 0x6F, 0x20, 0x6D, 0xA1, 0x6E, 0x69, 0x6D, 0x6F,
    0x20, 0x66, 0x69, 0x63, 0x61, 0x6D, 0x0D, 0x0A, 0x61, 0x6D, 0x62, 0x6F, 0x73, 0x20, 0x64, 0x6F,
    0x62, 0x72, 0x61, 0x64, 0x6F, 0x73, 0x20, 0x73, 0x6F, 0x62, 0x20, 0x6F, 0x20, 0x70, 0x6F, 0x6C,
    0x65, 0x67, 0x61, 0x72, 0x2C, 0x20, 0x65, 0x6E, 0x71, 0x75, 0x61, 0x6E, 0x74, 0x6F, 0x20, 0x6F,
    0x0D, 0x0A, 0x6D, 0x82, 0x64, 0x69, 0x6F, 0x20, 0x65, 0x20, 0x6F, 0x20, 0x61, 0x6E, 0x65, 0x6C,
    0x61, 0x72, 0x20, 0x73, 0x65, 0x20, 0x6D, 0x61, 0x6E, 0x74, 0x88, 0x6D, 0x20, 0x65, 0x72, 0x67,
    0x75, 0x69, 0x64, 0x6F, 0x73, 0x2E, 0x20, 0x41, 0x6F, 0x0D, 0x0A, 0x71, 0x75, 0x65, 0x20, 0x70,
    0x61, 0x72, 0x65, 0x63, 0x65, 0x2C, 0x20, 0x65, 0x73, 0x74, 0x65, 0x20, 0x73, 0x69, 0x6E, 0x61,
    0x6C, 0x20, 0x6E, 0xC6, 0x6F, 0x20, 0x74, 0x65, 0x6D, 0x20, 0x65, 0x66, 0x65, 0x69, 0x74, 0x6F,
    0x0D, 0x0A, 0x61, 0x6C, 0x67, 0x75, 0x6D, 0x20, 0x73, 0x6F, 0x62, 0x72, 0x65, 0x20, 0x61, 0x64,
    0x65, 0x70, 0x74, 0x6F, 0x73, 0x20, 0x64, 0x65, 0x20, 0x63, 0x65, 0x72, 0x74, 0x6F, 0x20, 0x67,
    0x72, 0x61, 0x75, 0x2C, 0x0D, 0x0A, 0x63, 0x6F, 0x6E, 0x68, 0x65, 0x63, 0x65, 0x64, 0x6F, 0x72,
    0x65, 0x73, 0x20, 0x64, 0x65, 0x20, 0x73, 0x65, 0x67, 0x72, 0x65, 0x64, 0x6F, 0x73, 0x20, 0x70,
    0x61, 0x72, 0x74, 0x69, 0x63, 0x75, 0x6C, 0x61, 0x72, 0x65, 0x73, 0x0D, 0x0A, 0x63, 0x6F, 0x6E,
    0x74, 0x69, 0x64, 0x6F, 0x73, 0x20, 0x6E, 0x6F, 0x20, 0x43, 0x6F, 0x72, 0x70, 0x75, 0x73, 0x20,
    0x44, 0x65, 0x6D, 0x6F, 0x6E, 0x69, 0x63, 0x75, 0x73, 0x2E, 0x20, 0x4F, 0x20, 0x75, 0x73, 0x6F,
    0x20, 0x64, 0x65, 0x0D, 0x0A, 0x74, 0x61, 0x69, 0x73, 0x20, 0x73, 0x69, 0x6E, 0x61, 0x69, 0x73,
    0x20, 0x6E, 0xC6, 0x6F, 0x20, 0x64, 0x65, 0x69, 0x78, 0x61, 0x20, 0x64, 0x65, 0x20, 0x61, 0x63,
    0x61, 0x72, 0x72, 0x65, 0x74, 0x61, 0x72, 0x0D, 0x0A, 0x72, 0x69, 0x73, 0x63, 0x6F, 0x73, 0x20,
    0x63, 0x6F, 0x6E, 0x73, 0x69, 0x64, 0x65, 0x72, 0xA0, 0x76, 0x65, 0x69, 0x73, 0x20, 0x70, 0x61,
    0x72, 0x61, 0x20, 0x71, 0x75, 0x65, 0x6D, 0x20, 0x6F, 0x73, 0x0D, 0x0A, 0x65, 0x6D, 0x70, 0x72,
    0x65, 0x67, 0x61, 0x20, 0x65, 0x6D, 0x20, 0x71, 0x75, 0x61, 0x6C, 0x71, 0x75, 0x65, 0x72, 0x20,
    0x74, 0x65, 0x6E, 0x74, 0x61, 0x74, 0x69, 0x76, 0x61, 0x20, 0x64, 0x65, 0x20, 0x63, 0x68, 0x61,
    0x6D, 0x61, 0x72, 0x0D, 0x0A, 0x41, 0x71, 0x75, 0x65, 0x6C, 0x65, 0x73, 0x20, 0x64, 0x65, 0x20,
    0x46, 0x6F, 0x72, 0x61, 0x2E, 0x0D, 0x0A, 0x1A, 0x0D, 0x0A, 0x00, 0x00, 0x00, 0x00, 0x60, 0x07,
    0x00, 0x00, 0x60, 0x07, 0x00, 0x00, 0x00, 0x00, 0x00, 0x00, 0x0D, 0x0A, 0x0D, 0x0A, 0x23, 0x43,
    0x41, 0x20, 0x48, 0x49, 0x53, 0x54, 0xE0, 0x52, 0x49, 0x41, 0x0D, 0x0A, 0x23, 0x43, 0x44, 0x4F,
    0x0D, 0x0A, 0x23, 0x43, 0x43, 0x41, 0x50, 0x49, 0x54, 0xC7, 0x4F, 0x0D, 0x0A, 0x23, 0x43, 0x4A,
    0x2E, 0x57, 0x2E, 0x0D, 0x0A, 0x23, 0x43, 0x4E, 0x4F, 0x52, 0x54, 0x4F, 0x4E, 0x0D, 0x0A, 0x0D,
    0x0A, 0x23, 0x43, 0x64, 0x6F, 0x20, 0x45, 0x78, 0x82, 0x72, 0x63, 0x69, 0x74, 0x6F, 0x0D, 0x0A,
    0x23, 0x43, 0x64, 0x61, 0x20, 0x55, 0x6E, 0x69, 0xC6, 0x6F, 0x0D, 0x0A, 0x23, 0x50, 0x31, 0x37,
    0x20, 0x64, 0x65, 0x20, 0x6A, 0x75, 0x6E, 0x68, 0x6F, 0x20, 0x64, 0x65, 0x20, 0x31, 0x38, 0x36,
    0x32, 0x2E, 0x20, 0x4F, 0x20, 0x53, 0x75, 0x6C, 0x0D, 0x0A, 0x64, 0x65, 0x73, 0x6D, 0x6F, 0x72,
    0x6F, 0x6E, 0x61, 0x76, 0x61, 0x2E, 0x20, 0x41, 0x20, 0x4C, 0x75, 0x69, 0x73, 0x69, 0x61, 0x6E,
    0x61, 0x20, 0x65, 0x73, 0x74, 0x61, 0x76, 0x61, 0x20, 0x61, 0x62, 0x65, 0x72, 0x74, 0x61, 0x0D,
    0x0A, 0x70, 0x61, 0x72, 0x61, 0x20, 0x6E, 0xA2, 0x73, 0x2E, 0x20, 0x43, 0x61, 0x62, 0x69, 0x61,
    0x2D, 0x6D, 0x65, 0x2C, 0x20, 0x61, 0x20, 0x63, 0x61, 0x64, 0x61, 0x20, 0x64, 0x69, 0x61, 0x2C,
    0x0D, 0x0A, 0x72, 0x65, 0x71, 0x75, 0x69, 0x73, 0x69, 0x74, 0x61, 0x72, 0x20, 0x76, 0xA1, 0x76,
    0x65, 0x72, 0x65, 0x73, 0x20, 0x70, 0x61, 0x72, 0x61, 0x20, 0x6E, 0x6F, 0x73, 0x73, 0x61, 0x73,
    0x20, 0x74, 0x72, 0x6F, 0x70, 0x61, 0x73, 0x2C, 0x20, 0x65, 0x0D, 0x0A, 0x6E, 0x65, 0x73, 0x73,
    0x61, 0x20, 0x65, 0x6D, 0x70, 0x72, 0x65, 0x73, 0x61, 0x20, 0x63, 0x6F, 0x6E, 0x74, 0x61, 0x76,
    0x61, 0x20, 0x63, 0x6F, 0x6D, 0x20, 0x6F, 0x20, 0x61, 0x75, 0x78, 0xA1, 0x6C, 0x69, 0x6F, 0x20,
    0x64, 0x65, 0x0D, 0x0A, 0x75, 0x6D, 0x61, 0x20, 0x76, 0x69, 0x6E, 0x74, 0x65, 0x6E, 0x61, 0x20,
    0x64, 0x65, 0x20, 0x62, 0x72, 0x61, 0x76, 0x6F, 0x73, 0x2E, 0x20, 0x4F, 0x73, 0x20, 0x72, 0x65,
    0x62, 0x65, 0x6C, 0x64, 0x65, 0x73, 0x20, 0x61, 0x69, 0x6E, 0x64, 0x61, 0x0D, 0x0A, 0x6E, 0xC6,
    0x6F, 0x20, 0x65, 0x73, 0x74, 0x61, 0x76, 0x61, 0x6D, 0x20, 0x70, 0x72, 0x6F, 0x6E, 0x74, 0x6F,
    0x73, 0x20, 0x61, 0x20, 0x64, 0x65, 0x70, 0x6F, 0x72, 0x20, 0x61, 0x73, 0x20, 0x61, 0x72, 0x6D,
    0x61, 0x73, 0x2E, 0x20, 0x41, 0x0D, 0x0A, 0x72, 0x65, 0x67, 0x69, 0xC6, 0x6F, 0x20, 0x65, 0x73,
    0x74, 0x61, 0x76, 0x61, 0x20, 0x6C, 0x6F, 0x6E, 0x67, 0x65, 0x20, 0x64, 0x65, 0x20, 0x73, 0x65,
    0x72, 0x20, 0x73, 0x65, 0x67, 0x75, 0x72, 0x61, 0x2E, 0x0D, 0x0A, 0x41, 0x76, 0x61, 0x6E, 0x63,
    0x65, 0x69, 0x20, 0x63, 0x61, 0x64, 0x61, 0x20, 0x76, 0x65, 0x7A, 0x20, 0x6D, 0x61, 0x69, 0x73,
    0x20, 0x70, 0x61, 0x72, 0x61, 0x20, 0x6F, 0x20, 0x6F, 0x65, 0x73, 0x74, 0x65, 0x20, 0x65, 0x0D,
    0x0A, 0x69, 0x6E, 0x74, 0x65, 0x72, 0x72, 0x6F, 0x67, 0x75, 0x65, 0x69, 0x20, 0x6D, 0x75, 0x69,
    0x74, 0x6F, 0x73, 0x20, 0x65, 0x73, 0x63, 0x72, 0x61, 0x76, 0x6F, 0x73, 0x20, 0x6C, 0x69, 0x62,
    0x65, 0x72, 0x74, 0x6F, 0x73, 0x2E, 0x0D, 0x0A, 0x50, 0x6F, 0x72, 0x20, 0x65, 0x6C, 0x65, 0x73,
    0x20, 0x73, 0x6F, 0x75, 0x62, 0x65, 0x20, 0x64, 0x65, 0x20, 0x75, 0x6D, 0x61, 0x20, 0x66, 0x61,
    0x7A, 0x65, 0x6E, 0x64, 0x61, 0x20, 0x6E, 0x6F, 0x0D, 0x0A, 0x6C, 0x69, 0x74, 0x6F, 0x72, 0x61,
    0x6C, 0x2E, 0x20, 0x43, 0x68, 0x61, 0x6D, 0x61, 0x76, 0x61, 0x2D, 0x73, 0x65, 0x20, 0x44, 0x65,
    0x72, 0x63, 0x65, 0x74, 0x6F, 0x2E, 0x0D, 0x0A, 0x23, 0x50, 0x41, 0x20, 0x61, 0x63, 0x6F, 0x6C,
    0x68, 0x69, 0x64, 0x61, 0x20, 0x65, 0x73, 0x74, 0x65, 0x76, 0x65, 0x20, 0x6C, 0x6F, 0x6E, 0x67,
    0x65, 0x20, 0x64, 0x65, 0x20, 0x73, 0x65, 0x72, 0x0D, 0x0A, 0x63, 0x61, 0x6C, 0x6F, 0x72, 0x6F,
    0x73, 0x61, 0x2E, 0x20, 0x53, 0x6F, 0x6D, 0x65, 0x6E, 0x74, 0x65, 0x20, 0x50, 0x69, 0x63, 0x6B,
    0x66, 0x6F, 0x72, 0x64, 0x2C, 0x20, 0x6F, 0x0D, 0x0A, 0x70, 0x72, 0x6F, 0x70, 0x72, 0x69, 0x65,
    0x74, 0xA0, 0x72, 0x69, 0x6F, 0x2C, 0x20, 0x6D, 0x6F, 0x73, 0x74, 0x72, 0x6F, 0x75, 0x2D, 0x73,
    0x65, 0x20, 0x63, 0x6F, 0x72, 0x64, 0x69, 0x61, 0x6C, 0x2E, 0x0D, 0x0A, 0x45, 0x6E, 0x71, 0x75,
    0x61, 0x6E, 0x74, 0x6F, 0x20, 0x6D, 0x65, 0x75, 0x73, 0x20, 0x68, 0x6F, 0x6D, 0x65, 0x6E, 0x73,
    0x20, 0x63, 0x6F, 0x6E, 0x74, 0x61, 0x76, 0x61, 0x6D, 0x20, 0x6F, 0x20, 0x67, 0x61, 0x64, 0x6F,
    0x20, 0x65, 0x0D, 0x0A, 0x61, 0x73, 0x20, 0x72, 0x65, 0x73, 0x65, 0x72, 0x76, 0x61, 0x73, 0x20,
    0x64, 0x65, 0x20, 0x67, 0x72, 0xC6, 0x6F, 0x73, 0x2C, 0x20, 0x70, 0x72, 0x6F, 0x63, 0x75, 0x72,
    0x65, 0x69, 0x20, 0x73, 0x61, 0x62, 0x65, 0x72, 0x0D, 0x0A, 0x64, 0x65, 0x6C, 0x65, 0x20, 0x74,
    0x75, 0x64, 0x6F, 0x20, 0x6F, 0x20, 0x71, 0x75, 0x65, 0x20, 0x70, 0x75, 0x64, 0x65, 0x2E, 0x20,
    0x4F, 0x20, 0x68, 0x6F, 0x6D, 0x65, 0x6D, 0x20, 0x65, 0x72, 0x61, 0x20, 0x64, 0x6F, 0x73, 0x0D,
    0x0A, 0x6D, 0x61, 0x69, 0x73, 0x20, 0x73, 0x69, 0x6E, 0x67, 0x75, 0x6C, 0x61, 0x72, 0x65, 0x73,
    0x2C, 0x20, 0x64, 0x65, 0x20, 0x65, 0x73, 0x70, 0xA1, 0x72, 0x69, 0x74, 0x6F, 0x0D, 0x0A, 0x65,
    0x78, 0x74, 0x72, 0x61, 0x6F, 0x72, 0x64, 0x69, 0x6E, 0x61, 0x72, 0x69, 0x61, 0x6D, 0x65, 0x6E,
    0x74, 0x65, 0x20, 0x63, 0x75, 0x6C, 0x74, 0x6F, 0x2E, 0x20, 0x41, 0x6F, 0x20, 0x63, 0x61, 0x69,
    0x72, 0x20, 0x64, 0x61, 0x0D, 0x0A, 0x6E, 0x6F, 0x69, 0x74, 0x65, 0x2C, 0x20, 0x64, 0x65, 0x69,
    0x20, 0x6F, 0x72, 0x64, 0x65, 0x6E, 0x73, 0x20, 0x70, 0x61, 0x72, 0x61, 0x20, 0x71, 0x75, 0x65,
    0x20, 0x61, 0x20, 0x74, 0x72, 0x6F, 0x70, 0x61, 0x0D, 0x0A, 0x62, 0x69, 0x76, 0x61, 0x63, 0x61,
    0x73, 0x73, 0x65, 0x20, 0x65, 0x6D, 0x20, 0x44, 0x65, 0x72, 0x63, 0x65, 0x74, 0x6F, 0x2E, 0x20,
    0x50, 0x69, 0x63, 0x6B, 0x66, 0x6F, 0x72, 0x64, 0x20, 0x63, 0x6F, 0x6E, 0x76, 0x69, 0x64, 0x6F,
    0x75, 0x0D, 0x0A, 0x70, 0x61, 0x72, 0x61, 0x20, 0x6A, 0x61, 0x6E, 0x74, 0x61, 0x72, 0x20, 0x61,
    0x20, 0x6D, 0x69, 0x6D, 0x20, 0x65, 0x20, 0x61, 0x20, 0x6D, 0x65, 0x75, 0x20, 0x73, 0x75, 0x62,
    0x63, 0x6F, 0x6D, 0x61, 0x6E, 0x64, 0x61, 0x6E, 0x74, 0x65, 0x2C, 0x0D, 0x0A, 0x6F, 0x20, 0x74,
    0x65, 0x6E, 0x65, 0x6E, 0x74, 0x65, 0x20, 0x50, 0x61, 0x74, 0x74, 0x65, 0x72, 0x73, 0x6F, 0x6E,
    0x2E, 0x0D, 0x0A, 0x23, 0x50, 0x41, 0x20, 0x6E, 0x6F, 0x69, 0x74, 0x65, 0x20, 0x66, 0x6F, 0x69,
    0x20, 0x65, 0x73, 0x70, 0x6C, 0x88, 0x6E, 0x64, 0x69, 0x64, 0x61, 0x2C, 0x20, 0x65, 0x20, 0x6E,
    0x6F, 0x73, 0x73, 0x6F, 0x0D, 0x0A, 0x61, 0x6E, 0x66, 0x69, 0x74, 0x72, 0x69, 0xC6, 0x6F, 0x20,
    0x72, 0x65, 0x76, 0x65, 0x6C, 0x6F, 0x75, 0x2D, 0x73, 0x65, 0x20, 0x75, 0x6D, 0x20, 0x63, 0x6F,
    0x6E, 0x76, 0x65, 0x72, 0x73, 0x61, 0x64, 0x6F, 0x72, 0x20, 0x64, 0x6F, 0x73, 0x0D, 0x0A, 0x6D,
    0x61, 0x69, 0x73, 0x20, 0x63, 0x61, 0x74, 0x69, 0x76, 0x61, 0x6E, 0x74, 0x65, 0x73, 0x2E, 0x20,
    0x45, 0x6E, 0x71, 0x75, 0x61, 0x6E, 0x74, 0x6F, 0x20, 0x73, 0x65, 0x20, 0x73, 0x65, 0x72, 0x76,
    0x69, 0x61, 0x20, 0x6F, 0x0D, 0x0A, 0x63, 0x61, 0x66, 0x82, 0x2C, 0x20, 0x50, 0x61, 0x74, 0x74,
    0x65, 0x72, 0x73, 0x6F, 0x6E, 0x20, 0x66, 0x6F, 0x69, 0x20, 0x69, 0x6E, 0x73, 0x70, 0x65, 0x63,
    0x69, 0x6F, 0x6E, 0x61, 0x72, 0x20, 0x6F, 0x0D, 0x0A, 0x61, 0x63, 0x61, 0x6D, 0x70, 0x61, 0x6D,
    0x65, 0x6E, 0x74, 0x6F, 0x20, 0x64, 0x6F, 0x73, 0x20, 0x68, 0x6F, 0x6D, 0x65, 0x6E, 0x73, 0x2E,
    0x20, 0x4F, 0x20, 0x63, 0x68, 0x61, 0x72, 0x75, 0x74, 0x6F, 0x20, 0x71, 0x75, 0x65, 0x0D, 0x0A,
    0x50, 0x69, 0x63, 0x6B, 0x66, 0x6F, 0x72, 0x64, 0x20, 0x6D, 0x65, 0x20, 0x6F, 0x66, 0x65, 0x72,
    0x65, 0x63, 0x65, 0x75, 0x20, 0x65, 0x72, 0x61, 0x20, 0x74, 0xC6, 0x6F, 0x20, 0x61, 0x63, 0x72,
    0x65, 0x20, 0x71, 0x75, 0x65, 0x0D, 0x0A, 0x6D, 0x69, 0x6E, 0x68, 0x61, 0x20, 0x63, 0x61, 0x62,
    0x65, 0x87, 0x61, 0x20, 0x63, 0x6F, 0x6D, 0x65, 0x87, 0x6F, 0x75, 0x20, 0x61, 0x20, 0x67, 0x69,
    0x72, 0x61, 0x72, 0x2E, 0x0D, 0x0A, 0x23, 0x50, 0x4C, 0x65, 0x6D, 0x62, 0x72, 0x65, 0x69, 0x2D,
    0x6D, 0x65, 0x20, 0x64, 0x61, 0x73, 0x20, 0x68, 0x69, 0x73, 0x74, 0xA2, 0x72, 0x69, 0x61, 0x73,
    0x20, 0x63, 0x6F, 0x6E, 0x74, 0x61, 0x64, 0x61, 0x73, 0x20, 0x61, 0x6F, 0x0D, 0x0A, 0x70, 0x82,
    0x20, 0x64, 0x61, 0x20, 0x66, 0x6F, 0x67, 0x75, 0x65, 0x69, 0x72, 0x61, 0x20, 0x70, 0x6F, 0x72,
    0x20, 0x6F, 0x75, 0x74, 0x72, 0x6F, 0x73, 0x20, 0x6F, 0x66, 0x69, 0x63, 0x69, 0x61, 0x69, 0x73,
    0x2C, 0x0D, 0x0A, 0x61, 0x70, 0x61, 0x6E, 0x68, 0x61, 0x64, 0x6F, 0x73, 0x20, 0x65, 0x6D, 0x20,
    0x64, 0x69, 0x61, 0x62, 0xA2, 0x6C, 0x69, 0x63, 0x61, 0x73, 0x20, 0x61, 0x72, 0x6D, 0x61, 0x64,
    0x69, 0x6C, 0x68, 0x61, 0x73, 0x20, 0x64, 0x6F, 0x73, 0x0D, 0x0A, 0x63, 0x6F, 0x6E, 0x66, 0x65,
    0x64, 0x65, 0x72, 0x61, 0x64, 0x6F, 0x73, 0x2E, 0x20, 0x4D, 0x65, 0x75, 0x20, 0x65, 0x73, 0x70,
    0xA1, 0x72, 0x69, 0x74, 0x6F, 0x20, 0x66, 0x6C, 0x75, 0x74, 0x75, 0x61, 0x76, 0x61, 0x20, 0x6E,
    0x75, 0x6D, 0x61, 0x0D, 0x0A, 0x6E, 0x82, 0x76, 0x6F, 0x61, 0x20, 0x64, 0x65, 0x6E, 0x73, 0x61,
    0x20, 0x65, 0x20, 0x66, 0x82, 0x74, 0x69, 0x64, 0x61, 0x2C, 0x20, 0x64, 0x61, 0x20, 0x71, 0x75,
    0x61, 0x6C, 0x20, 0x65, 0x6D, 0x65, 0x72, 0x67, 0x69, 0x61, 0x20, 0x6F, 0x0D, 0x0A, 0x72, 0x6F,
    0x73, 0x74, 0x6F, 0x20, 0x64, 0x65, 0x20, 0x50, 0x69, 0x63, 0x6B, 0x66, 0x6F, 0x72, 0x64, 0x2C,
    0x20, 0x65, 0x6E, 0x6F, 0x72, 0x6D, 0x65, 0x20, 0x65, 0x20, 0x64, 0x69, 0x73, 0x66, 0x6F, 0x72,
    0x6D, 0x65, 0x2E, 0x0D, 0x0A, 0x45, 0x6C, 0x65, 0x20, 0x6D, 0x65, 0x20, 0x66, 0x69, 0x74, 0x61,
    0x76, 0x61, 0x20, 0x63, 0x6F, 0x6D, 0x20, 0x75, 0x6D, 0x20, 0x73, 0x6F, 0x72, 0x72, 0x69, 0x73,
    0x6F, 0x20, 0x65, 0x73, 0x63, 0x61, 0x72, 0x6E, 0x69, 0x6E, 0x68, 0x6F, 0x2E, 0x0D, 0x0A, 0x23,
    0x50, 0x4F, 0x20, 0x72, 0x65, 0x67, 0x72, 0x65, 0x73, 0x73, 0x6F, 0x20, 0x64, 0x65, 0x20, 0x50,
    0x61, 0x74, 0x74, 0x65, 0x72, 0x73, 0x6F, 0x6E, 0x20, 0x64, 0x69, 0x73, 0x73, 0x69, 0x70, 0x6F,
    0x75, 0x20, 0x6F, 0x0D, 0x0A, 0x70, 0x65, 0x73, 0x61, 0x64, 0x65, 0x6C, 0x6F, 0x2E, 0x20, 0x4F,
    0x75, 0x76, 0x69, 0x20, 0x67, 0x72, 0x69, 0x74, 0x6F, 0x73, 0x20, 0x65, 0x20, 0x74, 0x69, 0x72,
    0x6F, 0x73, 0x20, 0x6C, 0xA0, 0x20, 0x66, 0x6F, 0x72, 0x61, 0x20, 0x65, 0x0D, 0x0A, 0x65, 0x6E,
    0x63, 0x6F, 0x6E, 0x74, 0x72, 0x65, 0x69, 0x20, 0x66, 0x6F, 0x72, 0x87, 0x61, 0x73, 0x20, 0x70,
    0x61, 0x72, 0x61, 0x20, 0x73, 0x61, 0x63, 0x61, 0x72, 0x20, 0x6F, 0x20, 0x72, 0x65, 0x76, 0xA2,
    0x6C, 0x76, 0x65, 0x72, 0x2E, 0x0D, 0x0A, 0x44, 0x69, 0x73, 0x70, 0x61, 0x72, 0x65, 0x69, 0x20,
    0x74, 0x72, 0x88, 0x73, 0x20, 0x76, 0x65, 0x7A, 0x65, 0x73, 0x2E, 0x20, 0x50, 0x69, 0x63, 0x6B,
    0x66, 0x6F, 0x72, 0x64, 0x20, 0x74, 0x6F, 0x6D, 0x62, 0x6F, 0x75, 0x20, 0x61, 0x6F, 0x0D, 0x0A,
    0x63, 0x68, 0xC6, 0x6F, 0x2E, 0x20, 0x50, 0x61, 0x74, 0x74, 0x65, 0x72, 0x73, 0x6F, 0x6E, 0x20,
    0x65, 0x6E, 0x74, 0xC6, 0x6F, 0x20, 0x6D, 0x65, 0x20, 0x61, 0x6A, 0x75, 0x64, 0x6F, 0x75, 0x20,
    0x61, 0x20, 0x73, 0x61, 0x69, 0x72, 0x0D, 0x0A, 0x64, 0x61, 0x20, 0x63, 0x61, 0x73, 0x61, 0x20,
    0x65, 0x6D, 0x20, 0x63, 0x68, 0x61, 0x6D, 0x61, 0x73, 0x2E, 0x20, 0x4F, 0x20, 0x61, 0x72, 0x20,
    0x65, 0x73, 0x74, 0x61, 0x76, 0x61, 0x20, 0x74, 0x6F, 0x6D, 0x61, 0x64, 0x6F, 0x20, 0x64, 0x65,
    0x0D, 0x0A, 0x66, 0x75, 0x6D, 0x61, 0x87, 0x61, 0x2E, 0x20, 0x50, 0x61, 0x72, 0x65, 0x63, 0xA1,
    0x61, 0x6D, 0x6F, 0x73, 0x20, 0x75, 0x6D, 0x61, 0x20, 0x63, 0x6F, 0x6D, 0x70, 0x61, 0x6E, 0x68,
    0x69, 0x61, 0x20, 0x65, 0x6D, 0x0D, 0x0A, 0x72, 0x65, 0x74, 0x69, 0x72, 0x61, 0x64, 0x61, 0x20,
    0x64, 0x65, 0x73, 0x6F, 0x72, 0x64, 0x65, 0x6E, 0x61, 0x64, 0x61, 0x2E, 0x20, 0x56, 0x69, 0x20,
    0x65, 0x73, 0x63, 0x72, 0x61, 0x76, 0x6F, 0x73, 0x0D, 0x0A, 0x6C, 0x61, 0x6E, 0x87, 0x61, 0x72,
    0x65, 0x6D, 0x2D, 0x73, 0x65, 0x20, 0x85, 0x73, 0x20, 0x63, 0x68, 0x61, 0x6D, 0x61, 0x73, 0x20,
    0x64, 0x61, 0x71, 0x75, 0x65, 0x6C, 0x65, 0x20, 0x69, 0x6E, 0x66, 0x65, 0x72, 0x6E, 0x6F, 0x2E,
    0x0D, 0x0A, 0x54, 0x65, 0x6E, 0x74, 0x61, 0x76, 0x61, 0x6D, 0x20, 0x73, 0x61, 0x6C, 0x76, 0x61,
    0x72, 0x20, 0x61, 0x20, 0x76, 0x69, 0x64, 0x61, 0x20, 0x64, 0x65, 0x20, 0x50, 0x69, 0x63, 0x6B,
    0x66, 0x6F, 0x72, 0x64, 0x2E, 0x0D, 0x0A, 0x1A, 0x0D, 0x0A, 0x00, 0x00, 0x00, 0x00, 0x8C, 0x04,
    0x00, 0x00, 0x8C, 0x04, 0x00, 0x00, 0x00, 0x00, 0x00, 0x00, 0x0D, 0x0A, 0x0D, 0x0A, 0x23, 0x43,
    0x4D, 0x65, 0x6D, 0xA2, 0x72, 0x69, 0x61, 0x73, 0x0D, 0x0A, 0x0D, 0x0A, 0x23, 0x43, 0x70, 0x6F,
    0x72, 0x0D, 0x0A, 0x0D, 0x0A, 0x23, 0x43, 0x41, 0x6C, 0x69, 0x73, 0x74, 0x61, 0x69, 0x72, 0x20,
    0x42, 0x6F, 0x6C, 0x65, 0x73, 0x6B, 0x69, 0x6E, 0x65, 0x0D, 0x0A, 0x23, 0x43, 0x49, 0x6D, 0x70,
    0x72, 0x65, 0x73, 0x73, 0x6F, 0x20, 0x65, 0x6D, 0x20, 0x4C, 0x6F, 0x6E, 0x64, 0x72, 0x65, 0x73,
    0x0D, 0x0A, 0x23, 0x43, 0x41, 0x2E, 0x20, 0x4D, 0x61, 0x63, 0x68, 0x65, 0x6E, 0x2C, 0x20, 0x65,
    0x64, 0x69, 0x74, 0x6F, 0x72, 0x2E, 0x0D, 0x0A, 0x23, 0x43, 0x31, 0x38, 0x33, 0x33, 0x0D, 0x0A,
    0x23, 0x50, 0x46, 0x6F, 0x69, 0x20, 0x64, 0x75, 0x72, 0x61, 0x6E, 0x74, 0x65, 0x20, 0x75, 0x6D,
    0x61, 0x20, 0x63, 0x6F, 0x6E, 0x76, 0x65, 0x72, 0x73, 0x61, 0x20, 0x63, 0x6F, 0x6D, 0x20, 0x47,
    0x2E, 0x2E, 0x2E, 0x20, 0x71, 0x75, 0x65, 0x0D, 0x0A, 0x6F, 0x75, 0x76, 0x69, 0x6D, 0x6F, 0x73,
    0x20, 0x66, 0x61, 0x6C, 0x61, 0x72, 0x20, 0x70, 0x65, 0x6C, 0x61, 0x20, 0x70, 0x72, 0x69, 0x6D,
    0x65, 0x69, 0x72, 0x61, 0x20, 0x76, 0x65, 0x7A, 0x20, 0x64, 0x65, 0x20, 0x75, 0x6D, 0x61, 0x0D,
    0x0A, 0x61, 0x6C, 0x64, 0x65, 0x69, 0x61, 0x20, 0x64, 0x65, 0x20, 0x70, 0x65, 0x73, 0x63, 0x61,
    0x64, 0x6F, 0x72, 0x65, 0x73, 0x20, 0x64, 0x61, 0x20, 0x4E, 0x6F, 0x76, 0x61, 0x20, 0x49, 0x6E,
    0x67, 0x6C, 0x61, 0x74, 0x65, 0x72, 0x72, 0x61, 0x0D, 0x0A, 0x63, 0x68, 0x61, 0x6D, 0x61, 0x64,
    0x61, 0x20, 0x49, 0x2E, 0x2E, 0x2E, 0x20, 0x41, 0x6F, 0x20, 0x71, 0x75, 0x65, 0x20, 0x70, 0x61,
    0x72, 0x65, 0x63, 0x69, 0x61, 0x2C, 0x20, 0x61, 0x20, 0x72, 0x65, 0x67, 0x69, 0xC6, 0x6F, 0x0D,
    0x0A, 0x65, 0x72, 0x61, 0x20, 0x6F, 0x20, 0x6C, 0x75, 0x67, 0x61, 0x72, 0x20, 0x69, 0x64, 0x65,
    0x61, 0x6C, 0x20, 0x70, 0x61, 0x72, 0x61, 0x20, 0x74, 0x65, 0x73, 0x74, 0x65, 0x6D, 0x75, 0x6E,
    0x68, 0x61, 0x72, 0x0D, 0x0A, 0x66, 0x65, 0x6E, 0x93, 0x6D, 0x65, 0x6E, 0x6F, 0x73, 0x20, 0x69,
    0x6E, 0x63, 0x6F, 0x6D, 0x75, 0x6E, 0x73, 0x20, 0x6E, 0x6F, 0x20, 0x65, 0x73, 0x70, 0x61, 0x87,
    0x6F, 0x2E, 0x20, 0x41, 0x0D, 0x0A, 0x71, 0x75, 0x61, 0x6C, 0x69, 0x64, 0x61, 0x64, 0x65, 0x20,
    0x64, 0x6F, 0x20, 0x61, 0x72, 0x2C, 0x20, 0x61, 0x6C, 0x69, 0x61, 0x64, 0x61, 0x20, 0x85, 0x20,
    0x63, 0x6F, 0x6E, 0x6A, 0x75, 0x6E, 0x87, 0xC6, 0x6F, 0x20, 0x64, 0x65, 0x0D, 0x0A, 0x64, 0x69,
    0x76, 0x65, 0x72, 0x73, 0x6F, 0x73, 0x20, 0x66, 0x61, 0x74, 0x6F, 0x72, 0x65, 0x73, 0x20, 0x66,
    0x61, 0x76, 0x6F, 0x72, 0xA0, 0x76, 0x65, 0x69, 0x73, 0x2C, 0x20, 0x64, 0x65, 0x69, 0x78, 0x6F,
    0x75, 0x2D, 0x6E, 0x6F, 0x73, 0x0D, 0x0A, 0x69, 0x6D, 0x70, 0x61, 0x63, 0x69, 0x65, 0x6E, 0x74,
    0x65, 0x73, 0x20, 0x70, 0x6F, 0x72, 0x20, 0x63, 0x6F, 0x6D, 0x65, 0x87, 0x61, 0x72, 0x2E, 0x20,
    0x54, 0x65, 0x6E, 0x64, 0x6F, 0x20, 0x63, 0x6F, 0x6C, 0x68, 0x69, 0x64, 0x6F, 0x0D, 0x0A, 0x6E,
    0x6F, 0x20, 0x4D, 0x75, 0x73, 0x65, 0x75, 0x20, 0x42, 0x72, 0x69, 0x74, 0x83, 0x6E, 0x69, 0x63,
    0x6F, 0x20, 0x61, 0x73, 0x20, 0x69, 0x6E, 0x66, 0x6F, 0x72, 0x6D, 0x61, 0x87, 0xE4, 0x65, 0x73,
    0x20, 0x71, 0x75, 0x65, 0x0D, 0x0A, 0x70, 0x75, 0x64, 0x65, 0x6D, 0x6F, 0x73, 0x2C, 0x20, 0x70,
    0x61, 0x72, 0x74, 0x69, 0x6D, 0x6F, 0x73, 0x20, 0x63, 0x6F, 0x6D, 0x20, 0x74, 0x6F, 0x64, 0x61,
    0x20, 0x61, 0x20, 0x70, 0x72, 0x65, 0x73, 0x74, 0x65, 0x7A, 0x61, 0x2E, 0x0D, 0x0A, 0x23, 0x50,
    0x4E, 0x6F, 0x73, 0x73, 0x6F, 0x73, 0x20, 0x74, 0x72, 0x61, 0x62, 0x61, 0x6C, 0x68, 0x6F, 0x73,
    0x20, 0x73, 0x6F, 0x62, 0x72, 0x65, 0x20, 0x6F, 0x20, 0x65, 0x73, 0x70, 0x61, 0x87, 0x6F, 0x2C,
    0x20, 0x65, 0x0D, 0x0A, 0x73, 0x6F, 0x62, 0x72, 0x65, 0x20, 0x6F, 0x73, 0x20, 0x63, 0x6F, 0x6D,
    0x65, 0x74, 0x61, 0x73, 0x20, 0x65, 0x6D, 0x20, 0x70, 0x61, 0x72, 0x74, 0x69, 0x63, 0x75, 0x6C,
    0x61, 0x72, 0x2C, 0x20, 0x68, 0x61, 0x76, 0x69, 0x61, 0x6D, 0x0D, 0x0A, 0x65, 0x6E, 0x63, 0x6F,
    0x6E, 0x74, 0x72, 0x61, 0x64, 0x6F, 0x20, 0x63, 0x61, 0x6C, 0x6F, 0x72, 0x6F, 0x73, 0x61, 0x20,
    0x61, 0x63, 0x6F, 0x6C, 0x68, 0x69, 0x64, 0x61, 0x2C, 0x20, 0x65, 0x20, 0x6A, 0x75, 0x6C, 0x67,
    0x61, 0x6D, 0x6F, 0x73, 0x0D, 0x0A, 0x6A, 0x75, 0x64, 0x69, 0x63, 0x69, 0x6F, 0x73, 0x6F, 0x20,
    0x69, 0x6E, 0x63, 0x6C, 0x75, 0x69, 0x72, 0x20, 0x64, 0x69, 0x76, 0x65, 0x72, 0x73, 0x6F, 0x73,
    0x20, 0x65, 0x73, 0x62, 0x6F, 0x87, 0x6F, 0x73, 0x0D, 0x0A, 0x6F, 0x72, 0x69, 0x67, 0x69, 0x6E,
    0x61, 0x69, 0x73, 0x20, 0x64, 0x6F, 0x20, 0x66, 0x65, 0x6E, 0x93, 0x6D, 0x65, 0x6E, 0x6F, 0x2C,
    0x20, 0x65, 0x73, 0x62, 0x6F, 0x87, 0x6F, 0x73, 0x20, 0x71, 0x75, 0x65, 0x2C, 0x0D, 0x0A, 0x65,
    0x73, 0x74, 0xA0, 0x76, 0x61, 0x6D, 0x6F, 0x73, 0x20, 0x63, 0x65, 0x72, 0x74, 0x6F, 0x73, 0x2C,
    0x20, 0x68, 0x61, 0x76, 0x65, 0x72, 0x69, 0x61, 0x6D, 0x20, 0x64, 0x65, 0x20, 0x64, 0x65, 0x73,
    0x70, 0x65, 0x72, 0x74, 0x61, 0x72, 0x0D, 0x0A, 0x76, 0x69, 0x76, 0xA1, 0x73, 0x73, 0x69, 0x6D,
    0x6F, 0x20, 0x69, 0x6E, 0x74, 0x65, 0x72, 0x65, 0x73, 0x73, 0x65, 0x20, 0x6E, 0x6F, 0x73, 0x20,
    0x63, 0xA1, 0x72, 0x63, 0x75, 0x6C, 0x6F, 0x73, 0x0D, 0x0A, 0x63, 0x69, 0x65, 0x6E, 0x74, 0xA1,
    0x66, 0x69, 0x63, 0x6F, 0x73, 0x20, 0x64, 0x65, 0x20, 0x31, 0x38, 0x33, 0x34, 0x2E, 0x2E, 0x2E,
    0x20, 0x52, 0x65, 0x66, 0x65, 0x72, 0x69, 0x6D, 0x6F, 0x2D, 0x6E, 0x6F, 0x73, 0x2C, 0x0D, 0x0A,
    0x6E, 0x61, 0x74, 0x75, 0x72, 0x61, 0x6C, 0x6D, 0x65, 0x6E, 0x74, 0x65, 0x2C, 0x20, 0x85, 0x20,
    0x70, 0x61, 0x73, 0x73, 0x61, 0x67, 0x65, 0x6D, 0x20, 0x64, 0x6F, 0x20, 0x63, 0x6F, 0x6D, 0x65,
    0x74, 0x61, 0x20, 0x64, 0x65, 0x0D, 0x0A, 0x48, 0x61, 0x6C, 0x6C, 0x65, 0x79, 0x2E, 0x0D, 0x0A,
    0x23, 0x50, 0x23, 0x43, 0x4E, 0x6F, 0x74, 0x61, 0x20, 0x64, 0x6F, 0x20, 0x65, 0x64, 0x69, 0x74,
    0x6F, 0x72, 0x2E, 0x0D, 0x0A, 0x23, 0x54, 0x41, 0x73, 0x20, 0x4D, 0x65, 0x6D, 0xA2, 0x72, 0x69,
    0x61, 0x73, 0x20, 0x64, 0x65, 0x20, 0x4C, 0x6F, 0x72, 0x64, 0x20, 0x42, 0x6F, 0x6C, 0x65, 0x73,
    0x6B, 0x69, 0x6E, 0x65, 0x20, 0x74, 0x65, 0x72, 0x6D, 0x69, 0x6E, 0x61, 0x6D, 0x0D, 0x0A, 0x6E,
    0x65, 0x73, 0x74, 0x65, 0x20, 0x70, 0x6F, 0x6E, 0x74, 0x6F, 0x2E, 0x20, 0x51, 0x75, 0x65, 0x6D,
    0x20, 0x73, 0x61, 0x62, 0x65, 0x20, 0x71, 0x75, 0x65, 0x20, 0x63, 0x6F, 0x6E, 0x74, 0x72, 0x69,
    0x62, 0x75, 0x69, 0x87, 0xE4, 0x65, 0x73, 0x0D, 0x0A, 0x65, 0x78, 0x74, 0x72, 0x61, 0x6F, 0x72,
    0x64, 0x69, 0x6E, 0xA0, 0x72, 0x69, 0x61, 0x73, 0x20, 0x65, 0x6C, 0x65, 0x20, 0x61, 0x69, 0x6E,
    0x64, 0x61, 0x20, 0x74, 0x65, 0x72, 0x69, 0x61, 0x20, 0x64, 0x61, 0x64, 0x6F, 0x2C, 0x0D, 0x0A,
    0x6E, 0xC6, 0x6F, 0x20, 0x68, 0x6F, 0x75, 0x76, 0x65, 0x73, 0x73, 0x65, 0x20, 0x73, 0x75, 0x63,
    0x75, 0x6D, 0x62, 0x69, 0x64, 0x6F, 0x2C, 0x20, 0x64, 0x75, 0x72, 0x61, 0x6E, 0x74, 0x65, 0x20,
    0x73, 0x75, 0x61, 0x0D, 0x0A, 0x76, 0x69, 0x73, 0x69, 0x74, 0x61, 0x20, 0x85, 0x20, 0x4E, 0x6F,
    0x76, 0x61, 0x20, 0x49, 0x6E, 0x67, 0x6C, 0x61, 0x74, 0x65, 0x72, 0x72, 0x61, 0x2C, 0x20, 0x85,
    0x20, 0x64, 0x65, 0x6D, 0x88, 0x6E, 0x63, 0x69, 0x61, 0x2C, 0x0D, 0x0A, 0x73, 0x65, 0x67, 0x75,
    0x69, 0x64, 0x61, 0x20, 0x64, 0x65, 0x20, 0x6D, 0x6F, 0x72, 0x74, 0x65, 0x20, 0x70, 0x72, 0x65,
    0x6D, 0x61, 0x74, 0x75, 0x72, 0x61, 0x20, 0x6E, 0x6F, 0x20, 0x48, 0x6F, 0x73, 0x70, 0x69, 0x74,
    0x61, 0x6C, 0x0D, 0x0A, 0x53, 0x74, 0x2E, 0x20, 0x41, 0x6E, 0x64, 0x72, 0x65, 0x77, 0x27, 0x73,
    0x3F, 0x0D, 0x0A, 0x1A, 0x0D, 0x0A, 0x00, 0x00, 0x00, 0x00, 0x75, 0x13, 0x00, 0x00, 0x75, 0x13,
    0x00, 0x00, 0x00, 0x00, 0x00, 0x00, 0x0D, 0x0A, 0x23, 0x43, 0x4F, 0x20, 0x4A, 0x75, 0x6C, 0x67,
    0x61, 0x6D, 0x65, 0x6E, 0x74, 0x6F, 0x20, 0x64, 0x6F, 0x20, 0x43, 0x61, 0x70, 0x69, 0x74, 0xC6,
    0x6F, 0x20, 0x50, 0x72, 0x65, 0x67, 0x7A, 0x74, 0x0D, 0x0A, 0x0D, 0x0A, 0x23, 0x43, 0x53, 0x65,
    0x67, 0x75, 0x6E, 0x64, 0x6F, 0x20, 0x6F, 0x20, 0x72, 0x65, 0x6C, 0x61, 0x74, 0x6F, 0x20, 0x64,
    0x65, 0x20, 0x73, 0x65, 0x75, 0x20, 0x66, 0x69, 0x65, 0x6C, 0x0D, 0x0A, 0x23, 0x43, 0x63, 0x6F,
    0x6D, 0x70, 0x61, 0x6E, 0x68, 0x65, 0x69, 0x72, 0x6F, 0x20, 0x45, 0x6C, 0x69, 0x73, 0x68, 0x61,
    0x68, 0x20, 0x53, 0x6D, 0x69, 0x74, 0x68, 0x2C, 0x0D, 0x0A, 0x23, 0x43, 0x63, 0x6F, 0x6E, 0x68,
    0x65, 0x63, 0x69, 0x64, 0x6F, 0x20, 0x65, 0x6D, 0x20, 0x73, 0x75, 0x61, 0x20, 0x69, 0x72, 0x6D,
    0x61, 0x6E, 0x64, 0x61, 0x64, 0x65, 0x20, 0x70, 0x65, 0x6C, 0x61, 0x0D, 0x0A, 0x23, 0x43, 0x61,
    0x6C, 0x63, 0x75, 0x6E, 0x68, 0x61, 0x20, 0x74, 0x65, 0x72, 0x72, 0xA1, 0x76, 0x65, 0x6C, 0x20,
    0x64, 0x65, 0x0D, 0x0A, 0x23, 0x43, 0x43, 0x61, 0x70, 0x74, 0x27, 0x6E, 0x20, 0x45, 0x6C, 0x69,
    0x65, 0x20, 0x48, 0x65, 0x6C, 0x6C, 0x2E, 0x0D, 0x0A, 0x0D, 0x0A, 0x23, 0x50, 0x23, 0x43, 0x54,
    0x72, 0x61, 0x6E, 0x73, 0x63, 0x72, 0x69, 0x74, 0x6F, 0x20, 0x64, 0x6F, 0x20, 0x64, 0x69, 0xA0,
    0x72, 0x69, 0x6F, 0x20, 0x64, 0x65, 0x20, 0x62, 0x6F, 0x72, 0x64, 0x6F, 0x0D, 0x0A, 0x23, 0x43,
    0x65, 0x6E, 0x63, 0x6F, 0x6E, 0x74, 0x72, 0x61, 0x64, 0x6F, 0x20, 0x6E, 0x6F, 0x73, 0x20, 0x64,
    0x65, 0x73, 0x74, 0x72, 0x6F, 0x87, 0x6F, 0x73, 0x20, 0x64, 0x61, 0x20, 0x66, 0x72, 0x61, 0x67,
    0x61, 0x74, 0x61, 0x0D, 0x0A, 0x23, 0x43, 0x41, 0x73, 0x74, 0x61, 0x72, 0x74, 0x65, 0x20, 0x70,
    0x6F, 0x72, 0x20, 0x48, 0x2E, 0x20, 0x48, 0x61, 0x72, 0x74, 0x77, 0x6F, 0x6F, 0x64, 0x2E, 0x0D,
    0x0A, 0x23, 0x50, 0x22, 0x50, 0x6F, 0x72, 0x20, 0x74, 0x6F, 0x64, 0x6F, 0x73, 0x20, 0x6F, 0x73,
    0x20, 0x64, 0x69, 0x61, 0x62, 0x6F, 0x73, 0x21, 0x22, 0x20, 0x72, 0x75, 0x67, 0x69, 0x75, 0x20,
    0x50, 0x72, 0x65, 0x67, 0x7A, 0x74, 0x2C, 0x0D, 0x0A, 0x66, 0x75, 0x6C, 0x6D, 0x69, 0x6E, 0x61,
    0x6E, 0x64, 0x6F, 0x20, 0x63, 0x6F, 0x6D, 0x20, 0x6F, 0x20, 0x6F, 0x6C, 0x68, 0x61, 0x72, 0x20,
    0x57, 0x69, 0x6C, 0x6C, 0x69, 0x61, 0x6D, 0x2C, 0x20, 0x6F, 0x20, 0x6A, 0x75, 0x69, 0x7A, 0x2E,
    0x0D, 0x0A, 0x22, 0x52, 0x61, 0x69, 0x6F, 0x73, 0x2C, 0x20, 0x57, 0x69, 0x6C, 0x6C, 0x2C, 0x20,
    0x6E, 0x65, 0x6D, 0x20, 0x74, 0x6F, 0x64, 0x6F, 0x73, 0x20, 0x6F, 0x73, 0x20, 0x63, 0x61, 0x6E,
    0x68, 0xE4, 0x65, 0x73, 0x20, 0x64, 0x65, 0x73, 0x73, 0x61, 0x0D, 0x0A, 0x6D, 0x61, 0x6C, 0x64,
    0x69, 0x74, 0x61, 0x20, 0x4D, 0x61, 0x72, 0x69, 0x6E, 0x68, 0x61, 0x20, 0x6D, 0x65, 0x20, 0x66,
    0x61, 0x72, 0x69, 0x61, 0x6D, 0x20, 0x6D, 0x75, 0x64, 0x61, 0x72, 0x20, 0x64, 0x65, 0x0D, 0x0A,
    0x69, 0x64, 0x65, 0x69, 0x61, 0x21, 0x20, 0x90, 0x73, 0x20, 0x6F, 0x20, 0x6D, 0x61, 0x69, 0x6F,
    0x72, 0x20, 0x70, 0x61, 0x74, 0x69, 0x66, 0x65, 0x20, 0x71, 0x75, 0x65, 0x20, 0x6A, 0xA0, 0x20,
    0x65, 0x6E, 0x74, 0x72, 0x6F, 0x75, 0x0D, 0x0A, 0x70, 0x61, 0x72, 0x61, 0x20, 0x61, 0x20, 0x6E,
    0x6F, 0x73, 0x73, 0x61, 0x20, 0x69, 0x72, 0x6D, 0x61, 0x6E, 0x64, 0x61, 0x64, 0x65, 0x2E, 0x20,
    0x4E, 0xC6, 0x6F, 0x20, 0x73, 0x6F, 0x75, 0x20, 0x65, 0x75, 0x0D, 0x0A, 0x50, 0x72, 0x65, 0x67,
    0x7A, 0x74, 0x2C, 0x20, 0x63, 0x61, 0x70, 0x69, 0x74, 0xC6, 0x6F, 0x20, 0x64, 0x6F, 0x20, 0x41,
    0x73, 0x74, 0x61, 0x72, 0x74, 0x65, 0x20, 0x65, 0x20, 0x6F, 0x20, 0x6D, 0x61, 0x69, 0x73, 0x0D,
    0x0A, 0x73, 0x61, 0x6E, 0x67, 0x75, 0x69, 0x6E, 0xA0, 0x72, 0x69, 0x6F, 0x20, 0x63, 0x65, 0x6C,
    0x65, 0x72, 0x61, 0x64, 0x6F, 0x20, 0x64, 0x6F, 0x73, 0x20, 0x73, 0x65, 0x74, 0x65, 0x20, 0x6D,
    0x61, 0x72, 0x65, 0x73, 0x3F, 0x0D, 0x0A, 0x23, 0x50, 0x45, 0x7A, 0x65, 0x63, 0x68, 0x2C, 0x20,
    0x6F, 0x20, 0x53, 0x61, 0x6E, 0x67, 0x75, 0x69, 0x6E, 0xA0, 0x72, 0x69, 0x6F, 0x2C, 0x20, 0x82,
    0x20, 0x63, 0x6F, 0x6D, 0x6F, 0x20, 0x6D, 0x65, 0x0D, 0x0A, 0x63, 0x68, 0x61, 0x6D, 0x61, 0x6D,
    0x2E, 0x0D, 0x0A, 0x23, 0x54, 0x45, 0x20, 0x70, 0x65, 0x6E, 0x73, 0x61, 0x73, 0x20, 0x71, 0x75,
    0x65, 0x20, 0x76, 0x6F, 0x75, 0x20, 0x64, 0x69, 0x7A, 0x65, 0x72, 0x2D, 0x74, 0x65, 0x20, 0x6F,
    0x6E, 0x64, 0x65, 0x20, 0x65, 0x73, 0x63, 0x6F, 0x6E, 0x64, 0x69, 0x0D, 0x0A, 0x6D, 0x65, 0x75,
    0x20, 0x74, 0x65, 0x73, 0x6F, 0x75, 0x72, 0x6F, 0x3F, 0x22, 0x0D, 0x0A, 0x23, 0x54, 0x4F, 0x20,
    0x74, 0x72, 0x69, 0x62, 0x75, 0x6E, 0x61, 0x6C, 0x20, 0x64, 0x61, 0x20, 0x69, 0x72, 0x6D, 0x61,
    0x6E, 0x64, 0x61, 0x64, 0x65, 0x20, 0x64, 0x6F, 0x73, 0x20, 0x63, 0x6F, 0x72, 0x73, 0xA0, 0x72,
    0x69, 0x6F, 0x73, 0x0D, 0x0A, 0x6D, 0x75, 0x72, 0x6D, 0x75, 0x72, 0x6F, 0x75, 0x20, 0x61, 0x6F,
    0x20, 0x6F, 0x75, 0x76, 0x69, 0x72, 0x20, 0x69, 0x73, 0x73, 0x6F, 0x2E, 0x20, 0x50, 0x72, 0x65,
    0x67, 0x7A, 0x74, 0x20, 0x65, 0x72, 0x61, 0x2C, 0x20, 0x64, 0x65, 0x0D, 0x0A, 0x66, 0x61, 0x74,
    0x6F, 0x2C, 0x20, 0x74, 0x75, 0x64, 0x6F, 0x20, 0x6F, 0x20, 0x71, 0x75, 0x65, 0x20, 0x64, 0x69,
    0x7A, 0x69, 0x61, 0x20, 0x73, 0x65, 0x72, 0x2E, 0x20, 0x4F, 0x20, 0x6A, 0x75, 0x69, 0x7A, 0x2C,
    0x0D, 0x0A, 0x57, 0x69, 0x6C, 0x6C, 0x69, 0x61, 0x6D, 0x20, 0x43, 0x61, 0x6F, 0x6C, 0x68, 0x6F,
    0x2C, 0x20, 0x64, 0x65, 0x75, 0x20, 0x75, 0x6D, 0x20, 0x6D, 0x75, 0x72, 0x72, 0x6F, 0x20, 0x6E,
    0x61, 0x20, 0x6D, 0x65, 0x73, 0x61, 0x2C, 0x20, 0x65, 0x0D, 0x0A, 0x6F, 0x20, 0x73, 0x69, 0x6C,
    0x88, 0x6E, 0x63, 0x69, 0x6F, 0x20, 0x76, 0x6F, 0x6C, 0x74, 0x6F, 0x75, 0x2E, 0x20, 0x22, 0x43,
    0x61, 0x6C, 0x61, 0x20, 0x61, 0x20, 0x62, 0x6F, 0x63, 0x61, 0x2C, 0x20, 0x50, 0x72, 0x65, 0x67,
    0x7A, 0x74, 0x2E, 0x0D, 0x0A, 0x23, 0x50, 0x4E, 0xC6, 0x6F, 0x20, 0x70, 0x61, 0x67, 0x61, 0x73,
    0x74, 0x65, 0x20, 0x85, 0x20, 0x49, 0x72, 0x6D, 0x61, 0x6E, 0x64, 0x61, 0x64, 0x65, 0x20, 0x61,
    0x20, 0x70, 0x61, 0x72, 0x74, 0x65, 0x20, 0x71, 0x75, 0x65, 0x0D, 0x0A, 0x6C, 0x68, 0x65, 0x20,
    0x63, 0x61, 0x62, 0x65, 0x2C, 0x20, 0x65, 0x20, 0x69, 0x73, 0x73, 0x6F, 0x20, 0x73, 0xA2, 0x20,
    0x71, 0x75, 0x65, 0x72, 0x20, 0x64, 0x69, 0x7A, 0x65, 0x72, 0x20, 0x75, 0x6D, 0x61, 0x0D, 0x0A,
    0x63, 0x6F, 0x69, 0x73, 0x61, 0x3A, 0x20, 0x68, 0xA0, 0x73, 0x20, 0x64, 0x65, 0x20, 0x62, 0x61,
    0x6C, 0x61, 0x6E, 0x87, 0x61, 0x72, 0x20, 0x70, 0x65, 0x6C, 0x6F, 0x20, 0x70, 0x65, 0x73, 0x63,
    0x6F, 0x87, 0x6F, 0x20, 0x6E, 0x61, 0x0D, 0x0A, 0x70, 0x6F, 0x6E, 0x74, 0x61, 0x20, 0x64, 0x65,
    0x20, 0x75, 0x6D, 0x61, 0x20, 0x76, 0x65, 0x72, 0x67, 0x61, 0x2C, 0x20, 0x63, 0xC6, 0x6F, 0x20,
    0x73, 0x61, 0x72, 0x6E, 0x65, 0x6E, 0x74, 0x6F, 0x2E, 0x0D, 0x0A, 0x23, 0x50, 0x23, 0x54, 0x45,
    0x69, 0x73, 0x20, 0x61, 0x20, 0x63, 0x6F, 0x72, 0x64, 0x61, 0x2C, 0x20, 0x74, 0x72, 0x61, 0x6E,
    0x87, 0x61, 0x64, 0x61, 0x20, 0x70, 0x65, 0x6C, 0x6F, 0x20, 0x70, 0x72, 0xA2, 0x70, 0x72, 0x69,
    0x6F, 0x0D, 0x0A, 0x53, 0x61, 0x74, 0x61, 0x6E, 0xA0, 0x73, 0x21, 0x22, 0x20, 0x22, 0x54, 0x75,
    0x20, 0x6D, 0x65, 0x20, 0x61, 0x6D, 0x65, 0x61, 0x87, 0x61, 0x73, 0x2C, 0x20, 0x57, 0x69, 0x6C,
    0x6C, 0x3F, 0x20, 0x4D, 0x75, 0x69, 0x74, 0x6F, 0x73, 0x0D, 0x0A, 0x68, 0x6F, 0x6D, 0x65, 0x6E,
    0x73, 0x20, 0x6D, 0x65, 0x6C, 0x68, 0x6F, 0x72, 0x65, 0x73, 0x20, 0x64, 0x6F, 0x20, 0x71, 0x75,
    0x65, 0x20, 0x74, 0x75, 0x20, 0x76, 0x69, 0x76, 0x65, 0x72, 0x61, 0x6D, 0x20, 0x70, 0x61, 0x72,
    0x61, 0x0D, 0x0A, 0x73, 0x65, 0x20, 0x61, 0x72, 0x72, 0x65, 0x70, 0x65, 0x6E, 0x64, 0x65, 0x72,
    0x20, 0x64, 0x65, 0x20, 0x6D, 0x65, 0x20, 0x61, 0x70, 0x6F, 0x6E, 0x74, 0x61, 0x72, 0x20, 0x75,
    0x6D, 0x20, 0x73, 0x61, 0x62, 0x72, 0x65, 0x20, 0x85, 0x0D, 0x0A, 0x63, 0x61, 0x72, 0x61, 0x2E,
    0x20, 0x41, 0x69, 0x6E, 0x64, 0x61, 0x20, 0x68, 0xA0, 0x73, 0x20, 0x64, 0x65, 0x20, 0x69, 0x6D,
    0x70, 0x6C, 0x6F, 0x72, 0x61, 0x72, 0x20, 0x70, 0x6F, 0x72, 0x0D, 0x0A, 0x6D, 0x69, 0x73, 0x65,
    0x72, 0x69, 0x63, 0xA2, 0x72, 0x64, 0x69, 0x61, 0x2C, 0x20, 0x67, 0x75, 0x61, 0x72, 0x64, 0x61,
    0x20, 0x62, 0x65, 0x6D, 0x20, 0x6F, 0x20, 0x71, 0x75, 0x65, 0x20, 0x74, 0x65, 0x20, 0x64, 0x69,
    0x67, 0x6F, 0x21, 0x22, 0x0D, 0x0A, 0x23, 0x50, 0x23, 0x54, 0x41, 0x71, 0x75, 0x69, 0x6C, 0x6F,
    0x20, 0x61, 0x62, 0x61, 0x6C, 0x6F, 0x75, 0x20, 0x57, 0x69, 0x6C, 0x6C, 0x69, 0x61, 0x6D, 0x20,
    0x43, 0x61, 0x6F, 0x6C, 0x68, 0x6F, 0x2C, 0x20, 0x6E, 0xC6, 0x6F, 0x0D, 0x0A, 0x72, 0x65, 0x73,
    0x74, 0x61, 0x20, 0x64, 0xA3, 0x76, 0x69, 0x64, 0x61, 0x2E, 0x20, 0x44, 0x61, 0x6E, 0x6E, 0x79,
    0x20, 0x61, 0x67, 0x69, 0x74, 0x6F, 0x75, 0x20, 0x6F, 0x20, 0x67, 0x61, 0x6E, 0x63, 0x68, 0x6F,
    0x20, 0x6E, 0x6F, 0x0D, 0x0A, 0x61, 0x72, 0x20, 0x65, 0x20, 0x67, 0x72, 0x69, 0x74, 0x6F, 0x75,
    0x3A, 0x20, 0x22, 0x50, 0x72, 0x65, 0x67, 0x7A, 0x74, 0x20, 0x73, 0x65, 0x6D, 0x70, 0x72, 0x65,
    0x20, 0x66, 0x6F, 0x69, 0x20, 0x75, 0x6D, 0x0D, 0x0A, 0x66, 0x61, 0x6E, 0x66, 0x61, 0x72, 0x72,
    0xC6, 0x6F, 0x21, 0x20, 0x41, 0x20, 0x6C, 0x65, 0x69, 0x20, 0x6D, 0x61, 0x6E, 0x64, 0x61, 0x20,
    0x65, 0x6E, 0x66, 0x6F, 0x72, 0x63, 0xA0, 0x2D, 0x6C, 0x6F, 0x21, 0x22, 0x20, 0x4F, 0x73, 0x0D,
    0x0A, 0x6A, 0x75, 0x72, 0x61, 0x64, 0x6F, 0x73, 0x20, 0x72, 0x65, 0x70, 0x65, 0x74, 0x69, 0x72,
    0x61, 0x6D, 0x20, 0x6F, 0x20, 0x62, 0x72, 0x61, 0x64, 0x6F, 0x3A, 0x0D, 0x0A, 0x22, 0x45, 0x6E,
    0x66, 0x6F, 0x72, 0x71, 0x75, 0x65, 0x6D, 0x2D, 0x6E, 0x6F, 0x21, 0x22, 0x0D, 0x0A, 0x23, 0x50,
    0x23, 0x54, 0x46, 0x6F, 0x69, 0x20, 0x61, 0x20, 0x76, 0x65, 0x7A, 0x20, 0x64, 0x65, 0x20, 0x50,
    0x72, 0x65, 0x67, 0x7A, 0x74, 0x20, 0x65, 0x73, 0x6D, 0x75, 0x72, 0x72, 0x61, 0x72, 0x20, 0x61,
    0x20, 0x6D, 0x65, 0x73, 0x61, 0x2E, 0x0D, 0x0A, 0x4C, 0x61, 0x6E, 0x87, 0x6F, 0x75, 0x20, 0x61,
    0x20, 0x63, 0x61, 0x62, 0x65, 0x87, 0x61, 0x20, 0x70, 0x61, 0x72, 0x61, 0x20, 0x74, 0x72, 0xA0,
    0x73, 0x20, 0x65, 0x20, 0x73, 0x6F, 0x6C, 0x74, 0x6F, 0x75, 0x20, 0x75, 0x6D, 0x61, 0x0D, 0x0A,
    0x67, 0x61, 0x72, 0x67, 0x61, 0x6C, 0x68, 0x61, 0x64, 0x61, 0x2E, 0x20, 0x22, 0x54, 0x6F, 0x6C,
    0x6F, 0x73, 0x21, 0x20, 0x51, 0x75, 0x65, 0x72, 0x65, 0x6D, 0x20, 0x6D, 0x61, 0x74, 0x61, 0x72,
    0x20, 0x6F, 0x20, 0x71, 0x75, 0x65, 0x0D, 0x0A, 0x6A, 0x61, 0x6D, 0x61, 0x69, 0x73, 0x20, 0x68,
    0xA0, 0x20, 0x64, 0x65, 0x20, 0x6D, 0x6F, 0x72, 0x72, 0x65, 0x72, 0x3F, 0x20, 0x50, 0x6F, 0x69,
    0x73, 0x20, 0x74, 0x65, 0x6E, 0x74, 0x65, 0x6D, 0x21, 0x22, 0x20, 0x4D, 0x61, 0x69, 0x73, 0x0D,
    0x0A, 0x75, 0x6D, 0x61, 0x20, 0x76, 0x65, 0x7A, 0x2C, 0x20, 0x6F, 0x73, 0x20, 0x63, 0x6F, 0x72,
    0x73, 0xA0, 0x72, 0x69, 0x6F, 0x73, 0x20, 0x72, 0x65, 0x75, 0x6E, 0x69, 0x64, 0x6F, 0x73, 0x0D,
    0x0A, 0x6D, 0x75, 0x72, 0x6D, 0x75, 0x72, 0x61, 0x72, 0x61, 0x6D, 0x2E, 0x20, 0x50, 0x61, 0x69,
    0x72, 0x61, 0x76, 0x61, 0x20, 0x6E, 0x6F, 0x20, 0x61, 0x72, 0x20, 0x75, 0x6D, 0x20, 0x6D, 0x61,
    0x6C, 0x2D, 0x65, 0x73, 0x74, 0x61, 0x72, 0x2E, 0x0D, 0x0A, 0x4C, 0x65, 0x6D, 0x62, 0x72, 0x61,
    0x76, 0x61, 0x6D, 0x2D, 0x73, 0x65, 0x20, 0x64, 0x6F, 0x20, 0x71, 0x75, 0x65, 0x20, 0x61, 0x63,
    0x6F, 0x6E, 0x74, 0x65, 0x63, 0x65, 0x72, 0x61, 0x20, 0x61, 0x20, 0x43, 0x68, 0x75, 0x63, 0x6B,
    0x2C, 0x0D, 0x0A, 0x6F, 0x20, 0x44, 0x65, 0x67, 0x6F, 0x6C, 0x61, 0x64, 0x6F, 0x72, 0x2C, 0x20,
    0x6F, 0x20, 0x68, 0x6F, 0x6D, 0x65, 0x6D, 0x20, 0x71, 0x75, 0x65, 0x20, 0x61, 0x62, 0x72, 0x69,
    0x75, 0x20, 0x61, 0x20, 0x62, 0x6F, 0x63, 0x61, 0x0D, 0x0A, 0x75, 0x6D, 0x61, 0x20, 0x76, 0x65,
    0x7A, 0x20, 0x61, 0x20, 0x6D, 0x61, 0x69, 0x73, 0x2E, 0x2E, 0x2E, 0x0D, 0x0A, 0x23, 0x50, 0x23,
    0x54, 0x45, 0x72, 0x61, 0x20, 0x6E, 0x6F, 0x69, 0x74, 0x65, 0x2C, 0x20, 0x65, 0x20, 0x75, 0x6D,
    0x20, 0x76, 0x65, 0x6E, 0x74, 0x6F, 0x20, 0x63, 0x6F, 0x72, 0x74, 0x61, 0x6E, 0x74, 0x65, 0x0D,
    0x0A, 0x61, 0x87, 0x6F, 0x69, 0x74, 0x61, 0x76, 0x61, 0x20, 0x61, 0x20, 0x63, 0x6F, 0x73, 0x74,
    0x61, 0x20, 0x64, 0x61, 0x20, 0x4E, 0x6F, 0x76, 0x61, 0x20, 0x49, 0x6E, 0x67, 0x6C, 0x61, 0x74,
    0x65, 0x72, 0x72, 0x61, 0x2E, 0x20, 0x42, 0x65, 0x6D, 0x0D, 0x0A, 0x61, 0x62, 0x72, 0x69, 0x67,
    0x61, 0x64, 0x6F, 0x20, 0x6E, 0x61, 0x20, 0x45, 0x73, 0x74, 0x61, 0x6C, 0x61, 0x67, 0x65, 0x6D,
    0x20, 0x64, 0x6F, 0x20, 0x43, 0x61, 0x76, 0x61, 0x6C, 0x6F, 0x20, 0x4D, 0x6F, 0x72, 0x74, 0x6F,
    0x2C, 0x0D, 0x0A, 0x75, 0x6D, 0x20, 0x64, 0x6F, 0x73, 0x20, 0x68, 0x6F, 0x6D, 0x65, 0x6E, 0x73,
    0x20, 0x64, 0x6F, 0x20, 0x41, 0x73, 0x74, 0x61, 0x72, 0x74, 0x65, 0x20, 0x66, 0x61, 0x6C, 0x61,
    0x76, 0x61, 0x2E, 0x0D, 0x0A, 0x43, 0x68, 0x61, 0x6D, 0x61, 0x76, 0x61, 0x2D, 0x73, 0x65, 0x20,
    0x43, 0x68, 0x75, 0x63, 0x6B, 0x2C, 0x20, 0x65, 0x20, 0x6F, 0x20, 0x61, 0x73, 0x73, 0x75, 0x6E,
    0x74, 0x6F, 0x20, 0x65, 0x72, 0x61, 0x20, 0x6D, 0x61, 0x67, 0x69, 0x61, 0x0D, 0x0A, 0x6E, 0x65,
    0x67, 0x72, 0x61, 0x2E, 0x20, 0x43, 0x6F, 0x6E, 0x74, 0x61, 0x76, 0x61, 0x20, 0x68, 0x69, 0x73,
    0x74, 0xA2, 0x72, 0x69, 0x61, 0x73, 0x20, 0x64, 0x65, 0x20, 0x73, 0x61, 0x63, 0x72, 0x69, 0x66,
    0xA1, 0x63, 0x69, 0x6F, 0x73, 0x0D, 0x0A, 0x68, 0x75, 0x6D, 0x61, 0x6E, 0x6F, 0x73, 0x2C, 0x20,
    0x72, 0x69, 0x74, 0x6F, 0x73, 0x20, 0x76, 0x6F, 0x64, 0x75, 0x73, 0x20, 0x65, 0x20, 0x7A, 0x75,
    0x6D, 0x62, 0x69, 0x73, 0x2E, 0x0D, 0x0A, 0x23, 0x50, 0x23, 0x54, 0x43, 0x6F, 0x6E, 0x74, 0x6F,
    0x75, 0x20, 0x64, 0x65, 0x20, 0x75, 0x6D, 0x20, 0x74, 0x65, 0x6D, 0x70, 0x6F, 0x20, 0x65, 0x6D,
    0x20, 0x71, 0x75, 0x65, 0x20, 0x61, 0x20, 0x73, 0x6F, 0x72, 0x74, 0x65, 0x0D, 0x0A, 0x6C, 0x68,
    0x65, 0x73, 0x20, 0x66, 0x61, 0x6C, 0x74, 0x61, 0x72, 0x61, 0x20, 0x65, 0x20, 0x65, 0x6C, 0x65,
    0x73, 0x20, 0x73, 0x65, 0x20, 0x68, 0x61, 0x76, 0x69, 0x61, 0x6D, 0x20, 0x65, 0x6E, 0x74, 0x6F,
    0x63, 0x61, 0x64, 0x6F, 0x0D, 0x0A, 0x6E, 0x75, 0x6D, 0x20, 0x70, 0x83, 0x6E, 0x74, 0x61, 0x6E,
    0x6F, 0x20, 0x64, 0x61, 0x20, 0x46, 0x6C, 0xA2, 0x72, 0x69, 0x64, 0x61, 0x2E, 0x20, 0x50, 0x72,
    0x65, 0x67, 0x7A, 0x74, 0x0D, 0x0A, 0x64, 0x65, 0x73, 0x61, 0x70, 0x61, 0x72, 0x65, 0x63, 0x65,
    0x75, 0x2E, 0x20, 0x51, 0x75, 0x61, 0x6E, 0x64, 0x6F, 0x20, 0x76, 0x6F, 0x6C, 0x74, 0x6F, 0x75,
    0x2C, 0x20, 0x62, 0x72, 0x61, 0x64, 0x6F, 0x75, 0x3A, 0x0D, 0x0A, 0x22, 0x41, 0x67, 0x6F, 0x72,
    0x61, 0x20, 0x82, 0x20, 0x6F, 0x20, 0x44, 0x69, 0x61, 0x62, 0x6F, 0x20, 0x71, 0x75, 0x65, 0x6D,
    0x20, 0x6E, 0x6F, 0x73, 0x20, 0x67, 0x75, 0x69, 0x61, 0x2C, 0x20, 0x6D, 0x65, 0x75, 0x73, 0x0D,
    0x0A, 0x76, 0x61, 0x6C, 0x65, 0x6E, 0x74, 0x65, 0x73, 0x21, 0x22, 0x0D, 0x0A, 0x23, 0x50, 0x23,
    0x54, 0x46, 0x6F, 0x73, 0x73, 0x65, 0x20, 0x6F, 0x75, 0x20, 0x6E, 0xC6, 0x6F, 0x20, 0x76, 0x65,
    0x72, 0x64, 0x61, 0x64, 0x65, 0x2C, 0x20, 0x6F, 0x20, 0x41, 0x73, 0x74, 0x61, 0x72, 0x74, 0x65,
    0x0D, 0x0A, 0x70, 0x61, 0x73, 0x73, 0x6F, 0x75, 0x20, 0x61, 0x20, 0x66, 0x61, 0x7A, 0x65, 0x72,
    0x20, 0x70, 0x72, 0x65, 0x73, 0x61, 0x20, 0x61, 0x70, 0xA2, 0x73, 0x20, 0x70, 0x72, 0x65, 0x73,
    0x61, 0x2C, 0x20, 0x63, 0x61, 0x64, 0x61, 0x0D, 0x0A, 0x71, 0x75, 0x61, 0x6C, 0x20, 0x6D, 0x61,
    0x69, 0x73, 0x20, 0x73, 0x75, 0x63, 0x75, 0x6C, 0x65, 0x6E, 0x74, 0x61, 0x2E, 0x20, 0x41, 0x20,
    0x63, 0x61, 0x6E, 0x87, 0xC6, 0x6F, 0x20, 0x70, 0x72, 0x65, 0x64, 0x69, 0x6C, 0x65, 0x74, 0x61,
    0x0D, 0x0A, 0x64, 0x6F, 0x73, 0x20, 0x68, 0x6F, 0x6D, 0x65, 0x6E, 0x73, 0x20, 0x64, 0x6F, 0x20,
    0x41, 0x73, 0x74, 0x61, 0x72, 0x74, 0x65, 0x2C, 0x20, 0x22, 0x51, 0x75, 0x65, 0x62, 0x72, 0x61,
    0x20, 0x6F, 0x73, 0x0D, 0x0A, 0x4F, 0x73, 0x73, 0x6F, 0x73, 0x22, 0x2C, 0x20, 0x66, 0x6F, 0x69,
    0x20, 0x73, 0x75, 0x62, 0x73, 0x74, 0x69, 0x74, 0x75, 0xA1, 0x64, 0x61, 0x20, 0x70, 0x6F, 0x72,
    0x20, 0x75, 0x6D, 0x61, 0x20, 0x6E, 0x6F, 0x76, 0x61, 0x3A, 0x0D, 0x0A, 0x23, 0x50, 0x0D, 0x0A,
    0x23, 0x43, 0x22, 0x43, 0x61, 0x76, 0x65, 0x69, 0x72, 0x61, 0x21, 0x20, 0x41, 0x20, 0x62, 0x6F,
    0x6D, 0x62, 0x6F, 0x72, 0x64, 0x6F, 0x21, 0x0D, 0x0A, 0x23, 0x43, 0x53, 0x61, 0x62, 0x72, 0x65,
    0x21, 0x20, 0x41, 0x20, 0x65, 0x73, 0x74, 0x69, 0x62, 0x6F, 0x72, 0x64, 0x6F, 0x21, 0x0D, 0x0A,
    0x23, 0x43, 0x51, 0x75, 0x65, 0x6D, 0x20, 0x6E, 0xC6, 0x6F, 0x20, 0x66, 0x69, 0x7A, 0x65, 0x72,
    0x20, 0x61, 0x73, 0x73, 0x69, 0x6D, 0x0D, 0x0A, 0x23, 0x43, 0x43, 0x6F, 0x6D, 0x20, 0x61, 0x20,
    0x6D, 0x6F, 0x72, 0x74, 0x65, 0x20, 0x74, 0x65, 0x72, 0xA0, 0x20, 0x73, 0x65, 0x75, 0x20, 0x66,
    0x69, 0x6D, 0x2E, 0x0D, 0x0A, 0x23, 0x43, 0x53, 0x65, 0x20, 0x61, 0x20, 0x63, 0x6F, 0x72, 0x64,
    0x61, 0x20, 0x63, 0x6F, 0x72, 0x74, 0x61, 0x72, 0x65, 0x73, 0x2C, 0x0D, 0x0A, 0x23, 0x43, 0x51,
    0x75, 0x65, 0x20, 0x73, 0x65, 0x6A, 0x61, 0x20, 0x61, 0x20, 0x64, 0x61, 0x20, 0x64, 0x69, 0x72,
    0x65, 0x69, 0x74, 0x61, 0x2C, 0x0D, 0x0A, 0x23, 0x43, 0x4F, 0x75, 0x20, 0x65, 0x6E, 0x74, 0xC6,
    0x6F, 0x2C, 0x20, 0x74, 0x61, 0x6E, 0x74, 0x6F, 0x20, 0x66, 0x61, 0x7A, 0x2C, 0x0D, 0x0A, 0x23,
    0x43, 0x41, 0x20, 0x6D, 0x6F, 0x72, 0x74, 0x65, 0x20, 0x74, 0x65, 0x20, 0x65, 0x73, 0x70, 0x72,
    0x65, 0x69, 0x74, 0x61, 0x2E, 0x22, 0x0D, 0x0A, 0x23, 0x50, 0x4E, 0x6F, 0x20, 0x64, 0x69, 0x61,
    0x20, 0x73, 0x65, 0x67, 0x75, 0x69, 0x6E, 0x74, 0x65, 0x2C, 0x20, 0x63, 0x6F, 0x6D, 0x6F, 0x20,
    0x6F, 0x20, 0x6C, 0x65, 0x69, 0x74, 0x6F, 0x72, 0x20, 0x74, 0x65, 0x72, 0xA0, 0x0D, 0x0A, 0x61,
    0x64, 0x69, 0x76, 0x69, 0x6E, 0x68, 0x61, 0x64, 0x6F, 0x2C, 0x20, 0x6F, 0x20, 0x63, 0x6F, 0x72,
    0x70, 0x6F, 0x20, 0x64, 0x65, 0x20, 0x43, 0x68, 0x75, 0x63, 0x6B, 0x20, 0x66, 0x6F, 0x69, 0x0D,
    0x0A, 0x65, 0x6E, 0x63, 0x6F, 0x6E, 0x74, 0x72, 0x61, 0x64, 0x6F, 0x20, 0x63, 0x6F, 0x6D, 0x20,
    0x75, 0x6D, 0x20, 0x70, 0x75, 0x6E, 0x68, 0x61, 0x6C, 0x20, 0x63, 0x72, 0x61, 0x76, 0x61, 0x64,
    0x6F, 0x20, 0x65, 0x6E, 0x74, 0x72, 0x65, 0x0D, 0x0A, 0x61, 0x73, 0x20, 0x6F, 0x6D, 0x6F, 0x70,
    0x6C, 0x61, 0x74, 0x61, 0x73, 0x2E, 0x20, 0x4F, 0x20, 0x72, 0x6F, 0x73, 0x74, 0x6F, 0x20, 0x64,
    0x65, 0x20, 0x43, 0x68, 0x75, 0x63, 0x6B, 0x20, 0x65, 0x73, 0x74, 0x61, 0x76, 0x61, 0x0D, 0x0A,
    0x63, 0x6F, 0x6E, 0x67, 0x65, 0x6C, 0x61, 0x64, 0x6F, 0x20, 0x6E, 0x75, 0x6D, 0x20, 0x73, 0x6F,
    0x72, 0x72, 0x69, 0x73, 0x6F, 0x20, 0x6D, 0x65, 0x64, 0x6F, 0x6E, 0x68, 0x6F, 0x2E, 0x2E, 0x2E,
    0x0D, 0x0A, 0x48, 0x61, 0x76, 0x69, 0x61, 0x6D, 0x2D, 0x6C, 0x68, 0x65, 0x20, 0x64, 0x65, 0x73,
    0x70, 0x65, 0x6A, 0x61, 0x64, 0x6F, 0x20, 0x63, 0x68, 0x75, 0x6D, 0x62, 0x6F, 0x20, 0x64, 0x65,
    0x72, 0x72, 0x65, 0x74, 0x69, 0x64, 0x6F, 0x0D, 0x0A, 0x70, 0x65, 0x6C, 0x61, 0x20, 0x67, 0x61,
    0x72, 0x67, 0x61, 0x6E, 0x74, 0x61, 0x2E, 0x0D, 0x0A, 0x23, 0x50, 0x23, 0x54, 0x43, 0x6F, 0x6D,
    0x6F, 0x20, 0x71, 0x75, 0x65, 0x72, 0x20, 0x71, 0x75, 0x65, 0x20, 0x61, 0x73, 0x20, 0x63, 0x6F,
    0x69, 0x73, 0x61, 0x73, 0x20, 0x73, 0x65, 0x20, 0x74, 0x65, 0x6E, 0x68, 0x61, 0x6D, 0x0D, 0x0A,
    0x70, 0x61, 0x73, 0x73, 0x61, 0x64, 0x6F, 0x20, 0x64, 0x65, 0x70, 0x6F, 0x69, 0x73, 0x2C, 0x20,
    0x65, 0x20, 0x64, 0x69, 0x73, 0x73, 0x6F, 0x20, 0x6E, 0xC6, 0x6F, 0x20, 0x63, 0x6F, 0x6E, 0x68,
    0x65, 0x87, 0x6F, 0x20, 0x6F, 0x73, 0x0D, 0x0A, 0x70, 0x6F, 0x72, 0x6D, 0x65, 0x6E, 0x6F, 0x72,
    0x65, 0x73, 0x2C, 0x20, 0x50, 0x72, 0x65, 0x67, 0x7A, 0x74, 0x20, 0x65, 0x73, 0x74, 0x61, 0x76,
    0x61, 0x20, 0x6F, 0x75, 0x74, 0x72, 0x61, 0x20, 0x76, 0x65, 0x7A, 0x0D, 0x0A, 0x65, 0x6E, 0x74,
    0x72, 0x65, 0x20, 0x6E, 0xA2, 0x73, 0x20, 0x65, 0x20, 0x7A, 0x61, 0x72, 0x70, 0x61, 0x6D, 0x6F,
    0x73, 0x20, 0x72, 0x75, 0x6D, 0x6F, 0x20, 0x85, 0x20, 0x46, 0x6C, 0xA2, 0x72, 0x69, 0x64, 0x61,
    0x2E, 0x0D, 0x0A, 0x41, 0x6E, 0x63, 0x6F, 0x72, 0x61, 0x6D, 0x6F, 0x73, 0x20, 0x61, 0x20, 0x66,
    0x72, 0x61, 0x67, 0x61, 0x74, 0x61, 0x20, 0x6E, 0xC6, 0x6F, 0x20, 0x6C, 0x6F, 0x6E, 0x67, 0x65,
    0x20, 0x64, 0x65, 0x20, 0x4E, 0x6F, 0x76, 0x61, 0x0D, 0x0A, 0x4F, 0x72, 0x6C, 0x65, 0x61, 0x6E,
    0x73, 0x2E, 0x0D, 0x0A, 0x23, 0x50, 0x23, 0x54, 0x4C, 0x65, 0x76, 0x61, 0x6E, 0x64, 0x6F, 0x20,
    0x63, 0x6F, 0x6E, 0x73, 0x69, 0x67, 0x6F, 0x20, 0x61, 0x6C, 0x67, 0x75, 0x6E, 0x73, 0x20, 0x63,
    0x6F, 0x6D, 0x70, 0x61, 0x6E, 0x68, 0x65, 0x69, 0x72, 0x6F, 0x73, 0x0D, 0x0A, 0x64, 0x65, 0x20,
    0x63, 0x6F, 0x6E, 0x66, 0x69, 0x61, 0x6E, 0x87, 0x61, 0x2C, 0x20, 0x50, 0x72, 0x65, 0x67, 0x7A,
    0x74, 0x20, 0x65, 0x6D, 0x62, 0x72, 0x65, 0x6E, 0x68, 0x6F, 0x75, 0x2D, 0x73, 0x65, 0x20, 0x6E,
    0x6F, 0x0D, 0x0A, 0x70, 0x83, 0x6E, 0x74, 0x61, 0x6E, 0x6F, 0x2E, 0x20, 0x43, 0x61, 0x72, 0x72,
    0x65, 0x67, 0x61, 0x76, 0x61, 0x6D, 0x20, 0x67, 0x72, 0x61, 0x6E, 0x64, 0x65, 0x73, 0x20, 0x62,
    0x61, 0xA3, 0x73, 0x20, 0x64, 0x65, 0x0D, 0x0A, 0x6D, 0x61, 0x64, 0x65, 0x69, 0x72, 0x61, 0x2E,
    0x20, 0x44, 0x6F, 0x69, 0x73, 0x20, 0x64, 0x69, 0x61, 0x73, 0x20, 0x64, 0x65, 0x70, 0x6F, 0x69,
    0x73, 0x2C, 0x20, 0x6F, 0x75, 0x76, 0x69, 0x6D, 0x6F, 0x73, 0x20, 0x74, 0x69, 0x72, 0x6F, 0x73,
    0x0D, 0x0A, 0x65, 0x20, 0x67, 0x72, 0x69, 0x74, 0x6F, 0x73, 0x2E, 0x0D, 0x0A, 0x23, 0x54, 0x50,
    0x72, 0x65, 0x67, 0x7A, 0x74, 0x20, 0x63, 0x68, 0x65, 0x67, 0x6F, 0x75, 0x20, 0x70, 0x6F, 0x75,
    0x63, 0x6F, 0x20, 0x64, 0x65, 0x70, 0x6F, 0x69, 0x73, 0x20, 0x65, 0x20, 0x61, 0x66, 0x69, 0x72,
    0x6D, 0x6F, 0x75, 0x0D, 0x0A, 0x71, 0x75, 0x65, 0x20, 0x68, 0x61, 0x76, 0x69, 0x61, 0x6D, 0x20,
    0x73, 0x69, 0x64, 0x6F, 0x20, 0x61, 0x74, 0x61, 0x63, 0x61, 0x64, 0x6F, 0x73, 0x20, 0x70, 0x6F,
    0x72, 0x20, 0x6A, 0x61, 0x63, 0x61, 0x72, 0x82, 0x73, 0x2E, 0x0D, 0x0A, 0x53, 0x6F, 0x6D, 0x65,
    0x6E, 0x74, 0x65, 0x20, 0x65, 0x6C, 0x65, 0x20, 0x63, 0x6F, 0x6E, 0x73, 0x65, 0x67, 0x75, 0x69,
    0x72, 0x61, 0x20, 0x65, 0x73, 0x63, 0x61, 0x70, 0x61, 0x72, 0x20, 0x63, 0x6F, 0x6D, 0x20, 0x76,
    0x69, 0x64, 0x61, 0x2E, 0x0D, 0x0A, 0x23, 0x50, 0x23, 0x54, 0x44, 0x69, 0x73, 0x73, 0x65, 0x20,
    0x65, 0x6E, 0x74, 0xC6, 0x6F, 0x20, 0x71, 0x75, 0x65, 0x20, 0x63, 0x68, 0x65, 0x67, 0x61, 0x72,
    0x61, 0x20, 0x61, 0x20, 0x68, 0x6F, 0x72, 0x61, 0x20, 0x64, 0x65, 0x0D, 0x0A, 0x72, 0x65, 0x70,
    0x61, 0x72, 0x74, 0x69, 0x72, 0x20, 0x6F, 0x73, 0x20, 0x64, 0x65, 0x73, 0x70, 0x6F, 0x6A, 0x6F,
    0x73, 0x20, 0x64, 0x65, 0x20, 0x6E, 0x6F, 0x73, 0x73, 0x6F, 0x73, 0x20, 0x6D, 0x75, 0x69, 0x74,
    0x6F, 0x73, 0x0D, 0x0A, 0x73, 0x61, 0x71, 0x75, 0x65, 0x73, 0x2E, 0x20, 0x41, 0x20, 0x6D, 0x69,
    0x6D, 0x20, 0x63, 0x6F, 0x75, 0x62, 0x65, 0x20, 0x6F, 0x20, 0x63, 0x6F, 0x6D, 0x61, 0x6E, 0x64,
    0x6F, 0x20, 0x64, 0x6F, 0x0D, 0x0A, 0x41, 0x73, 0x74, 0x61, 0x72, 0x74, 0x65, 0x2C, 0x20, 0x65,
    0x6E, 0x71, 0x75, 0x61, 0x6E, 0x74, 0x6F, 0x20, 0x50, 0x72, 0x65, 0x67, 0x7A, 0x74, 0x20, 0x65,
    0x6E, 0x74, 0x72, 0x65, 0x67, 0x61, 0x76, 0x61, 0x20, 0x85, 0x0D, 0x0A, 0x74, 0x72, 0x69, 0x70,
    0x75, 0x6C, 0x61, 0x87, 0xC6, 0x6F, 0x20, 0x74, 0x72, 0x88, 0x73, 0x20, 0x62, 0x61, 0xA3, 0x73,
    0x20, 0x72, 0x65, 0x70, 0x6C, 0x65, 0x74, 0x6F, 0x73, 0x20, 0x64, 0x65, 0x20, 0x6F, 0x75, 0x72,
    0x6F, 0x20, 0x65, 0x0D, 0x0A, 0x70, 0x65, 0x64, 0x72, 0x61, 0x73, 0x20, 0x70, 0x72, 0x65, 0x63,
    0x69, 0x6F, 0x73, 0x61, 0x73, 0x2E, 0x20, 0x4F, 0x20, 0x72, 0x75, 0x6D, 0x20, 0x63, 0x6F, 0x72,
    0x72, 0x65, 0x75, 0x20, 0x73, 0x6F, 0x6C, 0x74, 0x6F, 0x0D, 0x0A, 0x6E, 0x61, 0x71, 0x75, 0x65,
    0x6C, 0x61, 0x20, 0x6E, 0x6F, 0x69, 0x74, 0x65, 0x2C, 0x20, 0x65, 0x20, 0x61, 0x73, 0x20, 0x65,
    0x73, 0x74, 0x72, 0x65, 0x6C, 0x61, 0x73, 0x20, 0x62, 0x72, 0x69, 0x6C, 0x68, 0x61, 0x76, 0x61,
    0x6D, 0x0D, 0x0A, 0x63, 0x6F, 0x6D, 0x20, 0x69, 0x6E, 0x74, 0x65, 0x6E, 0x73, 0x69, 0x64, 0x61,
    0x64, 0x65, 0x2E, 0x0D, 0x0A, 0x23, 0x50, 0x23, 0x54, 0x44, 0x65, 0x20, 0x72, 0x65, 0x70, 0x65,
    0x6E, 0x74, 0x65, 0x2C, 0x20, 0x72, 0x65, 0x70, 0x61, 0x72, 0x65, 0x69, 0x20, 0x6E, 0x75, 0x6D,
    0x20, 0x68, 0x6F, 0x6D, 0x65, 0x6D, 0x20, 0x61, 0x6C, 0x74, 0x6F, 0x2C, 0x0D, 0x0A, 0x76, 0x65,
    0x73, 0x74, 0x69, 0x64, 0x6F, 0x20, 0x64, 0x65, 0x20, 0x6E, 0x65, 0x67, 0x72, 0x6F, 0x2E, 0x20,
    0x50, 0x72, 0x65, 0x67, 0x7A, 0x74, 0x20, 0x66, 0x65, 0x7A, 0x20, 0x61, 0x73, 0x0D, 0x0A, 0x61,
    0x70, 0x72, 0x65, 0x73, 0x65, 0x6E, 0x74, 0x61, 0x87, 0xE4, 0x65, 0x73, 0x3A, 0x20, 0x22, 0x45,
    0x69, 0x73, 0x20, 0x75, 0x6D, 0x20, 0x63, 0x61, 0x6D, 0x61, 0x72, 0x61, 0x64, 0x61, 0x0D, 0x0A,
    0x76, 0x61, 0x6C, 0x6F, 0x72, 0x6F, 0x73, 0x6F, 0x21, 0x20, 0x50, 0x6F, 0x64, 0x65, 0x73, 0x20,
    0x63, 0x68, 0x61, 0x6D, 0xA0, 0x2D, 0x6C, 0x6F, 0x20, 0x64, 0x65, 0x20, 0x4B, 0x65, 0x69, 0x74,
    0x68, 0x2E, 0x20, 0x4D, 0x75, 0x69, 0x74, 0x61, 0x0D, 0x0A, 0x68, 0x69, 0x73, 0x74, 0xA2, 0x72,
    0x69, 0x61, 0x20, 0x65, 0x6C, 0x65, 0x20, 0x74, 0x65, 0x72, 0x69, 0x61, 0x20, 0x70, 0x61, 0x72,
    0x61, 0x20, 0x63, 0x6F, 0x6E, 0x74, 0x61, 0x72, 0x21, 0x22, 0x20, 0x50, 0x72, 0x65, 0x67, 0x7A,
    0x74, 0x0D, 0x0A, 0x72, 0x69, 0x75, 0x20, 0x61, 0x6C, 0x74, 0x6F, 0x20, 0x65, 0x20, 0x65, 0x72,
    0x67, 0x75, 0x65, 0x75, 0x20, 0x75, 0x6D, 0x20, 0x72, 0x6F, 0x6C, 0x6F, 0x20, 0x64, 0x65, 0x0D,
    0x0A, 0x70, 0x65, 0x72, 0x67, 0x61, 0x6D, 0x69, 0x6E, 0x68, 0x6F, 0x2E, 0x2E, 0x2E, 0x20, 0x22,
    0x45, 0x20, 0x71, 0x75, 0x65, 0x20, 0x65, 0x73, 0x63, 0x6F, 0x6E, 0x64, 0x65, 0x72, 0x69, 0x6A,
    0x6F, 0x20, 0x65, 0x6C, 0x65, 0x0D, 0x0A, 0x74, 0x65, 0x6D, 0x3B, 0x20, 0x6E, 0xC6, 0x6F, 0x20,
    0x68, 0xA0, 0x20, 0x6D, 0x65, 0x6C, 0x68, 0x6F, 0x72, 0x21, 0x22, 0x0D, 0x0A, 0x23, 0x50, 0x23,
    0x54, 0x4F, 0x20, 0x70, 0x65, 0x72, 0x67, 0x61, 0x6D, 0x69, 0x6E, 0x68, 0x6F, 0x20, 0x63, 0x61,
    0x69, 0x75, 0x20, 0x61, 0x6F, 0x20, 0x63, 0x68, 0xC6, 0x6F, 0x2C, 0x0D, 0x0A, 0x64, 0x65, 0x73,
    0x65, 0x6E, 0x72, 0x6F, 0x6C, 0x61, 0x6E, 0x64, 0x6F, 0x2D, 0x73, 0x65, 0x20, 0x65, 0x6D, 0x20,
    0x70, 0x61, 0x72, 0x74, 0x65, 0x2E, 0x20, 0x4E, 0x6F, 0x74, 0x65, 0x69, 0x20, 0x6F, 0x20, 0x71,
    0x75, 0x65, 0x0D, 0x0A, 0x70, 0x61, 0x72, 0x65, 0x63, 0x69, 0x61, 0x20, 0x73, 0x65, 0x72, 0x20,
    0x75, 0x6D, 0x20, 0x6D, 0x61, 0x70, 0x61, 0x20, 0x64, 0x65, 0x20, 0x74, 0xA3, 0x6E, 0x65, 0x69,
    0x73, 0x0D, 0x0A, 0x73, 0x75, 0x62, 0x74, 0x65, 0x72, 0x72, 0x83, 0x6E, 0x65, 0x6F, 0x73, 0x2C,
    0x20, 0x75, 0x6D, 0x20, 0x76, 0x65, 0x72, 0x64, 0x61, 0x64, 0x65, 0x69, 0x72, 0x6F, 0x20, 0x6C,
    0x61, 0x62, 0x69, 0x72, 0x69, 0x6E, 0x74, 0x6F, 0x20, 0x64, 0x65, 0x0D, 0x0A, 0x63, 0x61, 0x76,
    0x65, 0x72, 0x6E, 0x61, 0x73, 0x2E, 0x20, 0x50, 0x72, 0x65, 0x67, 0x7A, 0x74, 0x20, 0x70, 0x72,
    0x6F, 0x73, 0x73, 0x65, 0x67, 0x75, 0x69, 0x75, 0x3A, 0x20, 0x22, 0x56, 0x6F, 0x75, 0x20, 0x64,
    0x65, 0x69, 0x78, 0x61, 0x72, 0x0D, 0x0A, 0x61, 0x20, 0x76, 0x69, 0x64, 0x61, 0x20, 0x64, 0x65,
    0x20, 0x70, 0x69, 0x72, 0x61, 0x74, 0x61, 0x2E, 0x20, 0x4F, 0x20, 0x41, 0x73, 0x74, 0x61, 0x72,
    0x74, 0x65, 0x20, 0x61, 0x67, 0x6F, 0x72, 0x61, 0x20, 0x65, 0x73, 0x74, 0xA0, 0x0D, 0x0A, 0x65,
    0x6D, 0x20, 0x74, 0x75, 0x61, 0x73, 0x20, 0x6D, 0xC6, 0x6F, 0x73, 0x2C, 0x20, 0x72, 0x61, 0x70,
    0x61, 0x7A, 0x2E, 0x20, 0x90, 0x20, 0x75, 0x6D, 0x20, 0x62, 0x65, 0x6C, 0x6F, 0x20, 0x6E, 0x61,
    0x76, 0x69, 0x6F, 0x2C, 0x20, 0x65, 0x0D, 0x0A, 0x6D, 0x69, 0x6E, 0x68, 0x61, 0x20, 0x72, 0x65,
    0x70, 0x75, 0x74, 0x61, 0x87, 0xC6, 0x6F, 0x20, 0x76, 0x61, 0x69, 0x20, 0x63, 0x6F, 0x6D, 0x20,
    0x65, 0x6C, 0x65, 0x2E, 0x20, 0x53, 0x65, 0x20, 0x61, 0x6C, 0x67, 0x75, 0x6D, 0x0D, 0x0A, 0x68,
    0x6F, 0x6D, 0x65, 0x6D, 0x20, 0x6D, 0x65, 0x20, 0x63, 0x68, 0x61, 0x6D, 0x61, 0x72, 0x20, 0x64,
    0x65, 0x20, 0x63, 0x6F, 0x76, 0x61, 0x72, 0x64, 0x65, 0x2C, 0x20, 0x72, 0x61, 0x63, 0x68, 0x61,
    0x2D, 0x6C, 0x68, 0x65, 0x20, 0x61, 0x0D, 0x0A, 0x63, 0x61, 0x62, 0x65, 0x87, 0x61, 0x20, 0x70,
    0x6F, 0x72, 0x20, 0x6D, 0x69, 0x6D, 0x2E, 0x0D, 0x0A, 0x23, 0x50, 0x53, 0xA2, 0x20, 0x74, 0x65,
    0x20, 0x64, 0x65, 0x69, 0x78, 0x6F, 0x20, 0x70, 0x6F, 0x72, 0x71, 0x75, 0x65, 0x20, 0x65, 0x6E,
    0x63, 0x6F, 0x6E, 0x74, 0x72, 0x65, 0x69, 0x20, 0x75, 0x6D, 0x0D, 0x0A, 0x74, 0x65, 0x73, 0x6F,
    0x75, 0x72, 0x6F, 0x20, 0x6D, 0x61, 0x69, 0x73, 0x20, 0x70, 0x72, 0x65, 0x63, 0x69, 0x6F, 0x73,
    0x6F, 0x20, 0x71, 0x75, 0x65, 0x20, 0x6F, 0x20, 0x6D, 0x61, 0x69, 0x73, 0x20, 0x70, 0x75, 0x72,
    0x6F, 0x0D, 0x0A, 0x6F, 0x75, 0x72, 0x6F, 0x21, 0x20, 0x41, 0x68, 0x2C, 0x20, 0x61, 0x68, 0x2C,
    0x20, 0x61, 0x68, 0x21, 0x22, 0x0D, 0x0A, 0x23, 0x50, 0x23, 0x54, 0x4B, 0x65, 0x69, 0x74, 0x68,
    0x20, 0x66, 0x61, 0x6C, 0x6F, 0x75, 0x2D, 0x6C, 0x68, 0x65, 0x20, 0x65, 0x6E, 0x74, 0xC6, 0x6F,
    0x3A, 0x20, 0x22, 0x90, 0x0D, 0x0A, 0x6D, 0x65, 0x69, 0x61, 0x2D, 0x6E, 0x6F, 0x69, 0x74, 0x65,
    0x2E, 0x20, 0x45, 0x6C, 0x65, 0x73, 0x20, 0x65, 0x73, 0x74, 0xC6, 0x6F, 0x20, 0x70, 0x72, 0x6F,
    0x6E, 0x74, 0x6F, 0x73, 0x2C, 0x20, 0x65, 0x0D, 0x0A, 0x70, 0x72, 0x65, 0x63, 0x69, 0x73, 0x61,
    0x6D, 0x6F, 0x73, 0x20, 0x69, 0x72, 0x2E, 0x22, 0x20, 0x4F, 0x20, 0x65, 0x73, 0x74, 0x72, 0x61,
    0x6E, 0x68, 0x6F, 0x20, 0x76, 0x6F, 0x6C, 0x74, 0x6F, 0x75, 0x20, 0x70, 0x61, 0x72, 0x61, 0x0D,
    0x0A, 0x6D, 0x69, 0x6D, 0x20, 0x73, 0x65, 0x75, 0x73, 0x20, 0x6F, 0x6C, 0x68, 0x6F, 0x73, 0x20,
    0x66, 0x72, 0x69, 0x6F, 0x73, 0x20, 0x65, 0x20, 0x64, 0x69, 0x73, 0x73, 0x65, 0x2C, 0x20, 0x63,
    0x6F, 0x6D, 0x20, 0x76, 0x6F, 0x7A, 0x0D, 0x0A, 0x62, 0x72, 0x61, 0x6E, 0x64, 0x61, 0x20, 0x65,
    0x20, 0x67, 0x82, 0x6C, 0x69, 0x64, 0x61, 0x3A, 0x20, 0x22, 0xB7, 0x73, 0x20, 0x76, 0x65, 0x7A,
    0x65, 0x73, 0x20, 0x50, 0x72, 0x65, 0x67, 0x7A, 0x74, 0x20, 0x66, 0x61, 0x6C, 0x61, 0x0D, 0x0A,
    0x64, 0x65, 0x6D, 0x61, 0x69, 0x73, 0x2E, 0x20, 0x45, 0x73, 0x71, 0x75, 0x65, 0x87, 0x61, 0x20,
    0x6F, 0x20, 0x71, 0x75, 0x65, 0x20, 0x65, 0x6C, 0x65, 0x20, 0x61, 0x63, 0x61, 0x62, 0x6F, 0x75,
    0x20, 0x64, 0x65, 0x0D, 0x0A, 0x64, 0x69, 0x7A, 0x65, 0x72, 0x2C, 0x20, 0x65, 0x20, 0x74, 0x61,
    0x6C, 0x76, 0x65, 0x7A, 0x20, 0x63, 0x6F, 0x6E, 0x74, 0x69, 0x6E, 0x75, 0x65, 0x20, 0x76, 0x69,
    0x76, 0x6F, 0x21, 0x22, 0x0D, 0x0A, 0x23, 0x50, 0x41, 0x73, 0x20, 0x70, 0x61, 0x6C, 0x61, 0x76,
    0x72, 0x61, 0x73, 0x20, 0x64, 0x6F, 0x20, 0x73, 0x75, 0x6A, 0x65, 0x69, 0x74, 0x6F, 0x20, 0x67,
    0x65, 0x6C, 0x61, 0x72, 0x61, 0x6D, 0x2D, 0x6D, 0x65, 0x20, 0x6F, 0x0D, 0x0A, 0x74, 0x75, 0x74,
    0x61, 0x6E, 0x6F, 0x20, 0x64, 0x6F, 0x73, 0x20, 0x6F, 0x73, 0x73, 0x6F, 0x73, 0x2C, 0x20, 0x65,
    0x20, 0x74, 0x75, 0x64, 0x6F, 0x20, 0x6F, 0x20, 0x71, 0x75, 0x65, 0x20, 0x63, 0x6F, 0x6E, 0x73,
    0x65, 0x67, 0x75, 0x69, 0x0D, 0x0A, 0x66, 0x6F, 0x69, 0x20, 0x62, 0x61, 0x6C, 0x62, 0x75, 0x63,
    0x69, 0x61, 0x72, 0x3A, 0x20, 0x22, 0x4E, 0xC6, 0x6F, 0x20, 0x64, 0x69, 0x72, 0x65, 0x69, 0x20,
    0x75, 0x6D, 0x61, 0x20, 0x73, 0xA2, 0x0D, 0x0A, 0x70, 0x61, 0x6C, 0x61, 0x76, 0x72, 0x61, 0x2E,
    0x22, 0x20, 0x41, 0x20, 0x63, 0x61, 0x6E, 0x6F, 0x61, 0x20, 0x61, 0x66, 0x61, 0x73, 0x74, 0x6F,
    0x75, 0x2D, 0x73, 0x65, 0x20, 0x6E, 0x61, 0x20, 0x6E, 0x6F, 0x69, 0x74, 0x65, 0x2E, 0x0D, 0x0A,
    0x41, 0x73, 0x20, 0x74, 0x6F, 0x63, 0x68, 0x61, 0x73, 0x20, 0x64, 0x65, 0x73, 0x61, 0x70, 0x61,
    0x72, 0x65, 0x63, 0x65, 0x72, 0x61, 0x6D, 0x20, 0x61, 0x6F, 0x20, 0x6C, 0x6F, 0x6E, 0x67, 0x65,
    0x2C, 0x20, 0x6E, 0x6F, 0x0D, 0x0A, 0x70, 0x83, 0x6E, 0x74, 0x61, 0x6E, 0x6F, 0x2E, 0x20, 0x4D,
    0x65, 0x75, 0x73, 0x20, 0x63, 0x6F, 0x6D, 0x70, 0x61, 0x6E, 0x68, 0x65, 0x69, 0x72, 0x6F, 0x73,
    0x2C, 0x20, 0x71, 0x75, 0x65, 0x0D, 0x0A, 0x72, 0x6F, 0x6E, 0x63, 0x61, 0x76, 0x61, 0x6D, 0x2C,
    0x20, 0x6E, 0xC6, 0x6F, 0x20, 0x6F, 0x75, 0x76, 0x69, 0x72, 0x61, 0x6D, 0x20, 0x6F, 0x20, 0x72,
    0x69, 0x74, 0x6D, 0x6F, 0x20, 0x69, 0x6E, 0x73, 0x69, 0x64, 0x69, 0x6F, 0x73, 0x6F, 0x0D, 0x0A,
    0x64, 0x65, 0x20, 0x74, 0x61, 0x6D, 0x62, 0x6F, 0x72, 0x65, 0x73, 0x20, 0x64, 0x69, 0x73, 0x74,
    0x61, 0x6E, 0x74, 0x65, 0x73, 0x2E, 0x0D, 0x0A, 0x1A, 0x0D, 0x0A, 0x00, 0x00, 0x00, 0x00, 0xD4,
    0x04, 0x00, 0x00, 0xD4, 0x04, 0x00, 0x00, 0x00, 0x00, 0x00, 0x00, 0x0D, 0x0A, 0x0D, 0x0A, 0x23,
    0x43, 0x4D, 0x65, 0x6D, 0xA2, 0x72, 0x69, 0x61, 0x73, 0x20, 0x64, 0x65, 0x20, 0x75, 0x6D, 0x61,
    0x20, 0x41, 0x6C, 0x6D, 0x61, 0x20, 0x50, 0x65, 0x72, 0x64, 0x69, 0x64, 0x61, 0x0D, 0x0A, 0x23,
    0x50, 0x41, 0x20, 0x6D, 0xA0, 0x73, 0x63, 0x61, 0x72, 0x61, 0x20, 0x68, 0xA0, 0x20, 0x64, 0x65,
    0x20, 0x63, 0x61, 0x69, 0x72, 0x21, 0x20, 0x54, 0x75, 0x20, 0x71, 0x75, 0x65, 0x20, 0x64, 0x65,
    0x73, 0x63, 0x6F, 0x62, 0x72, 0x65, 0x73, 0x0D, 0x0A, 0x65, 0x73, 0x74, 0x65, 0x20, 0x6D, 0x61,
    0x6E, 0x75, 0x73, 0x63, 0x72, 0x69, 0x74, 0x6F, 0x2C, 0x20, 0x63, 0x6F, 0x6D, 0x70, 0x72, 0x65,
    0x65, 0x6E, 0x64, 0x65, 0x20, 0x69, 0x73, 0x74, 0x6F, 0x3A, 0x20, 0x65, 0x73, 0x74, 0x6F, 0x75,
    0x0D, 0x0A, 0x61, 0x71, 0x75, 0x69, 0x2C, 0x20, 0x61, 0x20, 0x74, 0x65, 0x75, 0x20, 0x6C, 0x61,
    0x64, 0x6F, 0x2E, 0x20, 0x45, 0x73, 0x70, 0x65, 0x72, 0x6F, 0x20, 0x6E, 0x61, 0x20, 0x65, 0x73,
    0x63, 0x75, 0x72, 0x69, 0x64, 0xC6, 0x6F, 0x20, 0x64, 0x65, 0x0D, 0x0A, 0x6D, 0x69, 0x6E, 0x68,
    0x61, 0x20, 0x63, 0x72, 0x69, 0x70, 0x74, 0x61, 0x2E, 0x20, 0x45, 0x6D, 0x20, 0x62, 0x72, 0x65,
    0x76, 0x65, 0x20, 0x6D, 0x65, 0x20, 0x70, 0x65, 0x72, 0x74, 0x65, 0x6E, 0x63, 0x65, 0x72, 0xA0,
    0x73, 0x2E, 0x0D, 0x0A, 0x55, 0x6D, 0x20, 0x64, 0x65, 0x20, 0x6D, 0x65, 0x75, 0x73, 0x20, 0x65,
    0x73, 0x63, 0x72, 0x61, 0x76, 0x6F, 0x73, 0x20, 0x65, 0x73, 0x63, 0x72, 0x65, 0x76, 0x65, 0x75,
    0x20, 0x65, 0x73, 0x74, 0x65, 0x0D, 0x0A, 0x64, 0x6F, 0x63, 0x75, 0x6D, 0x65, 0x6E, 0x74, 0x6F,
    0x2E, 0x20, 0x56, 0x69, 0x76, 0x6F, 0x20, 0x68, 0xA0, 0x20, 0x74, 0x72, 0x88, 0x73, 0x20, 0x73,
    0x82, 0x63, 0x75, 0x6C, 0x6F, 0x73, 0x2C, 0x20, 0x65, 0x20, 0x6D, 0x65, 0x75, 0x0D, 0x0A, 0x6E,
    0x6F, 0x6D, 0x65, 0x20, 0x82, 0x20, 0x45, 0x7A, 0x65, 0x63, 0x68, 0x69, 0x65, 0x6C, 0x20, 0x50,
    0x72, 0x65, 0x67, 0x7A, 0x74, 0x2C, 0x20, 0x6F, 0x75, 0x20, 0x45, 0x6C, 0x69, 0x61, 0x68, 0x0D,
    0x0A, 0x50, 0x69, 0x63, 0x6B, 0x66, 0x6F, 0x72, 0x64, 0x2E, 0x2E, 0x2E, 0x20, 0x43, 0x68, 0x61,
    0x6D, 0x61, 0x2D, 0x6D, 0x65, 0x20, 0x63, 0x6F, 0x6D, 0x6F, 0x20, 0x71, 0x75, 0x69, 0x73, 0x65,
    0x72, 0x65, 0x73, 0x2E, 0x0D, 0x0A, 0x23, 0x50, 0x4E, 0xC6, 0x6F, 0x20, 0x6D, 0x65, 0x20, 0x65,
    0x73, 0x63, 0x6F, 0x6E, 0x64, 0x6F, 0x20, 0x70, 0x6F, 0x72, 0x20, 0x6D, 0x65, 0x64, 0x6F, 0x2E,
    0x20, 0x4D, 0x65, 0x75, 0x20, 0x70, 0x6F, 0x64, 0x65, 0x72, 0x20, 0x82, 0x0D, 0x0A, 0x69, 0x6D,
    0x65, 0x6E, 0x73, 0x6F, 0x2E, 0x20, 0x4E, 0x61, 0x76, 0x65, 0x67, 0x75, 0x65, 0x69, 0x20, 0x70,
    0x65, 0x6C, 0x6F, 0x73, 0x20, 0x73, 0x65, 0x74, 0x65, 0x20, 0x6D, 0x61, 0x72, 0x65, 0x73, 0x2E,
    0x20, 0x4D, 0x65, 0x75, 0x0D, 0x0A, 0x6E, 0x61, 0x76, 0x69, 0x6F, 0x2C, 0x20, 0x6F, 0x20, 0x41,
    0x73, 0x74, 0x61, 0x72, 0x74, 0x65, 0x2C, 0x20, 0x65, 0x73, 0x70, 0x61, 0x6C, 0x68, 0x6F, 0x75,
    0x20, 0x6F, 0x20, 0x74, 0x65, 0x72, 0x72, 0x6F, 0x72, 0x20, 0x70, 0x6F, 0x72, 0x0D, 0x0A, 0x74,
    0x6F, 0x64, 0x6F, 0x73, 0x20, 0x6F, 0x73, 0x20, 0x63, 0x6F, 0x6E, 0x74, 0x69, 0x6E, 0x65, 0x6E,
    0x74, 0x65, 0x73, 0x2E, 0x20, 0x4F, 0x73, 0x20, 0x63, 0x6F, 0x72, 0x73, 0xA0, 0x72, 0x69, 0x6F,
    0x73, 0x0D, 0x0A, 0x6A, 0x75, 0x6C, 0x67, 0x61, 0x72, 0x61, 0x6D, 0x2D, 0x6D, 0x65, 0x2C, 0x20,
    0x63, 0x6F, 0x6D, 0x6F, 0x20, 0x6F, 0x73, 0x20, 0x6A, 0x75, 0xA1, 0x7A, 0x65, 0x73, 0x20, 0x67,
    0x61, 0x6C, 0x65, 0x73, 0x65, 0x73, 0x20, 0x64, 0x65, 0x0D, 0x0A, 0x31, 0x36, 0x32, 0x30, 0x2E,
    0x2E, 0x2E, 0x20, 0x4D, 0x61, 0x73, 0x20, 0x6E, 0xC6, 0x6F, 0x20, 0x70, 0x75, 0x64, 0x65, 0x72,
    0x61, 0x6D, 0x20, 0x64, 0x65, 0x73, 0x74, 0x72, 0x75, 0x69, 0x72, 0x2D, 0x6D, 0x65, 0x2C, 0x20,
    0x65, 0x0D, 0x0A, 0x74, 0x61, 0x6D, 0x70, 0x6F, 0x75, 0x63, 0x6F, 0x20, 0x6F, 0x73, 0x20, 0x70,
    0x69, 0x72, 0x61, 0x74, 0x61, 0x73, 0x2E, 0x20, 0x41, 0x67, 0x6F, 0x72, 0x61, 0x20, 0x65, 0x73,
    0x74, 0x6F, 0x75, 0x0D, 0x0A, 0x69, 0x6D, 0x6F, 0x62, 0x69, 0x6C, 0x69, 0x7A, 0x61, 0x64, 0x6F,
    0x2E, 0x2E, 0x2E, 0x20, 0x4D, 0x61, 0x6C, 0x64, 0x69, 0x74, 0x6F, 0x73, 0x20, 0x69, 0x61, 0x6E,
    0x71, 0x75, 0x65, 0x73, 0x21, 0x0D, 0x0A, 0x23, 0x50, 0x42, 0x72, 0x75, 0x78, 0x61, 0x72, 0x69,
    0x61, 0x2C, 0x20, 0x76, 0x6F, 0x64, 0x75, 0x20, 0x65, 0x20, 0x6F, 0x20, 0x63, 0x75, 0x6C, 0x74,
    0x6F, 0x20, 0x64, 0x65, 0x20, 0x43, 0x74, 0x68, 0x75, 0x6C, 0x68, 0x75, 0x2E, 0x2E, 0x2E, 0x0D,
    0x0A, 0x43, 0x6F, 0x6E, 0x68, 0x65, 0x87, 0x6F, 0x2D, 0x6F, 0x73, 0x20, 0x74, 0x6F, 0x64, 0x6F,
    0x73, 0x2E, 0x20, 0x52, 0x65, 0x69, 0x6E, 0x65, 0x69, 0x20, 0x65, 0x20, 0x69, 0x6D, 0x70, 0x6C,
    0x6F, 0x72, 0x65, 0x69, 0x20, 0x85, 0x73, 0x0D, 0x0A, 0x70, 0x65, 0x64, 0x72, 0x61, 0x73, 0x2E,
    0x20, 0x53, 0x6F, 0x6D, 0x65, 0x6E, 0x74, 0x65, 0x20, 0x6F, 0x20, 0x43, 0x74, 0x93, 0x6E, 0x69,
    0x6F, 0x20, 0x61, 0x73, 0x73, 0x6F, 0x6D, 0x62, 0x72, 0x61, 0x20, 0x61, 0x0D, 0x0A, 0x63, 0x61,
    0x76, 0x65, 0x72, 0x6E, 0x61, 0x20, 0x65, 0x20, 0x6D, 0x65, 0x20, 0x72, 0x65, 0x73, 0x69, 0x73,
    0x74, 0x65, 0x3B, 0x20, 0x6D, 0x61, 0x73, 0x20, 0x6E, 0xC6, 0x6F, 0x20, 0x6F, 0x75, 0x73, 0x61,
    0x0D, 0x0A, 0x61, 0x74, 0x61, 0x63, 0x61, 0x72, 0x21, 0x20, 0x50, 0x72, 0x65, 0x63, 0x69, 0x73,
    0x6F, 0x20, 0x64, 0x65, 0x20, 0x75, 0x6D, 0x20, 0x63, 0x6F, 0x72, 0x70, 0x6F, 0x20, 0x76, 0x69,
    0x76, 0x6F, 0x20, 0x70, 0x61, 0x72, 0x61, 0x20, 0x6D, 0x65, 0x0D, 0x0A, 0x72, 0x65, 0x67, 0x65,
    0x6E, 0x65, 0x72, 0x61, 0x72, 0x2E, 0x20, 0x4F, 0x73, 0x20, 0x48, 0x61, 0x72, 0x74, 0x77, 0x6F,
    0x6F, 0x64, 0x20, 0x63, 0x6F, 0x6E, 0x73, 0x65, 0x67, 0x75, 0x69, 0x72, 0x61, 0x6D, 0x0D, 0x0A,
    0x65, 0x73, 0x63, 0x61, 0x70, 0x61, 0x72, 0x2D, 0x6D, 0x65, 0x2E, 0x20, 0x4D, 0x61, 0x73, 0x20,
    0x74, 0x75, 0x2C, 0x20, 0x71, 0x75, 0x65, 0x20, 0x6C, 0x88, 0x73, 0x20, 0x65, 0x73, 0x74, 0x61,
    0x73, 0x0D, 0x0A, 0x70, 0x61, 0x6C, 0x61, 0x76, 0x72, 0x61, 0x73, 0x2C, 0x20, 0x68, 0xA0, 0x73,
    0x20, 0x64, 0x65, 0x20, 0x63, 0x65, 0x64, 0x65, 0x72, 0x20, 0x61, 0x6F, 0x20, 0x6D, 0x65, 0x75,
    0x20, 0x61, 0x62, 0x72, 0x61, 0x87, 0x6F, 0x21, 0x0D, 0x0A, 0x23, 0x50, 0x4F, 0x75, 0x87, 0x6F,
    0x20, 0x74, 0x75, 0x61, 0x20, 0x72, 0x65, 0x73, 0x70, 0x69, 0x72, 0x61, 0x87, 0xC6, 0x6F, 0x20,
    0x6F, 0x66, 0x65, 0x67, 0x61, 0x6E, 0x74, 0x65, 0x20, 0x65, 0x20, 0x73, 0x69, 0x6E, 0x74, 0x6F,
    0x20, 0x6F, 0x0D, 0x0A, 0x66, 0x65, 0x64, 0x6F, 0x72, 0x20, 0x64, 0x65, 0x20, 0x74, 0x65, 0x75,
    0x20, 0x6D, 0x65, 0x64, 0x6F, 0x2E, 0x20, 0x56, 0x65, 0x6E, 0x63, 0x69, 0x20, 0x61, 0x20, 0x6D,
    0x6F, 0x72, 0x74, 0x65, 0x2E, 0x0D, 0x0A, 0x43, 0x6F, 0x6E, 0x73, 0x74, 0x72, 0x75, 0xA1, 0x20,
    0x44, 0x65, 0x72, 0x63, 0x65, 0x74, 0x6F, 0x2E, 0x20, 0x53, 0x65, 0x69, 0x20, 0x6F, 0x20, 0x71,
    0x75, 0x65, 0x20, 0x82, 0x20, 0x65, 0x73, 0x70, 0x65, 0x72, 0x61, 0x72, 0x2E, 0x0D, 0x0A, 0x43,
    0x74, 0x68, 0x75, 0x6C, 0x68, 0x75, 0x20, 0x6D, 0x65, 0x20, 0x61, 0x6A, 0x75, 0x64, 0x61, 0x2E,
    0x20, 0x4D, 0x65, 0x75, 0x73, 0x20, 0x73, 0x65, 0x72, 0x76, 0x6F, 0x73, 0x20, 0x74, 0x65, 0x0D,
    0x0A, 0x64, 0x65, 0x69, 0x74, 0x61, 0x72, 0xC6, 0x6F, 0x20, 0x73, 0x6F, 0x62, 0x72, 0x65, 0x20,
    0x61, 0x20, 0x70, 0x65, 0x64, 0x72, 0x61, 0x20, 0x64, 0x6F, 0x20, 0x73, 0x61, 0x63, 0x72, 0x69,
    0x66, 0xA1, 0x63, 0x69, 0x6F, 0x2E, 0x0D, 0x0A, 0x4D, 0x65, 0x75, 0x20, 0x72, 0x75, 0x67, 0x69,
    0x64, 0x6F, 0x20, 0x72, 0x61, 0x73, 0x67, 0x61, 0x72, 0xA0, 0x20, 0x61, 0x20, 0x6E, 0x6F, 0x69,
    0x74, 0x65, 0x2E, 0x0D, 0x0A, 0x50, 0x65, 0x72, 0x74, 0x65, 0x6E, 0x63, 0x65, 0x72, 0x2D, 0x6D,
    0x65, 0x2D, 0xA0, 0x73, 0x2C, 0x20, 0x65, 0x20, 0x65, 0x75, 0x20, 0x72, 0x65, 0x69, 0x6E, 0x61,
    0x72, 0x65, 0x69, 0x20, 0x6F, 0x75, 0x74, 0x72, 0x61, 0x0D, 0x0A, 0x76, 0x65, 0x7A, 0x2E, 0x20,
    0x56, 0x65, 0x6D, 0x20, 0x61, 0x20, 0x6D, 0x69, 0x6D, 0x2E, 0x0D, 0x0A, 0x1A, 0x0D, 0x0A, 0x00,
    0x00, 0x00, 0x00, 0x59, 0x03, 0x00, 0x00, 0x59, 0x03, 0x00, 0x00, 0x00, 0x00, 0x00, 0x00, 0x23,
    0x50, 0x0D, 0x0A, 0x0D, 0x0A, 0x0D, 0x0A, 0x0D, 0x0A, 0x0D, 0x0A, 0x23, 0x43, 0x50, 0x75, 0x62,
    0x6C, 0x69, 0x63, 0x61, 0x64, 0x6F, 0x20, 0x70, 0x6F, 0x72, 0x0D, 0x0A, 0x23, 0x43, 0x49, 0xFA,
    0x4D, 0x6F, 0x74, 0x69, 0x6F, 0x6E, 0x0D, 0x0A, 0x0D, 0x0A, 0x23, 0x43, 0x50, 0x72, 0x6F, 0x64,
    0x75, 0x7A, 0x69, 0x64, 0x6F, 0x20, 0x70, 0x6F, 0x72, 0x0D, 0x0A, 0x23, 0x43, 0x49, 0x6E, 0x66,
    0x6F, 0x67, 0x72, 0x61, 0x6D, 0x65, 0x73, 0x0D, 0x0A, 0x23, 0x50, 0x0D, 0x0A, 0x0D, 0x0A, 0x0D,
    0x0A, 0x0D, 0x0A, 0x0D, 0x0A, 0x23, 0x43, 0x52, 0x65, 0x61, 0x6C, 0x69, 0x7A, 0x61, 0x64, 0x6F,
    0x20, 0x26, 0x20, 0x44, 0x69, 0x72, 0x69, 0x67, 0x69, 0x64, 0x6F, 0x20, 0x70, 0x6F, 0x72, 0x0D,
    0x0A, 0x0D, 0x0A, 0x23, 0x43, 0x46, 0x72, 0x82, 0x64, 0x82, 0x72, 0x69, 0x63, 0x6B, 0x20, 0x52,
    0x61, 0x79, 0x6E, 0x61, 0x6C, 0x0D, 0x0A, 0x23, 0x50, 0x0D, 0x0A, 0x0D, 0x0A, 0x50, 0x72, 0x69,
    0x6D, 0x65, 0x69, 0x72, 0x6F, 0x20, 0x41, 0x73, 0x73, 0x69, 0x73, 0x74, 0x65, 0x6E, 0x74, 0x65,
    0x0D, 0x0A, 0x0D, 0x0A, 0x23, 0x54, 0x23, 0x54, 0x23, 0x54, 0x46, 0x72, 0x61, 0x6E, 0x63, 0x6B,
    0x20, 0x44, 0x65, 0x20, 0x47, 0x69, 0x72, 0x6F, 0x6C, 0x61, 0x6D, 0x69, 0x0D, 0x0A, 0x0D, 0x0A,
    0x44, 0x69, 0x72, 0x65, 0x87, 0xC6, 0x6F, 0x20, 0x64, 0x65, 0x20, 0x41, 0x72, 0x74, 0x65, 0x0D,
    0x0A, 0x0D, 0x0A, 0x23, 0x54, 0x23, 0x54, 0x23, 0x54, 0x59, 0x61, 0x89, 0x6C, 0x20, 0x42, 0x61,
    0x72, 0x72, 0x6F, 0x7A, 0x0D, 0x0A, 0x23, 0x54, 0x23, 0x54, 0x23, 0x54, 0x4A, 0x65, 0x61, 0x6E,
    0x2D, 0x4D, 0x61, 0x72, 0x63, 0x20, 0x54, 0x6F, 0x72, 0x6F, 0x65, 0x6C, 0x6C, 0x61, 0x0D, 0x0A,
    0x0D, 0x0A, 0x4D, 0x6F, 0x64, 0x65, 0x6C, 0x61, 0x67, 0x65, 0x6D, 0x20, 0x33, 0x44, 0x20, 0x26,
    0x20, 0x41, 0x6E, 0x69, 0x6D, 0x61, 0x87, 0xC6, 0x6F, 0x0D, 0x0A, 0x0D, 0x0A, 0x23, 0x54, 0x23,
    0x54, 0x23, 0x54, 0x44, 0x69, 0x64, 0x69, 0x65, 0x72, 0x20, 0x43, 0x68, 0x61, 0x6E, 0x66, 0x72,
    0x61, 0x79, 0x0D, 0x0A, 0x23, 0x50, 0x0D, 0x0A, 0x0D, 0x0A, 0x0D, 0x0A, 0x52, 0x6F, 0x74, 0x65,
    0x69, 0x72, 0x6F, 0x0D, 0x0A, 0x0D, 0x0A, 0x23, 0x54, 0x23, 0x54, 0x23, 0x54, 0x48, 0x75, 0x62,
    0x65, 0x72, 0x74, 0x20, 0x43, 0x68, 0x61, 0x72, 0x64, 0x6F, 0x74, 0x0D, 0x0A, 0x23, 0x54, 0x23,
    0x54, 0x23, 0x54, 0x46, 0x72, 0x61, 0x6E, 0x63, 0x6B, 0x20, 0x4D, 0x61, 0x6E, 0x7A, 0x65, 0x74,
    0x74, 0x69, 0x0D, 0x0A, 0x0D, 0x0A, 0x0D, 0x0A, 0x0D, 0x0A, 0x47, 0x65, 0x72, 0x65, 0x6E, 0x74,
    0x65, 0x20, 0x64, 0x65, 0x20, 0x50, 0x72, 0x6F, 0x64, 0x75, 0x74, 0x6F, 0x0D, 0x0A, 0x0D, 0x0A,
    0x23, 0x54, 0x23, 0x54, 0x23, 0x54, 0x4F, 0x6C, 0x69, 0x76, 0x69, 0x65, 0x72, 0x20, 0x52, 0x6F,
    0x62, 0x69, 0x6E, 0x0D, 0x0A, 0x23, 0x50, 0x0D, 0x0A, 0x0D, 0x0A, 0x4D, 0xA3, 0x73, 0x69, 0x63,
    0x61, 0x20, 0x4F, 0x72, 0x69, 0x67, 0x69, 0x6E, 0x61, 0x6C, 0x20, 0x26, 0x20, 0x45, 0x66, 0x65,
    0x69, 0x74, 0x6F, 0x73, 0x20, 0x53, 0x6F, 0x6E, 0x6F, 0x72, 0x6F, 0x73, 0x0D, 0x0A, 0x0D, 0x0A,
    0x23, 0x54, 0x23, 0x54, 0x23, 0x54, 0x50, 0x68, 0x69, 0x6C, 0x69, 0x70, 0x70, 0x65, 0x20, 0x56,
    0x61, 0x63, 0x68, 0x65, 0x79, 0x0D, 0x0A, 0x23, 0x54, 0x23, 0x54, 0x4D, 0x69, 0x78, 0x61, 0x67,
    0x65, 0x6D, 0x20, 0x64, 0x65, 0x20, 0x53, 0x65, 0x71, 0x75, 0x65, 0x6E, 0x63, 0x65, 0x20, 0x43,
    0x6F, 0x64, 0x61, 0x0D, 0x0A, 0x0D, 0x0A, 0x0D, 0x0A, 0x41, 0x73, 0x73, 0x69, 0x73, 0x74, 0x65,
    0x6E, 0x74, 0x65, 0x73, 0x0D, 0x0A, 0x0D, 0x0A, 0x23, 0x54, 0x23, 0x54, 0x23, 0x54, 0x46, 0x72,
    0x82, 0x64, 0x82, 0x72, 0x69, 0x71, 0x75, 0x65, 0x20, 0x42, 0x6F, 0x75, 0x72, 0x67, 0x69, 0x6E,
    0x0D, 0x0A, 0x23, 0x54, 0x23, 0x54, 0x23, 0x54, 0x4C, 0x69, 0x6F, 0x6E, 0x65, 0x6C, 0x20, 0x46,
    0x72, 0x61, 0x70, 0x70, 0x82, 0x0D, 0x0A, 0x23, 0x54, 0x23, 0x54, 0x23, 0x54, 0x53, 0x65, 0x72,
    0x67, 0x65, 0x20, 0x50, 0x6C, 0x61, 0x67, 0x6E, 0x6F, 0x6C, 0x0D, 0x0A, 0x23, 0x50, 0x0D, 0x0A,
    0x0D, 0x0A, 0x0D, 0x0A, 0x41, 0x67, 0x72, 0x61, 0x64, 0x65, 0x63, 0x69, 0x6D, 0x65, 0x6E, 0x74,
    0x6F, 0x73, 0x20, 0x45, 0x73, 0x70, 0x65, 0x63, 0x69, 0x61, 0x69, 0x73, 0x20, 0x61, 0x20, 0x3A,
    0x0D, 0x0A, 0x0D, 0x0A, 0x0D, 0x0A, 0x23, 0x54, 0x23, 0x54, 0x23, 0x54, 0x42, 0x72, 0x75, 0x6E,
    0x6F, 0x20, 0x42, 0x6F, 0x6E, 0x6E, 0x65, 0x6C, 0x6C, 0x0D, 0x0A, 0x23, 0x54, 0x23, 0x54, 0x23,
    0x54, 0x42, 0x65, 0x72, 0x6E, 0x61, 0x72, 0x64, 0x20, 0x4D, 0x6F, 0x6E, 0x74, 0x69, 0x62, 0x65,
    0x72, 0x74, 0x0D, 0x0A, 0x23, 0x54, 0x23, 0x54, 0x23, 0x54, 0x45, 0x72, 0x69, 0x63, 0x20, 0x4D,
    0x6F, 0x74, 0x74, 0x65, 0x74, 0x0D, 0x0A, 0x23, 0x54, 0x23, 0x54, 0x23, 0x54, 0x56, 0x65, 0x72,
    0x6F, 0x6E, 0x69, 0x71, 0x75, 0x65, 0x20, 0x53, 0x61, 0x6C, 0x6D, 0x65, 0x72, 0x6F, 0x6E, 0x0D,
    0x0A, 0x23, 0x54, 0x23, 0x54, 0x23, 0x54, 0x48, 0x2E, 0x50, 0x2E, 0x4C, 0x6F, 0x76, 0x65, 0x63,
    0x72, 0x61, 0x66, 0x74, 0x0D, 0x0A, 0x23, 0x54, 0x23, 0x54, 0x23, 0x54, 0x43, 0x68, 0x61, 0x6F,
    0x73, 0x69, 0x75, 0x6D, 0x0D, 0x0A, 0x23, 0x50, 0x0D, 0x0A, 0x0D, 0x0A, 0x0D, 0x0A, 0x0D, 0x0A,
    0x0D, 0x0A, 0x23, 0x43, 0xA9, 0x31, 0x39, 0x39, 0x32, 0x20, 0x49, 0xFA, 0x4D, 0x6F, 0x74, 0x69,
    0x6F, 0x6E, 0x20, 0x2F, 0x20, 0x49, 0x6E, 0x66, 0x6F, 0x67, 0x72, 0x61, 0x6D, 0x65, 0x73, 0x0D,
    0x0A, 0x0D, 0x0A, 0x0D, 0x0A, 0x23, 0x43, 0x44, 0x69, 0x73, 0x74, 0x72, 0x69, 0x62, 0x75, 0xA1,
    0x64, 0x6F, 0x20, 0x70, 0x6F, 0x72, 0x0D, 0x0A, 0x23, 0x43, 0x49, 0x6E, 0x74, 0x65, 0x72, 0x70,
    0x6C, 0x61, 0x79, 0x0D, 0x0A, 0x1A, 0x0D, 0x0A, 0x00, 0x00, 0x00, 0x00, 0x6A, 0x06, 0x00, 0x00,
    0x6A, 0x06, 0x00, 0x00, 0x00, 0x00, 0x00, 0x00, 0x23, 0x54, 0x4E, 0x61, 0x20, 0x6D, 0x69, 0x6E,
    0x68, 0x61, 0x20, 0x70, 0x6F, 0x72, 0x74, 0x61, 0x2C, 0x20, 0x75, 0x6D, 0x61, 0x20, 0x70, 0x6C,
    0x61, 0x63, 0x61, 0x20, 0x64, 0x65, 0x20, 0x6C, 0x61, 0x74, 0xC6, 0x6F, 0x20, 0x73, 0x65, 0x6D,
    0x0D, 0x0A, 0x62, 0x72, 0x69, 0x6C, 0x68, 0x6F, 0x20, 0x64, 0x69, 0x7A, 0x20, 0x22, 0x44, 0x65,
    0x74, 0x65, 0x74, 0x69, 0x76, 0x65, 0x20, 0x50, 0x61, 0x72, 0x74, 0x69, 0x63, 0x75, 0x6C, 0x61,
    0x72, 0x22, 0x2E, 0x20, 0x4F, 0x73, 0x0D, 0x0A, 0x70, 0x6F, 0x75, 0x63, 0x6F, 0x73, 0x20, 0x61,
    0x6D, 0x69, 0x67, 0x6F, 0x73, 0x20, 0x71, 0x75, 0x65, 0x20, 0x74, 0x65, 0x6E, 0x68, 0x6F, 0x20,
    0x6D, 0x65, 0x20, 0x63, 0x68, 0x61, 0x6D, 0x61, 0x6D, 0x20, 0x64, 0x65, 0x0D, 0x0A, 0x43, 0x61,
    0x72, 0x6E, 0x62, 0x79, 0x3B, 0x20, 0x6F, 0x73, 0x20, 0x6F, 0x75, 0x74, 0x72, 0x6F, 0x73, 0x2C,
    0x20, 0x64, 0x65, 0x20, 0x52, 0x82, 0x70, 0x74, 0x69, 0x6C, 0x2E, 0x20, 0x4E, 0x65, 0x6D, 0x20,
    0x71, 0x75, 0x65, 0x72, 0x6F, 0x0D, 0x0A, 0x73, 0x61, 0x62, 0x65, 0x72, 0x20, 0x63, 0x6F, 0x6D,
    0x6F, 0x20, 0x6D, 0x65, 0x75, 0x20, 0x62, 0x61, 0x6E, 0x71, 0x75, 0x65, 0x69, 0x72, 0x6F, 0x20,
    0x6D, 0x65, 0x20, 0x63, 0x68, 0x61, 0x6D, 0x61, 0x2E, 0x20, 0x48, 0x6F, 0x6A, 0x65, 0x0D, 0x0A,
    0x65, 0x6D, 0x20, 0x64, 0x69, 0x61, 0x20, 0x6E, 0x65, 0x6D, 0x20, 0x61, 0x62, 0x72, 0x6F, 0x20,
    0x61, 0x73, 0x20, 0x63, 0x61, 0x72, 0x74, 0x61, 0x73, 0x3A, 0x20, 0x63, 0x6F, 0x6E, 0x74, 0x61,
    0x73, 0x20, 0x65, 0x0D, 0x0A, 0x61, 0x6D, 0x65, 0x61, 0x87, 0x61, 0x73, 0x20, 0x64, 0x65, 0x20,
    0x70, 0x65, 0x6E, 0x68, 0x6F, 0x72, 0x61, 0x20, 0x73, 0xA2, 0x20, 0x6D, 0x65, 0x20, 0x65, 0x73,
    0x74, 0x72, 0x61, 0x67, 0x61, 0x6D, 0x20, 0x6F, 0x20, 0x64, 0x69, 0x61, 0x2E, 0x0D, 0x0A, 0x23,
    0x50, 0x23, 0x54, 0x51, 0x75, 0x61, 0x6E, 0x64, 0x6F, 0x20, 0x75, 0x6D, 0x61, 0x20, 0x61, 0x6E,
    0x74, 0x69, 0x71, 0x75, 0xA0, 0x72, 0x69, 0x61, 0x20, 0x63, 0x68, 0x61, 0x6D, 0x61, 0x64, 0x61,
    0x20, 0x47, 0x6C, 0x6F, 0x72, 0x69, 0x61, 0x0D, 0x0A, 0x41, 0x6C, 0x6C, 0x65, 0x6E, 0x20, 0x6D,
    0x65, 0x20, 0x70, 0x72, 0x6F, 0x63, 0x75, 0x72, 0x6F, 0x75, 0x2C, 0x20, 0x76, 0x65, 0x73, 0x74,
    0x69, 0x20, 0x6D, 0x69, 0x6E, 0x68, 0x61, 0x20, 0x6D, 0x65, 0x6C, 0x68, 0x6F, 0x72, 0x0D, 0x0A,
    0x63, 0x61, 0x6D, 0x69, 0x73, 0x61, 0x2C, 0x20, 0x70, 0x75, 0x73, 0x20, 0x6F, 0x20, 0x2E, 0x33,
    0x38, 0x20, 0x6E, 0x6F, 0x20, 0x63, 0x6F, 0x6C, 0x64, 0x72, 0x65, 0x20, 0x65, 0x20, 0x63, 0x6F,
    0x72, 0x72, 0x69, 0x20, 0x61, 0x74, 0x82, 0x0D, 0x0A, 0x61, 0x20, 0x6C, 0x6F, 0x6A, 0x61, 0x20,
    0x64, 0x65, 0x6C, 0x61, 0x20, 0x6F, 0x20, 0x6D, 0x61, 0x69, 0x73, 0x20, 0x64, 0x65, 0x70, 0x72,
    0x65, 0x73, 0x73, 0x61, 0x20, 0x71, 0x75, 0x65, 0x20, 0x70, 0x75, 0x64, 0x65, 0x2E, 0x0D, 0x0A,
    0x45, 0x73, 0x70, 0x65, 0x72, 0x61, 0x76, 0x61, 0x20, 0x61, 0x6C, 0x67, 0x6F, 0x20, 0x73, 0xA2,
    0x72, 0x64, 0x69, 0x64, 0x6F, 0x3B, 0x20, 0x63, 0x68, 0x61, 0x6E, 0x74, 0x61, 0x67, 0x65, 0x6D,
    0x2C, 0x0D, 0x0A, 0x70, 0x72, 0x6F, 0x76, 0x61, 0x76, 0x65, 0x6C, 0x6D, 0x65, 0x6E, 0x74, 0x65,
    0x2E, 0x0D, 0x0A, 0x23, 0x50, 0x4D, 0x61, 0x73, 0x20, 0x63, 0x6F, 0x6D, 0x6F, 0x20, 0x65, 0x75,
    0x20, 0x65, 0x73, 0x74, 0x61, 0x76, 0x61, 0x20, 0x65, 0x6E, 0x67, 0x61, 0x6E, 0x61, 0x64, 0x6F,
    0x21, 0x20, 0x4F, 0x20, 0x71, 0x75, 0x65, 0x20, 0x65, 0x6C, 0x61, 0x0D, 0x0A, 0x6D, 0x65, 0x20,
    0x70, 0x65, 0x64, 0x69, 0x61, 0x20, 0x65, 0x72, 0x61, 0x20, 0x76, 0x69, 0x73, 0x69, 0x74, 0x61,
    0x72, 0x20, 0x75, 0x6D, 0x61, 0x20, 0x70, 0x72, 0x6F, 0x70, 0x72, 0x69, 0x65, 0x64, 0x61, 0x64,
    0x65, 0x0D, 0x0A, 0x63, 0x68, 0x61, 0x6D, 0x61, 0x64, 0x61, 0x20, 0x44, 0x65, 0x72, 0x63, 0x65,
    0x74, 0x6F, 0x20, 0x65, 0x20, 0x65, 0x6E, 0x63, 0x6F, 0x6E, 0x74, 0x72, 0x61, 0x72, 0x20, 0x75,
    0x6D, 0x20, 0x70, 0x69, 0x61, 0x6E, 0x6F, 0x20, 0x6E, 0x6F, 0x0D, 0x0A, 0x73, 0xA2, 0x74, 0xC6,
    0x6F, 0x2E, 0x0D, 0x0A, 0x23, 0x50, 0x23, 0x54, 0x45, 0x72, 0x61, 0x20, 0x75, 0x6D, 0x20, 0x70,
    0x69, 0x61, 0x6E, 0x6F, 0x20, 0x61, 0x6E, 0x74, 0x69, 0x67, 0x6F, 0x2C, 0x20, 0x63, 0x6F, 0x6D,
    0x20, 0x67, 0x61, 0x76, 0x65, 0x74, 0x61, 0x73, 0x0D, 0x0A, 0x73, 0x65, 0x63, 0x72, 0x65, 0x74,
    0x61, 0x73, 0x2C, 0x20, 0x64, 0x65, 0x73, 0x73, 0x65, 0x73, 0x20, 0x71, 0x75, 0x65, 0x20, 0x66,
    0x61, 0x7A, 0x65, 0x6D, 0x20, 0x70, 0x65, 0x72, 0x64, 0x65, 0x72, 0x20, 0x61, 0x0D, 0x0A, 0x63,
    0x61, 0x62, 0x65, 0x87, 0x61, 0x20, 0x6F, 0x73, 0x20, 0x66, 0x72, 0x65, 0x67, 0x75, 0x65, 0x73,
    0x65, 0x73, 0x20, 0x64, 0x6F, 0x73, 0x20, 0x61, 0x6E, 0x74, 0x69, 0x71, 0x75, 0xA0, 0x72, 0x69,
    0x6F, 0x73, 0x2E, 0x0D, 0x0A, 0x44, 0x69, 0x7A, 0x65, 0x6D, 0x20, 0x71, 0x75, 0x65, 0x20, 0x61,
    0x20, 0x63, 0x61, 0x73, 0x61, 0x20, 0x64, 0x65, 0x20, 0x44, 0x65, 0x72, 0x63, 0x65, 0x74, 0x6F,
    0x20, 0x65, 0x73, 0x74, 0xA0, 0x0D, 0x0A, 0x61, 0x62, 0x61, 0x72, 0x72, 0x6F, 0x74, 0x61, 0x64,
    0x61, 0x20, 0x64, 0x65, 0x20, 0x76, 0x65, 0x6C, 0x68, 0x61, 0x72, 0x69, 0x61, 0x73, 0x20, 0x66,
    0x69, 0x6E, 0x61, 0x73, 0x3A, 0x20, 0x6D, 0xA2, 0x76, 0x65, 0x69, 0x73, 0x2C, 0x0D, 0x0A, 0x6C,
    0x69, 0x76, 0x72, 0x6F, 0x73, 0x2C, 0x20, 0x71, 0x75, 0x61, 0x64, 0x72, 0x6F, 0x73, 0x2E, 0x20,
    0x54, 0x75, 0x64, 0x6F, 0x20, 0x69, 0x6E, 0x64, 0x69, 0x63, 0x61, 0x76, 0x61, 0x20, 0x71, 0x75,
    0x65, 0x20, 0x6F, 0x0D, 0x0A, 0x64, 0x6F, 0x6E, 0x6F, 0x20, 0x64, 0x65, 0x20, 0x44, 0x65, 0x72,
    0x63, 0x65, 0x74, 0x6F, 0x20, 0x65, 0x73, 0x74, 0x61, 0x76, 0x61, 0x20, 0x70, 0x72, 0x65, 0x73,
    0x74, 0x65, 0x73, 0x20, 0x61, 0x20, 0x73, 0x65, 0x72, 0x0D, 0x0A, 0x64, 0x65, 0x70, 0x65, 0x6E,
    0x61, 0x64, 0x6F, 0x2E, 0x0D, 0x0A, 0x23, 0x50, 0x23, 0x54, 0x45, 0x75, 0x20, 0x69, 0x61, 0x20,
    0x74, 0x6F, 0x63, 0x61, 0x72, 0x20, 0x6E, 0x6F, 0x20, 0x61, 0x73, 0x73, 0x75, 0x6E, 0x74, 0x6F,
    0x20, 0x64, 0x6F, 0x20, 0x64, 0x69, 0x6E, 0x68, 0x65, 0x69, 0x72, 0x6F, 0x0D, 0x0A, 0x71, 0x75,
    0x61, 0x6E, 0x64, 0x6F, 0x20, 0x47, 0x6C, 0x6F, 0x72, 0x69, 0x61, 0x20, 0x41, 0x6C, 0x6C, 0x65,
    0x6E, 0x20, 0x6D, 0x65, 0x20, 0x65, 0x73, 0x74, 0x65, 0x6E, 0x64, 0x65, 0x75, 0x20, 0x31, 0x35,
    0x30, 0x0D, 0x0A, 0x64, 0xA2, 0x6C, 0x61, 0x72, 0x65, 0x73, 0x20, 0x65, 0x20, 0x75, 0x6D, 0x61,
    0x20, 0x63, 0x68, 0x61, 0x76, 0x65, 0x2E, 0x20, 0x43, 0x6F, 0x6E, 0x74, 0x69, 0x76, 0x65, 0x20,
    0x6F, 0x20, 0x73, 0x6F, 0x72, 0x72, 0x69, 0x73, 0x6F, 0x0D, 0x0A, 0x61, 0x6F, 0x20, 0x69, 0x6D,
    0x61, 0x67, 0x69, 0x6E, 0x61, 0x72, 0x20, 0x61, 0x20, 0x73, 0x75, 0x72, 0x70, 0x72, 0x65, 0x73,
    0x61, 0x20, 0x64, 0x6F, 0x20, 0x6D, 0x65, 0x75, 0x20, 0x62, 0x61, 0x6E, 0x71, 0x75, 0x65, 0x69,
    0x72, 0x6F, 0x2E, 0x0D, 0x0A, 0x45, 0x6C, 0x65, 0x20, 0x6E, 0xC6, 0x6F, 0x20, 0x67, 0x6F, 0x73,
    0x74, 0x61, 0x20, 0x64, 0x65, 0x20, 0x76, 0x65, 0x72, 0x20, 0x73, 0x75, 0x61, 0x73, 0x20, 0x76,
    0xA1, 0x74, 0x69, 0x6D, 0x61, 0x73, 0x0D, 0x0A, 0x65, 0x73, 0x63, 0x61, 0x70, 0x61, 0x72, 0x65,
    0x6D, 0x2E, 0x0D, 0x0A, 0x23, 0x50, 0x23, 0x54, 0x45, 0x78, 0x61, 0x6D, 0x69, 0x6E, 0x65, 0x69,
    0x20, 0x75, 0x6D, 0x61, 0x20, 0x63, 0xA2, 0x70, 0x69, 0x61, 0x20, 0x64, 0x6F, 0x20, 0x72, 0x65,
    0x6C, 0x61, 0x74, 0xA2, 0x72, 0x69, 0x6F, 0x20, 0x64, 0x61, 0x0D, 0x0A, 0x70, 0x6F, 0x6C, 0xA1,
    0x63, 0x69, 0x61, 0x2E, 0x20, 0x4F, 0x20, 0x61, 0x6E, 0x74, 0x69, 0x67, 0x6F, 0x20, 0x64, 0x6F,
    0x6E, 0x6F, 0x20, 0x64, 0x65, 0x20, 0x44, 0x65, 0x72, 0x63, 0x65, 0x74, 0x6F, 0x2C, 0x20, 0x75,
    0x6D, 0x0D, 0x0A, 0x73, 0x75, 0x6A, 0x65, 0x69, 0x74, 0x6F, 0x20, 0x63, 0x68, 0x61, 0x6D, 0x61,
    0x64, 0x6F, 0x20, 0x4A, 0x2E, 0x20, 0x48, 0x61, 0x72, 0x74, 0x77, 0x6F, 0x6F, 0x64, 0x2C, 0x20,
    0x74, 0x69, 0x6E, 0x68, 0x61, 0x20, 0x73, 0x65, 0x0D, 0x0A, 0x65, 0x6E, 0x66, 0x6F, 0x72, 0x63,
    0x61, 0x64, 0x6F, 0x20, 0x6E, 0x6F, 0x20, 0x73, 0xA2, 0x74, 0xC6, 0x6F, 0x2E, 0x20, 0x4F, 0x20,
    0x6C, 0x65, 0x67, 0x69, 0x73, 0x74, 0x61, 0x20, 0x63, 0x6F, 0x6E, 0x63, 0x6C, 0x75, 0xA1, 0x72,
    0x61, 0x0D, 0x0A, 0x71, 0x75, 0x65, 0x20, 0x65, 0x72, 0x61, 0x20, 0x75, 0x6D, 0x20, 0x63, 0x61,
    0x73, 0x6F, 0x20, 0x63, 0x6C, 0x61, 0x72, 0x6F, 0x20, 0x64, 0x65, 0x20, 0x73, 0x75, 0x69, 0x63,
    0xA1, 0x64, 0x69, 0x6F, 0x2E, 0x0D, 0x0A, 0x50, 0x72, 0x6F, 0x6D, 0x65, 0x74, 0x69, 0x20, 0x61,
    0x20, 0x47, 0x6C, 0x6F, 0x72, 0x69, 0x61, 0x20, 0x41, 0x6C, 0x6C, 0x65, 0x6E, 0x20, 0x64, 0x61,
    0x72, 0x20, 0x75, 0x6D, 0x61, 0x20, 0x6F, 0x6C, 0x68, 0x61, 0x64, 0x61, 0x20, 0x6E, 0x6F, 0x0D,
    0x0A, 0x6C, 0x75, 0x67, 0x61, 0x72, 0x2E, 0x0D, 0x0A, 0x23, 0x50, 0x23, 0x54, 0x4D, 0x65, 0x75,
    0x20, 0x72, 0x65, 0x6C, 0x61, 0x74, 0xA2, 0x72, 0x69, 0x6F, 0x20, 0x65, 0x73, 0x74, 0x61, 0x72,
    0xA0, 0x20, 0x70, 0x72, 0x6F, 0x6E, 0x74, 0x6F, 0x20, 0x65, 0x6D, 0x20, 0x75, 0x6D, 0x20, 0x6F,
    0x75, 0x0D, 0x0A, 0x64, 0x6F, 0x69, 0x73, 0x20, 0x64, 0x69, 0x61, 0x73, 0x2E, 0x20, 0x41, 0x6E,
    0x64, 0x65, 0x69, 0x20, 0x6C, 0x65, 0x6E, 0x64, 0x6F, 0x20, 0x73, 0x6F, 0x62, 0x72, 0x65, 0x20,
    0x61, 0x20, 0x68, 0x69, 0x73, 0x74, 0xA2, 0x72, 0x69, 0x61, 0x0D, 0x0A, 0x64, 0x61, 0x20, 0x76,
    0x65, 0x6C, 0x68, 0x61, 0x20, 0x63, 0x61, 0x73, 0x61, 0x3B, 0x20, 0x82, 0x20, 0x6F, 0x20, 0x74,
    0x69, 0x70, 0x6F, 0x20, 0x64, 0x65, 0x20, 0x6C, 0x75, 0x67, 0x61, 0x72, 0x20, 0x64, 0x65, 0x20,
    0x6F, 0x6E, 0x64, 0x65, 0x0D, 0x0A, 0x6F, 0x73, 0x20, 0x66, 0x61, 0x6E, 0x74, 0x61, 0x73, 0x6D,
    0x61, 0x73, 0x20, 0x66, 0x6F, 0x67, 0x65, 0x6D, 0x20, 0x61, 0x70, 0x61, 0x76, 0x6F, 0x72, 0x61,
    0x64, 0x6F, 0x73, 0x2E, 0x0D, 0x0A, 0x41, 0x73, 0x73, 0x61, 0x73, 0x73, 0x69, 0x6E, 0x61, 0x74,
    0x6F, 0x73, 0x20, 0x68, 0x6F, 0x72, 0x72, 0x65, 0x6E, 0x64, 0x6F, 0x73, 0x2C, 0x20, 0x6D, 0x61,
    0x6C, 0x64, 0x69, 0x87, 0xE4, 0x65, 0x73, 0x2C, 0x0D, 0x0A, 0x6C, 0x6F, 0x75, 0x63, 0x75, 0x72,
    0x61, 0x2E, 0x2E, 0x2E, 0x20, 0x50, 0x6F, 0x72, 0x20, 0x73, 0x6F, 0x72, 0x74, 0x65, 0x2C, 0x20,
    0x6F, 0x20, 0x63, 0x75, 0x6C, 0x74, 0x6F, 0x20, 0x61, 0x6F, 0x20, 0x64, 0x65, 0x6D, 0x93, 0x6E,
    0x69, 0x6F, 0x0D, 0x0A, 0x73, 0xA2, 0x20, 0x6D, 0x65, 0x20, 0x66, 0x61, 0x7A, 0x20, 0x73, 0x6F,
    0x72, 0x72, 0x69, 0x72, 0x3A, 0x20, 0x70, 0x61, 0x72, 0x61, 0x20, 0x6D, 0x69, 0x6D, 0x2C, 0x20,
    0x69, 0x73, 0x74, 0x6F, 0x20, 0x73, 0xC6, 0x6F, 0x0D, 0x0A, 0x66, 0x82, 0x72, 0x69, 0x61, 0x73,
    0x20, 0x72, 0x65, 0x6D, 0x75, 0x6E, 0x65, 0x72, 0x61, 0x64, 0x61, 0x73, 0x2E, 0x0D, 0x0A, 0x1A,
    0x0D, 0x0A, 0x00, 0x00, 0x00, 0x00, 0x12, 0x06, 0x00, 0x00, 0x12, 0x06, 0x00, 0x00, 0x00, 0x00,
    0x00, 0x00, 0x23, 0x54, 0x41, 0x20, 0x63, 0x61, 0x72, 0x74, 0x61, 0x20, 0x64, 0x6F, 0x20, 0x61,
    0x64, 0x76, 0x6F, 0x67, 0x61, 0x64, 0x6F, 0x20, 0x66, 0x6F, 0x69, 0x20, 0x70, 0x61, 0x72, 0x61,
    0x20, 0x6D, 0x69, 0x6D, 0x20, 0x75, 0x6D, 0x0D, 0x0A, 0x63, 0x68, 0x6F, 0x71, 0x75, 0x65, 0x20,
    0x70, 0x72, 0x6F, 0x66, 0x75, 0x6E, 0x64, 0x6F, 0x2E, 0x20, 0x4D, 0x65, 0x75, 0x20, 0x74, 0x69,
    0x6F, 0x20, 0x4A, 0x65, 0x72, 0x65, 0x6D, 0x79, 0x20, 0x6D, 0x6F, 0x72, 0x72, 0x65, 0x72, 0x61,
    0x0D, 0x0A, 0x70, 0x6F, 0x72, 0x20, 0x73, 0x75, 0x61, 0x73, 0x20, 0x70, 0x72, 0xA2, 0x70, 0x72,
    0x69, 0x61, 0x73, 0x20, 0x6D, 0xC6, 0x6F, 0x73, 0x21, 0x20, 0x4F, 0x20, 0x72, 0x65, 0x6C, 0x61,
    0x74, 0xA2, 0x72, 0x69, 0x6F, 0x20, 0x64, 0x6F, 0x0D, 0x0A, 0x6C, 0x65, 0x67, 0x69, 0x73, 0x74,
    0x61, 0x20, 0x65, 0x72, 0x61, 0x20, 0x69, 0x6E, 0x65, 0x71, 0x75, 0xA1, 0x76, 0x6F, 0x63, 0x6F,
    0x3A, 0x20, 0x65, 0x6C, 0x65, 0x20, 0x73, 0x65, 0x20, 0x65, 0x6E, 0x66, 0x6F, 0x72, 0x63, 0x61,
    0x72, 0x61, 0x0D, 0x0A, 0x6E, 0x6F, 0x20, 0x73, 0xA2, 0x74, 0xC6, 0x6F, 0x2E, 0x0D, 0x0A, 0x23,
    0x50, 0x50, 0x61, 0x73, 0x73, 0x61, 0x64, 0x6F, 0x73, 0x20, 0x61, 0x20, 0x73, 0x75, 0x72, 0x70,
    0x72, 0x65, 0x73, 0x61, 0x20, 0x65, 0x20, 0x6F, 0x20, 0x64, 0x65, 0x73, 0x67, 0x6F, 0x73, 0x74,
    0x6F, 0x0D, 0x0A, 0x69, 0x6E, 0x69, 0x63, 0x69, 0x61, 0x69, 0x73, 0x2C, 0x20, 0x72, 0x65, 0x66,
    0x6C, 0x65, 0x74, 0x69, 0x20, 0x73, 0x6F, 0x62, 0x72, 0x65, 0x20, 0x61, 0x20, 0x6E, 0x6F, 0x74,
    0xA1, 0x63, 0x69, 0x61, 0x3B, 0x0D, 0x0A, 0x70, 0x61, 0x72, 0x65, 0x63, 0x69, 0x61, 0x2D, 0x6D,
    0x65, 0x20, 0x63, 0x6C, 0x61, 0x72, 0x6F, 0x20, 0x71, 0x75, 0x65, 0x20, 0x44, 0x65, 0x72, 0x63,
    0x65, 0x74, 0x6F, 0x20, 0x65, 0x78, 0x65, 0x72, 0x63, 0x65, 0x72, 0x61, 0x0D, 0x0A, 0x75, 0x6D,
    0x61, 0x20, 0x69, 0x6E, 0x66, 0x6C, 0x75, 0x88, 0x6E, 0x63, 0x69, 0x61, 0x20, 0x70, 0x72, 0x6F,
    0x66, 0x75, 0x6E, 0x64, 0x61, 0x6D, 0x65, 0x6E, 0x74, 0x65, 0x20, 0x6D, 0xA2, 0x72, 0x62, 0x69,
    0x64, 0x61, 0x0D, 0x0A, 0x73, 0x6F, 0x62, 0x72, 0x65, 0x20, 0x6F, 0x20, 0x65, 0x73, 0x70, 0xA1,
    0x72, 0x69, 0x74, 0x6F, 0x20, 0x64, 0x65, 0x20, 0x6D, 0x65, 0x75, 0x20, 0x74, 0x69, 0x6F, 0x2E,
    0x0D, 0x0A, 0x23, 0x50, 0x23, 0x54, 0x41, 0x71, 0x75, 0x65, 0x6C, 0x61, 0x20, 0x76, 0x65, 0x6C,
    0x68, 0x61, 0x20, 0x6D, 0x61, 0x6E, 0x73, 0xC6, 0x6F, 0x20, 0x72, 0x61, 0x6E, 0x67, 0x65, 0x6E,
    0x74, 0x65, 0x2C, 0x20, 0x63, 0x6F, 0x6D, 0x0D, 0x0A, 0x73, 0x75, 0x61, 0x73, 0x20, 0x68, 0x69,
    0x73, 0x74, 0xA2, 0x72, 0x69, 0x61, 0x73, 0x20, 0x69, 0x6E, 0x73, 0xA2, 0x6C, 0x69, 0x74, 0x61,
    0x73, 0x2C, 0x20, 0x61, 0x20, 0x70, 0x6F, 0x72, 0x74, 0x61, 0x0D, 0x0A, 0x73, 0x65, 0x63, 0x72,
    0x65, 0x74, 0x61, 0x20, 0x64, 0x61, 0x20, 0x62, 0x69, 0x62, 0x6C, 0x69, 0x6F, 0x74, 0x65, 0x63,
    0x61, 0x2C, 0x20, 0x6F, 0x20, 0x61, 0x6E, 0x74, 0x69, 0x67, 0x6F, 0x20, 0x72, 0x65, 0x6C, 0xA2,
    0x67, 0x69, 0x6F, 0x0D, 0x0A, 0x64, 0x6F, 0x20, 0x61, 0x6E, 0x64, 0x61, 0x72, 0x20, 0x64, 0x65,
    0x20, 0x63, 0x69, 0x6D, 0x61, 0x2C, 0x20, 0x74, 0x6F, 0x64, 0x6F, 0x73, 0x20, 0x61, 0x71, 0x75,
    0x65, 0x6C, 0x65, 0x73, 0x20, 0x6C, 0x69, 0x76, 0x72, 0x6F, 0x73, 0x0D, 0x0A, 0x6F, 0x63, 0x75,
    0x6C, 0x74, 0x69, 0x73, 0x74, 0x61, 0x73, 0x20, 0x71, 0x75, 0x65, 0x20, 0x6D, 0x65, 0x75, 0x20,
    0x74, 0x69, 0x6F, 0x20, 0x6E, 0xC6, 0x6F, 0x20, 0x72, 0x65, 0x73, 0x69, 0x73, 0x74, 0x69, 0x61,
    0x20, 0x61, 0x0D, 0x0A, 0x6C, 0x65, 0x72, 0x2C, 0x20, 0x61, 0x70, 0x65, 0x73, 0x61, 0x72, 0x20,
    0x64, 0x65, 0x20, 0x73, 0x65, 0x75, 0x73, 0x20, 0x6E, 0x65, 0x72, 0x76, 0x6F, 0x73, 0x20, 0x66,
    0x72, 0xA0, 0x67, 0x65, 0x69, 0x73, 0x2E, 0x2E, 0x2E, 0x0D, 0x0A, 0x23, 0x50, 0x4F, 0x20, 0x64,
    0x65, 0x73, 0x74, 0x69, 0x6E, 0x6F, 0x20, 0x61, 0x70, 0x6F, 0x6E, 0x74, 0x61, 0x72, 0x61, 0x20,
    0x73, 0x65, 0x75, 0x20, 0x64, 0x65, 0x64, 0x6F, 0x2E, 0x20, 0x44, 0x65, 0x72, 0x63, 0x65, 0x74,
    0x6F, 0x0D, 0x0A, 0x61, 0x70, 0x61, 0x6E, 0x68, 0x61, 0x72, 0x61, 0x20, 0x73, 0x75, 0x61, 0x20,
    0x70, 0x72, 0x65, 0x73, 0x61, 0x2E, 0x20, 0x4F, 0x20, 0x64, 0x72, 0x2E, 0x20, 0x4D, 0x61, 0x63,
    0x43, 0x61, 0x72, 0x66, 0x65, 0x79, 0x2C, 0x0D, 0x0A, 0x61, 0x64, 0x76, 0x6F, 0x67, 0x61, 0x64,
    0x6F, 0x20, 0x64, 0x61, 0x20, 0x66, 0x61, 0x6D, 0xA1, 0x6C, 0x69, 0x61, 0x2C, 0x20, 0x73, 0x75,
    0x67, 0x65, 0x72, 0x69, 0x75, 0x20, 0x76, 0x65, 0x6E, 0x64, 0x65, 0x72, 0x20, 0x61, 0x0D, 0x0A,
    0x76, 0x65, 0x6C, 0x68, 0x61, 0x20, 0x63, 0x61, 0x73, 0x61, 0x3B, 0x20, 0x6F, 0x70, 0x75, 0x73,
    0x2D, 0x6D, 0x65, 0x20, 0x64, 0x65, 0x20, 0x69, 0x6D, 0x65, 0x64, 0x69, 0x61, 0x74, 0x6F, 0x20,
    0x85, 0x20, 0x69, 0x64, 0x65, 0x69, 0x61, 0x2E, 0x0D, 0x0A, 0x23, 0x50, 0x23, 0x54, 0x4D, 0x65,
    0x75, 0x20, 0x64, 0x65, 0x76, 0x65, 0x72, 0x20, 0x82, 0x20, 0x63, 0x6C, 0x61, 0x72, 0x6F, 0x3A,
    0x20, 0x70, 0x72, 0x65, 0x63, 0x69, 0x73, 0x6F, 0x20, 0x69, 0x72, 0x20, 0x61, 0x0D, 0x0A, 0x44,
    0x65, 0x72, 0x63, 0x65, 0x74, 0x6F, 0x2E, 0x20, 0x45, 0x73, 0x74, 0x72, 0x65, 0x6D, 0x65, 0x87,
    0x6F, 0x20, 0x73, 0xA2, 0x20, 0x64, 0x65, 0x20, 0x70, 0x65, 0x6E, 0x73, 0x61, 0x72, 0x20, 0x6E,
    0x61, 0x71, 0x75, 0x65, 0x6C, 0x65, 0x73, 0x0D, 0x0A, 0x63, 0x6F, 0x72, 0x72, 0x65, 0x64, 0x6F,
    0x72, 0x65, 0x73, 0x20, 0x65, 0x73, 0x63, 0x75, 0x72, 0x6F, 0x73, 0x2C, 0x20, 0x6E, 0x61, 0x71,
    0x75, 0x65, 0x6C, 0x65, 0x73, 0x20, 0x72, 0x65, 0x74, 0x72, 0x61, 0x74, 0x6F, 0x73, 0x0D, 0x0A,
    0x73, 0x6F, 0x6D, 0x62, 0x72, 0x69, 0x6F, 0x73, 0x2E, 0x20, 0x41, 0x69, 0x6E, 0x64, 0x61, 0x20,
    0x61, 0x73, 0x73, 0x69, 0x6D, 0x2C, 0x20, 0x65, 0x73, 0x74, 0x6F, 0x75, 0x20, 0x63, 0x6F, 0x6E,
    0x76, 0x65, 0x6E, 0x63, 0x69, 0x64, 0x61, 0x0D, 0x0A, 0x64, 0x65, 0x20, 0x71, 0x75, 0x65, 0x20,
    0x74, 0x69, 0x6F, 0x20, 0x4A, 0x65, 0x72, 0x65, 0x6D, 0x79, 0x20, 0x64, 0x65, 0x69, 0x78, 0x6F,
    0x75, 0x20, 0x75, 0x6D, 0x20, 0x62, 0x69, 0x6C, 0x68, 0x65, 0x74, 0x65, 0x2C, 0x20, 0x75, 0x6D,
    0x61, 0x0D, 0x0A, 0x63, 0x61, 0x72, 0x74, 0x61, 0x20, 0x71, 0x75, 0x61, 0x6C, 0x71, 0x75, 0x65,
    0x72, 0x2C, 0x20, 0x71, 0x75, 0x65, 0x20, 0x65, 0x78, 0x70, 0x6C, 0x69, 0x71, 0x75, 0x65, 0x20,
    0x73, 0x75, 0x61, 0x20, 0x64, 0x65, 0x63, 0x69, 0x73, 0xC6, 0x6F, 0x0D, 0x0A, 0x66, 0x61, 0x74,
    0x61, 0x6C, 0x2E, 0x0D, 0x0A, 0x23, 0x50, 0x23, 0x54, 0x4C, 0x65, 0x6D, 0x62, 0x72, 0x6F, 0x2D,
    0x6D, 0x65, 0x20, 0x64, 0x65, 0x20, 0x73, 0x75, 0x61, 0x20, 0x76, 0x6F, 0x7A, 0x20, 0x64, 0x69,
    0x7A, 0x65, 0x6E, 0x64, 0x6F, 0x3A, 0x20, 0x22, 0x4F, 0x6C, 0x68, 0x61, 0x0D, 0x0A, 0x6F, 0x20,
    0x70, 0x69, 0x61, 0x6E, 0x6F, 0x2C, 0x20, 0x45, 0x6D, 0x69, 0x6C, 0x79, 0x2E, 0x2E, 0x2E, 0x20,
    0x50, 0x72, 0x6F, 0x63, 0x75, 0x72, 0x61, 0x20, 0x6D, 0x65, 0x6C, 0x68, 0x6F, 0x72, 0x2E, 0x22,
    0x0D, 0x0A, 0x54, 0x61, 0x6C, 0x76, 0x65, 0x7A, 0x20, 0x61, 0x20, 0x67, 0x61, 0x76, 0x65, 0x74,
    0x61, 0x20, 0x73, 0x65, 0x63, 0x72, 0x65, 0x74, 0x61, 0x20, 0x6D, 0x65, 0x20, 0x72, 0x65, 0x76,
    0x65, 0x6C, 0x65, 0x20, 0x75, 0x6D, 0x61, 0x0D, 0x0A, 0x65, 0x78, 0x70, 0x6C, 0x69, 0x63, 0x61,
    0x87, 0xC6, 0x6F, 0x2E, 0x20, 0x50, 0x72, 0x65, 0x73, 0x73, 0x69, 0x6E, 0x74, 0x6F, 0x20, 0x71,
    0x75, 0x65, 0x20, 0x61, 0x73, 0x20, 0x63, 0x6F, 0x69, 0x73, 0x61, 0x73, 0x20, 0x6E, 0xC6, 0x6F,
    0x0D, 0x0A, 0x73, 0x65, 0x72, 0xC6, 0x6F, 0x20, 0x74, 0xC6, 0x6F, 0x20, 0x73, 0x69, 0x6D, 0x70,
    0x6C, 0x65, 0x73, 0x2E, 0x20, 0x41, 0x20, 0x76, 0x69, 0x64, 0x61, 0x20, 0x82, 0x20, 0x75, 0x6D,
    0x20, 0x6D, 0x69, 0x73, 0x74, 0x82, 0x72, 0x69, 0x6F, 0x0D, 0x0A, 0x71, 0x75, 0x65, 0x20, 0x65,
    0x6E, 0x63, 0x65, 0x72, 0x72, 0x61, 0x20, 0x6F, 0x75, 0x74, 0x72, 0x6F, 0x73, 0x20, 0x6D, 0x69,
    0x73, 0x74, 0x82, 0x72, 0x69, 0x6F, 0x73, 0x2E, 0x20, 0x49, 0x73, 0x73, 0x6F, 0x2C, 0x20, 0x61,
    0x6F, 0x0D, 0x0A, 0x6D, 0x65, 0x6E, 0x6F, 0x73, 0x2C, 0x20, 0x4A, 0x65, 0x72, 0x65, 0x6D, 0x79,
    0x20, 0x6D, 0x65, 0x20, 0x65, 0x6E, 0x73, 0x69, 0x6E, 0x6F, 0x75, 0x2E, 0x0D, 0x0A, 0x23, 0x50,
    0x43, 0x68, 0x65, 0x67, 0x6F, 0x75, 0x20, 0x61, 0x20, 0x68, 0x6F, 0x72, 0x61, 0x20, 0x64, 0x65,
    0x20, 0x65, 0x6E, 0x66, 0x72, 0x65, 0x6E, 0x74, 0x61, 0x72, 0x20, 0x65, 0x73, 0x73, 0x65, 0x73,
    0x0D, 0x0A, 0x6D, 0x69, 0x73, 0x74, 0x82, 0x72, 0x69, 0x6F, 0x73, 0x2E, 0x20, 0x44, 0x65, 0x72,
    0x63, 0x65, 0x74, 0x6F, 0x20, 0x6D, 0x65, 0x20, 0x65, 0x73, 0x70, 0x65, 0x72, 0x61, 0x2E, 0x20,
    0x52, 0x65, 0x7A, 0x6F, 0x20, 0x70, 0x61, 0x72, 0x61, 0x0D, 0x0A, 0x71, 0x75, 0x65, 0x20, 0x6D,
    0x65, 0x75, 0x20, 0x6D, 0x65, 0x64, 0x6F, 0x20, 0x6E, 0xC6, 0x6F, 0x20, 0x70, 0x61, 0x73, 0x73,
    0x65, 0x20, 0x64, 0x65, 0x20, 0x66, 0x72, 0x75, 0x74, 0x6F, 0x20, 0x64, 0x61, 0x0D, 0x0A, 0x69,
    0x6D, 0x61, 0x67, 0x69, 0x6E, 0x61, 0x87, 0xC6, 0x6F, 0x2E, 0x20, 0x4E, 0x61, 0x64, 0x61, 0x20,
    0x6A, 0x61, 0x6D, 0x61, 0x69, 0x73, 0x20, 0x6D, 0x65, 0x20, 0x63, 0x6F, 0x6E, 0x76, 0x65, 0x6E,
    0x63, 0x65, 0x72, 0xA0, 0x20, 0x64, 0x65, 0x0D, 0x0A, 0x71, 0x75, 0x65, 0x20, 0x6D, 0x65, 0x75,
    0x20, 0x74, 0x69, 0x6F, 0x20, 0x65, 0x72, 0x61, 0x20, 0x6C, 0x6F, 0x75, 0x63, 0x6F, 0x2E, 0x20,
    0x4D, 0x61, 0x73, 0x20, 0x70, 0x6F, 0x72, 0x20, 0x71, 0x75, 0x65, 0x20, 0x65, 0x6C, 0x65, 0x0D,
    0x0A, 0x74, 0x65, 0x72, 0x69, 0x61, 0x2C, 0x20, 0x73, 0x65, 0x67, 0x75, 0x6E, 0x64, 0x6F, 0x20,
    0x6F, 0x20, 0x72, 0x65, 0x6C, 0x61, 0x74, 0xA2, 0x72, 0x69, 0x6F, 0x20, 0x64, 0x61, 0x20, 0x70,
    0x6F, 0x6C, 0xA1, 0x63, 0x69, 0x61, 0x2C, 0x0D, 0x0A, 0x62, 0x6C, 0x6F, 0x71, 0x75, 0x65, 0x61,
    0x64, 0x6F, 0x20, 0x61, 0x20, 0x6A, 0x61, 0x6E, 0x65, 0x6C, 0x61, 0x20, 0x64, 0x6F, 0x20, 0x73,
    0xA2, 0x74, 0xC6, 0x6F, 0x20, 0x63, 0x6F, 0x6D, 0x20, 0x6F, 0x20, 0x76, 0x65, 0x6C, 0x68, 0x6F,
    0x0D, 0x0A, 0x67, 0x75, 0x61, 0x72, 0x64, 0x61, 0x2D, 0x72, 0x6F, 0x75, 0x70, 0x61, 0x3F, 0x0D,
    0x0A, 0x1A, 0x0D, 0x0A
};

extern const unsigned long long embdata_PORTUGUE_PAK_size = 45716ULL;
